,SPY
2013-01-03,-0.0022335284516127878
2013-01-04,0.004354183771653336
2013-01-07,-0.002740063082948123
2013-01-08,-0.0028806766269260896
2013-01-09,0.0025416567462081597
2013-01-10,0.007917863118238938
2013-01-11,-6.795407481668061e-05
2013-01-14,-0.0006806343842117398
2013-01-15,0.0006806343842116992
2013-01-16,-0.0001359220044716149
2013-01-17,0.006439313384616273
2013-01-18,0.002227653712173759
2013-01-22,0.005378335165398707
2013-01-23,0.0016079586238617186
2013-01-24,0.00026843010261992667
2013-01-25,0.005605669580110222
2013-01-28,-0.0011980438316280186
2013-01-29,0.003923213216861725
2013-01-30,-0.003923213216861745
2013-01-31,-0.0024688108209830915
2013-02-01,0.010234641055822303
2013-02-04,-0.01133724201076553
2013-02-05,0.010080065121241313
2013-02-06,0.0007283755669496936
2013-02-07,-0.0013240453351211045
2013-02-08,0.005549085372815319
2013-02-11,-0.00019834915043154247
2013-02-12,0.001646568268975154
2013-02-13,0.0008607894724992672
2013-02-14,0.0009135244804490964
2013-02-15,-0.0011827964906019023
2013-02-19,0.007466451368036962
2013-02-20,-0.012541817999261287
2013-02-21,-0.006097405339739596
2013-02-22,0.009725409866062325
2013-02-25,-0.019210067690142944
2013-02-26,0.006821756959367124
2013-02-27,0.01251990186269809
2013-02-28,-0.0019765013428605645
2013-03-01,0.0032922723158397785
2013-03-04,0.005311198214479973
2013-03-05,0.008918815538994327
2013-03-06,0.0013601780077980908
2013-03-07,0.0017849218380087961
2013-03-08,0.004280542744592028
2013-03-11,0.0037887266267037584
2013-03-12,-0.0022459919847325135
2013-03-13,0.0014446005428373828
2013-03-14,0.005277511128266893
2013-03-15,-0.0013226811781725065
2013-03-18,-0.005534176172554866
2013-03-19,-0.0023260336869983514
2013-03-20,0.006961143408459924
2013-03-21,-0.008585668604143202
2013-03-22,0.008007157398000227
2013-03-25,-0.004185812896028237
2013-03-26,0.007970447308866879
2013-03-27,0.0
2013-03-28,0.0030688649190896734
2013-04-01,-0.003965071444901501
2013-04-02,0.004921967694681491
2013-04-03,-0.010191098791945071
2013-04-04,0.004050607659660792
2013-04-05,-0.004514444979810106
2013-04-08,0.0067573635867512975
2013-04-09,0.0034509781525308304
2013-04-10,0.012174412902453581
2013-04-11,0.0032717921421062416
2013-04-12,-0.002453033390284676
2013-04-15,-0.023458853833018416
2013-04-16,0.014667521824194235
2013-04-17,-0.014718997859933192
2013-04-18,-0.006273742168901242
2013-04-19,0.008656283358923225
2013-04-22,0.004428031734773144
2013-04-23,0.010256195165174495
2013-04-24,0.0006335453924571919
2013-04-25,0.00404552341755594
2013-04-26,-0.0017676119083689886
2013-04-29,0.006676308594368801
2013-04-30,0.00238226194839003
2013-05-01,-0.008806306667198852
2013-05-02,0.009244708185398198
2013-05-03,0.01007698754457491
2013-05-06,0.002549968651827398
2013-05-07,0.005055582291744665
2013-05-08,0.0045414348537223224
2013-05-09,-0.0028143904097406355
2013-05-10,0.003242970545371169
2013-05-13,0.0007950183280464154
2013-05-14,0.010281103416231023
2013-05-15,0.005341547657689096
2013-05-16,-0.004676378031637314
2013-05-17,0.009630520394475364
2013-05-20,-5.960468847838468e-05
2013-05-21,0.001436146345474894
2013-05-22,-0.007444980947991877
2013-05-23,-0.002897353633966923
2013-05-24,-0.0008579155111796513
2013-05-28,0.005982622725724765
2013-05-29,-0.006515569357082709
2013-05-30,0.0036854157745433627
2013-05-31,-0.014486351264707618
2013-06-03,0.005521565279123936
2013-06-04,-0.004818340408275659
2013-06-05,-0.014087722758020902
2013-06-06,0.008999994400570178
2013-06-07,0.01264017999677696
2013-06-10,0.0
2013-06-11,-0.010381126993407097
2013-06-12,-0.00829965640997458
2013-06-13,0.015094233698171892
2013-06-14,-0.0063224499240147935
2013-06-17,0.0077218607852227
2013-06-18,0.007845039187447049
2013-06-19,-0.01388351439133666
2013-06-20,-0.0250899985828344
2013-06-21,0.003205365225061427
2013-06-24,-0.012716285969224438
2013-06-25,0.009599541015221761
2013-06-26,0.00982116314036463
2013-06-27,0.005852192209617904
2013-06-28,-0.0041055800664956095
2013-07-01,0.005842766671064421
2013-07-02,-0.0009303686461077237
2013-07-03,0.00043422924424295367
2013-07-05,0.010731188312744305
2013-07-08,0.005658174093462593
2013-07-09,0.007201533955643294
2013-07-10,0.0003758433399004572
2013-07-11,0.013516682967140314
2013-07-12,0.000418075915687398
2013-07-15,0.003842770238564301
2013-07-16,-0.003753778384907507
2013-07-17,0.0025343994916540474
2013-07-18,0.005462147237090292
2013-07-19,0.0017755830252945272
2013-07-22,0.0019483533923118853
2013-07-23,-0.0021260588683474717
2013-07-24,-0.0036724168098662404
2013-07-25,0.002429763502355723
2013-07-26,0.001065638818954066
2013-07-29,-0.003080005069065224
2013-07-30,-1.1596883627558035e-05
2013-07-31,0.0007230983120116395
2013-08-01,0.01149186304776698
2013-08-02,0.0016983641413736172
2013-08-05,-0.0014635405121694017
2013-08-06,-0.005699276906201504
2013-08-07,-0.0032456802970163828
2013-08-08,0.0036581168853399098
2013-08-09,-0.002889912978961397
2013-08-12,-0.0011756491796178228
2013-08-13,0.002945901266421195
2013-08-14,-0.005142027102508138
2013-08-15,-0.014085089120388167
2013-08-16,-0.003311138289940941
2013-08-19,-0.006412815925724551
2013-08-20,0.004904053981826171
2013-08-21,-0.006178943436529098
2013-08-22,0.00907352328250972
2013-08-23,0.003366698606486644
2013-08-26,-0.0037280632144249064
2013-08-27,-0.016214750371036212
2013-08-28,0.0035443975042630162
2013-08-29,0.0015851582480654143
2013-08-30,-0.003172086532557495
2013-09-03,0.004511700357380793
2013-09-04,0.008238364879481456
2013-09-05,0.0012664790375413102
2013-09-06,0.0004821517458045581
2013-09-09,0.009553715963044477
2013-09-10,0.007346125499749576
2013-09-11,0.0031340582197208005
2013-09-12,-0.0026602128472147206
2013-09-13,0.002246802323600559
2013-09-16,0.005770817343378378
2013-09-17,0.004452803777883425
2013-09-18,0.011512881493625329
2013-09-19,-0.0016826793689486326
2013-09-20,-0.007016277591944061
2013-09-23,-0.004638464667925778
2013-09-24,-0.002356375283109802
2013-09-25,-0.002894848691703739
2013-09-26,0.003838351853890888
2013-09-27,-0.004613408735589179
2013-09-30,-0.005336606809414847
2013-10-01,0.007884765411805572
2013-10-02,-0.0009447358980619738
2013-10-03,-0.009263875403207816
2013-10-04,0.0075481383683885074
2013-10-07,-0.00868267466404039
2013-10-08,-0.011715025832091143
2013-10-09,0.0007250254939636109
2013-10-10,0.02132875236306356
2013-10-11,0.006422766792298218
2013-10-14,0.003985912046013744
2013-10-15,-0.007280272874250545
2013-10-16,0.013869275399616628
2013-10-17,0.0066610072378104745
2013-10-18,0.006720138017327849
2013-10-21,6.90307490422604e-05
2013-10-22,0.005774011232694617
2013-10-23,-0.004799721801443719
2013-10-24,0.0033164712272064226
2013-10-25,0.004557208232422481
2013-10-28,0.0015903705503285874
2013-10-29,0.005319648332190138
2013-10-30,-0.004979528348656313
2013-10-31,-0.0028404105914440936
2013-11-01,0.002386431505321152
2013-11-04,0.0035126151546684315
2013-11-05,-0.003171766590246294
2013-11-06,0.0050926588703569895
2013-11-07,-0.012723952479558997
2013-11-08,0.013401155499266777
2013-11-11,0.0001694005658739355
2013-11-12,-0.0020326417156015467
2013-11-13,0.007992056685094777
2013-11-14,0.0049769530676588925
2013-11-15,0.004341951735206378
2013-11-18,-0.0035052609676960067
2013-11-19,-0.002175902896086573
2013-11-20,-0.003132729146445144
2013-11-21,0.008036232566754493
2013-11-22,0.0049898785814795985
2013-11-25,-0.0009958511514272304
2013-11-26,0.0002766500324080538
2013-11-27,0.002432031399476266
2013-11-29,-0.0006628781443585939
2013-12-02,-0.002600006644506248
2013-12-03,-0.004329706587519874
2013-12-04,-0.00011162930422905585
2013-12-05,-0.004404743840976774
2013-12-06,0.011114818481620803
2013-12-09,0.0025391550400747746
2013-12-10,-0.0035901279927316285
2013-12-11,-0.011293936186500314
2013-12-12,-0.0033067726904451077
2013-12-13,-0.00011264455636613185
2013-12-16,0.006190254985817513
2013-12-17,-0.0031628262075873077
2013-12-18,0.0169284401941062
2013-12-19,-0.0011564515306384552
2013-12-20,0.0058015715489478726
2013-12-23,0.005328236513377812
2013-12-24,0.0021888270058319807
2013-12-26,0.005043757679499825
2013-12-27,-5.46011142053732e-05
2013-12-30,-0.00013552890174569878
2013-12-31,0.004721484066375191
2014-01-02,-0.009629988942175385
2014-01-03,-0.00019110198787706463
2014-01-06,-0.0028749001980387717
2014-01-07,0.006123291899817812
2014-01-08,0.00021750277896109653
2014-01-09,0.0006535418311610425
2014-01-10,0.0027195975317847445
2014-01-13,-0.013422230387202465
2014-01-14,0.010866610087316202
2014-01-15,0.0053752607308538225
2014-01-16,-0.0013002837682370143
2014-01-17,-0.0042659570400238695
2014-01-21,0.002963323666503918
2014-01-22,0.000651856912595745
2014-01-23,-0.008227543357403421
2014-01-24,-0.021566777682817662
2014-01-27,-0.004931330043178211
2014-01-28,0.005937513527122069
2014-01-29,-0.009652035627203579
2014-01-30,0.010545196927161828
2014-01-31,-0.005875856794726323
2014-02-03,-0.022762689918492604
2014-02-04,0.006951786419228925
2014-02-05,-0.0012261630331829973
2014-02-06,0.013100559644400205
2014-02-07,0.012319480283546626
2014-02-10,0.0018352373995326433
2014-02-11,0.010884097529750607
2014-02-12,0.0004943436293802294
2014-02-13,0.005149472978058459
2014-02-14,0.0055037043836326785
2014-02-18,0.0011948001674903696
2014-02-19,-0.006643654320325386
2014-02-20,0.005883850466825314
2014-02-21,-0.0011411181697266839
2014-02-24,0.005531070625773157
2014-02-25,-0.0003787803253539137
2014-02-26,5.4307198825262556e-05
2014-02-27,0.005233652902838154
2014-02-28,0.0025260894105307535
2014-03-03,-0.0070566322816984035
2014-03-04,0.01395743689394305
2014-03-05,0.0009061269880827371
2014-03-06,0.002287440445400008
2014-03-07,0.0004253820791946213
2014-03-10,-0.0005314344903956622
2014-03-11,-0.004955203974880627
2014-03-12,0.00026739539606281684
2014-03-13,-0.011276299520617138
2014-03-14,-0.0028123655276166538
2014-03-17,0.00900302550375906
2014-03-18,0.0071126755477962525
2014-03-19,-0.0053428789366670865
2014-03-20,0.005806158857194103
2014-03-21,-0.003871982376255957
2014-03-24,-0.004144152235202869
2014-03-25,0.0047344051915632936
2014-03-26,-0.007218098300692167
2014-03-27,-0.002110781241350115
2014-03-28,0.0049184598291543095
2014-03-31,0.008161009533682595
2014-04-01,0.0066088723899829374
2014-04-02,0.0033410440796985074
2014-04-03,-0.0013249923073686512
2014-04-04,-0.011892192755703145
2014-04-07,-0.011113210328644853
2014-04-08,0.004114612463109913
2014-04-09,0.010693316756634286
2014-04-10,-0.021256962216950955
2014-04-11,-0.009021870779192746
2014-04-14,0.007847650209879684
2014-04-15,0.006863276544893928
2014-04-16,0.0103966446479
2014-04-17,0.0014229236591990979
2014-04-21,0.003481202910733662
2014-04-22,0.00453418220502867
2014-04-23,-0.0023444939538071396
2014-04-24,0.0020252885546028485
2014-04-25,-0.008233174709431678
2014-04-28,0.0031358234993622896
2014-04-29,0.004670944100243007
2014-04-30,0.002978480757168757
2014-05-01,7.928779106450978e-05
2014-05-02,-0.001407653386700053
2014-05-05,0.0019120067208652763
2014-05-06,-0.008741589891806569
2014-05-07,0.005871886693908724
2014-05-08,-0.0010920598467006682
2014-05-09,0.001517531235683323
2014-05-12,0.00966261314476935
2014-05-13,0.0009220991789412788
2014-05-14,-0.0047495794816414805
2014-05-15,-0.008818526227535586
2014-05-16,0.003462472742466477
2014-05-19,0.0036623592371862025
2014-05-20,-0.006325179544973046
2014-05-21,0.008389484732030923
2014-05-22,0.0024291288514731047
2014-05-23,0.0040002677505962606
2014-05-27,0.006128064871810638
2014-05-28,-0.0007314753264551764
2014-05-29,0.005159829630460544
2014-05-30,0.001609892364853128
2014-06-02,0.001115521540747737
2014-06-03,-0.0004926497569112464
2014-06-04,0.002020878936868576
2014-06-05,0.006500936154239584
2014-06-06,0.004745813083953129
2014-06-09,0.0010484266861545627
2014-06-10,0.00010219667451064515
2014-06-11,-0.003482412789055041
2014-06-12,-0.007104693482852838
2014-06-13,0.003043342456634531
2014-06-16,0.0008240028962225598
2014-06-17,0.002775775865815804
2014-06-18,0.007287314605224497
2014-06-19,0.0011454670685915754
2014-06-20,0.0020271036297649287
2014-06-23,-0.00030646503831657817
2014-06-24,-0.0060426185022713205
2014-06-25,0.004510108391486638
2014-06-26,-0.0007165482176048593
2014-06-27,0.0019424993404604342
2014-06-30,-0.000510528279295976
2014-07-01,0.00667075775759319
2014-07-02,0.0010146202838201093
2014-07-03,0.004905963900678716
2014-07-07,-0.0034875868178906345
2014-07-08,-0.006450506213675358
2014-07-09,0.004474184976467772
2014-07-10,-0.003965009116031631
2014-07-11,0.0013742126592586601
2014-07-14,0.005022684334849233
2014-07-15,-0.0018739437236567334
2014-07-16,0.0036941377096143613
2014-07-17,-0.011430950316168857
2014-07-18,0.01016673951467411
2014-07-21,-0.0018722938817954617
2014-07-22,0.00434833087435453
2014-07-23,0.0022177738953063943
2014-07-24,5.007262039218225e-05
2014-07-25,-0.004692363095404003
2014-07-28,0.0004041915995902175
2014-07-29,-0.004306639131401153
2014-07-30,0.00015271601816889985
2014-07-31,-0.019945741596349226
2014-08-01,-0.003060712481584509
2014-08-04,0.007194929415426428
2014-08-05,-0.009743128698500856
2014-08-06,0.0003120169612770048
2014-08-07,-0.005429233275315569
2014-08-08,0.011502247946587262
2014-08-11,0.0028684579918747764
2014-08-12,-0.0013687985424454304
2014-08-13,0.006746607864901935
2014-08-14,0.004710748025015284
2014-08-15,-0.00020448745963135378
2014-08-18,0.008344420691961969
2014-08-19,0.005205419442777015
2014-08-20,0.002667591629644226
2014-08-21,0.0029116182626111697
2014-08-22,-0.0015552172788582273
2014-08-25,0.005057759615504318
2014-08-26,0.0006492688772616081
2014-08-27,-0.0003996843265065677
2014-08-28,-0.0005495275279172837
2014-08-29,0.0028443397450720956
2014-09-02,-0.0004986841709612226
2014-09-03,-0.0005485411214729793
2014-09-04,-0.0014468904403941239
2014-09-05,0.004485177492551366
2014-09-08,-0.0025895126141311617
2014-09-09,-0.006351145561301859
2014-09-10,0.0037555089465712405
2014-09-11,0.0011493958257647087
2014-09-12,-0.005858327013579084
2014-09-15,-0.0007489383366991903
2014-09-16,0.00750550803665135
2014-09-17,0.0013458530141610033
2014-09-18,0.005315494213175411
2014-09-19,-0.0009005969736532684
2014-09-22,-0.007752684449111223
2014-09-23,-0.005740653890928042
2014-09-24,0.0077971443606207015
2014-09-25,-0.016267154650159654
2014-09-26,0.00791383792202998
2014-09-29,-0.001820719415468039
2014-09-30,-0.0026355925247290315
2014-10-01,-0.013644607664457412
2014-10-02,0.00015465236694953206
2014-10-03,0.010948767246742618
2014-10-06,-0.0011709240522738242
2014-10-07,-0.01555670488605361
2014-10-08,0.01733805473836615
2014-10-09,-0.02003209397861718
2014-10-10,-0.01148015615860342
2014-10-13,-0.01656380666173556
2014-10-14,0.0015467110359226302
2014-10-15,-0.006789072418506553
2014-10-16,-0.0008590081481086194
2014-10-17,0.01174178797611487
2014-10-20,0.009663042820122815
2014-10-21,0.0196172466776633
2014-10-22,-0.007136705956901471
2014-10-23,0.011558417412309691
2014-10-24,0.007665451218327948
2014-10-27,-0.0013757559255574395
2014-10-28,0.011405007898027626
2014-10-29,-0.0015131331083724571
2014-10-30,0.006390085725542844
2014-10-31,0.011370914127769187
2014-11-03,0.0005452137230878357
2014-11-04,-0.003475650430219609
2014-11-05,0.006296311949801943
2014-11-06,0.003995382185519994
2014-11-07,0.0009349105223972666
2014-11-10,0.003142233792155427
2014-11-11,0.0009556455557262314
2014-11-12,-0.0010533072597549082
2014-11-13,0.0011269154515619678
2014-11-14,0.0002447374881413992
2014-11-17,0.0006363874891984535
2014-11-18,0.005756922208532995
2014-11-19,-0.0016064148526675692
2014-11-20,0.0017526411694870456
2014-11-21,0.00533653101179474
2014-11-24,0.002802089279075349
2014-11-25,-0.0007236875563225803
2014-11-26,0.002555607979354635
2014-11-28,-0.0021214477386180632
2014-12-01,-0.00697392295289176
2014-12-02,0.006418809183505367
2014-12-03,0.003879914506584927
2014-12-04,-0.0011068476413092561
2014-12-05,0.0016357269286252753
2014-12-08,-0.00670507623405345
2014-12-09,-0.0006780131126657916
2014-12-10,-0.01616044776681161
2014-12-11,0.005056490611039889
2014-12-12,-0.016293685068193762
2014-12-15,-0.006892989755738638
2014-12-16,-0.008052210310843928
2014-12-17,0.019415165040238214
2014-12-18,0.024428044830224826
2014-12-19,0.0042452716098943695
2014-12-22,0.004589899351105081
2014-12-23,0.001348489952964969
2014-12-24,9.64958586039496e-05
2014-12-26,0.003219559077389057
2014-12-29,0.0013422187180933492
2014-12-30,-0.005380289572086737
2014-12-31,-0.009972867966663489
2015-01-02,-0.0005351599329313906
2015-01-05,-0.018224469075469915
2015-01-06,-0.009463885296741754
2015-01-07,0.012384128613420961
2015-01-08,0.017589499376804752
2015-01-09,-0.0080458039921841
2015-01-12,-0.007864589310156567
2015-01-13,-0.00281671089682402
2015-01-14,-0.006055318155532993
2015-01-15,-0.009203547242034595
2015-01-16,0.013029776135263762
2015-01-20,0.0021058052580711175
2015-01-21,0.005059746716142728
2015-01-22,0.014761541067937516
2015-01-23,-0.005498064771813219
2015-01-26,0.002339477138844831
2015-01-27,-0.0132785010106377
2015-01-28,-0.012906999147016183
2015-01-29,0.009201603155032642
2015-01-30,-0.01265541553043599
2015-02-02,0.012308266015058763
2015-02-03,0.014357054162789137
2015-02-04,-0.003814988083297577
2015-02-05,0.01004483641390077
2015-02-06,-0.0027692251797261478
2015-02-09,-0.004486192953434265
2015-02-10,0.010597078074831727
2015-02-11,0.0005803191688826601
2015-02-12,0.009570684914170666
2015-02-13,0.004108180535641968
2015-02-17,0.0015713736420294062
2015-02-18,9.54120630364273e-05
2015-02-19,-0.000713835160374909
2015-02-20,0.00597785423912522
2015-02-23,-0.00014208921148382955
2015-02-24,0.002841315713476439
2015-02-25,-0.0008499778492149763
2015-02-26,-0.0011823169851816623
2015-02-27,-0.0034117552178841186
2015-03-02,0.006293306052663886
2015-03-03,-0.004112465359663339
2015-03-04,-0.004223676682921707
2015-03-05,0.0010929628499383676
2015-03-06,-0.01416419058407509
2015-03-09,0.004135666280948449
2015-03-10,-0.01635456861834861
2015-03-11,-0.0023448476410622785
2015-03-12,0.012634127916292728
2015-03-13,-0.006165120116669521
2015-03-16,0.013285971874383608
2015-03-17,-0.0029772140262872217
2015-03-18,0.011950174914817804
2015-03-19,-0.0045721060763510325
2015-03-20,0.008787249688995108
2015-03-23,-0.001950684060052004
2015-03-24,-0.005634596155954908
2015-03-25,-0.01476205970033781
2015-03-26,-0.0023842406682372677
2015-03-27,0.0022866610446219842
2015-03-30,0.012126519835191278
2015-03-31,-0.008778099353931859
2015-04-01,-0.003542460023452815
2015-04-02,0.0035664882256981013
2015-04-06,0.006734834647295178
2015-04-07,-0.002649862812655424
2015-04-08,0.0033474343491224808
2015-04-09,0.004437594644337901
2015-04-10,0.005442415058935669
2015-04-13,-0.004533192319528094
2015-04-14,0.0019112475110036999
2015-04-15,0.004476852502322345
2015-04-16,-0.0002851465605272842
2015-04-17,-0.011570163749181695
2015-04-20,0.009095294091581467
2015-04-21,-0.0011921224483137844
2015-04-22,0.004902414200032957
2015-04-23,0.002513256391415207
2015-04-24,0.0023172547449042424
2015-04-27,-0.004166303414994353
2015-04-28,0.003174250641509713
2015-04-29,-0.0041233340456871366
2015-04-30,-0.010070844233583127
2015-05-01,0.01078288133444698
2015-05-04,0.0028430892392889125
2015-05-05,-0.011517848943625574
2015-05-06,-0.004125322103955608
2015-05-07,0.003981714778152107
2015-05-08,0.013080533515536112
2015-05-11,-0.004808203164147821
2015-05-12,-0.0029719840142058574
2015-05-13,0.00019064720848165222
2015-05-14,0.010373250910818728
2015-05-15,0.0010835225551677615
2015-05-18,0.003101676102624005
2015-05-19,-0.000328140367202426
2015-05-20,-0.0007043132543982425
2015-05-21,0.002907770288200008
2015-05-22,-0.0023914102323454806
2015-05-26,-0.010809704672878378
2015-05-27,0.009446958150859955
2015-05-28,-0.0011288896359369167
2015-05-29,-0.006232335483390952
2015-06-01,0.0020345034318073585
2015-06-02,-0.0009929866254516845
2015-06-03,0.002646147835425192
2015-06-04,-0.008486593295736361
2015-06-05,-0.0017106122575921605
2015-06-08,-0.006168611359006391
2015-06-09,-0.00014389663034775202
2015-06-10,0.011921657877893593
2015-06-11,0.0032184239072202436
2015-06-12,-0.0076842162290833484
2015-06-15,-0.004294912987383145
2015-06-16,0.005436964780358316
2015-06-17,0.0016158642171613358
2015-06-18,0.010345876001107509
2015-06-19,-0.004449040377656207
2015-06-22,0.005110421567604584
2015-06-23,0.0007075041755644282
2015-06-24,-0.00728915708081126
2015-06-25,-0.0030452930847762127
2015-06-26,-0.00019042903719511202
2015-06-29,-0.021193477526424028
2015-06-30,0.002091260024292011
2015-07-01,0.007983494325995441
2015-07-02,-0.0009162909164719014
2015-07-06,-0.002849999516244704
2015-07-07,0.006268916553359448
2015-07-08,-0.016919585542128922
2015-07-09,0.0018078635196461883
2015-07-10,0.012512803008237603
2015-07-13,0.010976368494492355
2015-07-14,0.004328806584078377
2015-07-15,-0.0003319772511696427
2015-07-16,0.0079920011130831
2015-07-17,0.0008477488957691285
2015-07-20,0.000517592344552827
2015-07-21,-0.00395953027379778
2015-07-22,-0.0017960352624284332
2015-07-23,-0.005645723769459698
2015-07-24,-0.010426384059103736
2015-07-27,-0.0058340726445566095
2015-07-28,0.012208272636643749
2015-07-29,0.00685533190343548
2015-07-30,0.00023695790762743427
2015-07-31,-0.0015186184274566651
2015-08-03,-0.003378567701381505
2015-08-04,-0.0019565159631955344
2015-08-05,0.003290067460559988
2015-08-06,-0.0082215799877048
2015-08-07,-0.0019214460511566545
2015-08-10,0.012520192955269379
2015-08-11,-0.00906390591650732
2015-08-12,0.0011972641667532067
2015-08-13,-0.0012451395016432987
2015-08-14,0.003635376072773802
2015-08-17,0.005571285122079304
2015-08-18,-0.002900694399521285
2015-08-19,-0.00793678596817921
2015-08-20,-0.02110222927556292
2015-08-21,-0.03157665122016228
2015-08-24,-0.0417435174773473
2015-08-25,-0.01210167828346231
2015-08-26,0.03767521945852458
2015-08-27,0.024434021169123566
2015-08-28,5.013127021606304e-05
2015-08-31,-0.008111407843731286
2015-09-01,-0.030302431542077866
2015-09-02,0.01880302061372343
2015-09-03,0.0007160643104425395
2015-09-04,-0.015252271208436242
2015-09-08,0.024820176758122706
2015-09-09,-0.013461634563903428
2015-09-10,0.005426942477138072
2015-09-11,0.004534212936700086
2015-09-14,-0.003717819030806176
2015-09-15,0.012421868576952386
2015-09-16,0.008629529447839353
2015-09-17,-0.0022505871809467655
2015-09-18,-0.01647405913885847
2015-09-21,0.005154035462228973
2015-09-22,-0.013064869496733352
2015-09-23,-0.0015997295156400793
2015-09-24,-0.003622261818500944
2015-09-25,-0.00025945227830069707
2015-09-28,-0.02541707110147348
2015-09-29,0.0005843990492651578
2015-09-30,0.018486699720452488
2015-10-01,0.0026055407432920255
2015-10-02,0.014827543033600071
2015-10-05,0.01763818552835174
2015-10-06,-0.003432134394338965
2015-10-07,0.008157380065351253
2015-10-08,0.008986066055511398
2015-10-09,0.0005965968596823432
2015-10-12,0.0009432558347534007
2015-10-13,-0.006322565095744728
2015-10-14,-0.004805110026726215
2015-10-15,0.015237417473845764
2015-10-16,0.004536496420185922
2015-10-19,0.0004916722042895176
2015-10-20,-0.001377291820382553
2015-10-21,-0.006124657793948687
2015-10-22,0.016752513513415605
2015-10-23,0.010902124661390658
2015-10-26,-0.002460766922349411
2015-10-27,-0.0019341594827292756
2015-10-28,0.011310333215428802
2015-10-29,-0.0005742742110010486
2015-10-30,-0.004319287889785581
2015-11-02,0.011761474316251932
2015-11-03,0.0028950534928514926
2015-11-04,-0.003037330729178361
2015-11-05,-0.0009987333155873433
2015-11-06,-0.0005236769138928369
2015-11-09,-0.009375608718831936
2015-11-10,0.00230450541112874
2015-11-11,-0.003939848064310289
2015-11-12,-0.014057976352730083
2015-11-13,-0.011292057203523807
2015-11-16,0.01509255280528791
2015-11-17,-0.0007298093291847053
2015-11-18,0.015741928596754134
2015-11-19,-0.0008630038109908333
2015-11-20,0.0036414072314619986
2015-11-23,-0.0011513707053153847
2015-11-24,0.0013384829192898268
2015-11-25,-0.00014298408935390822
2015-11-27,0.0011455324097957868
2015-11-30,-0.004160213982634574
2015-12-01,0.00949096913194171
2015-12-02,-0.010262742121036892
2015-12-03,-0.01409653035883719
2015-12-04,0.01931525328442229
2015-12-07,-0.006077508803294964
2015-12-08,-0.006746673804061392
2015-12-09,-0.007805516395071971
2015-12-10,0.0025777570399000108
2015-12-11,-0.019570960439396292
2015-12-14,0.00504330037028383
2015-12-15,0.010443279642742156
2015-12-16,0.014522266380421549
2015-12-17,-0.01535575878732937
2015-12-18,-0.01797368845772453
2015-12-21,0.008211185078546441
2015-12-22,0.00903341253796413
2015-12-23,0.01230702850402324
2015-12-24,-0.0016515382959726291
2015-12-28,-0.0022878592819830855
2015-12-29,0.010615364773917474
2015-12-30,-0.00711272432080419
2015-12-31,-0.010053956058790796
2016-01-04,-0.014081824631910803
2016-01-05,0.001693838577576764
2016-01-06,-0.012694773333004021
2016-01-07,-0.02428358350256673
2016-01-08,-0.011022137872125392
2016-01-11,0.0009739377116855901
2016-01-12,0.008040259458994461
2016-01-13,-0.02526111693029835
2016-01-14,0.016283860743372958
2016-01-15,-0.02170031203573672
2016-01-19,0.001330290333635465
2016-01-20,-0.012897898668860234
2016-01-21,0.005586386975875625
2016-01-22,0.020307531209399765
2016-01-25,-0.015231497964365648
2016-01-26,0.013550588766590918
2016-01-27,-0.010942501107545346
2016-01-28,0.005195242622152313
2016-01-29,0.024089064081802263
2016-02-01,-0.00036545507814709724
2016-02-02,-0.0181865865701191
2016-02-03,0.005976904887727318
2016-02-04,0.001567524997947063
2016-02-05,-0.01923414179013672
2016-02-08,-0.01355280969455095
2016-02-09,5.453364178588641e-05
2016-02-10,-0.0008634850779557305
2016-02-11,-0.01309340336696083
2016-02-12,0.02040718949457625
2016-02-16,0.016737624446332772
2016-02-17,0.016202396721819882
2016-02-18,-0.004104257499223991
2016-02-19,-0.0004684373765531535
2016-02-22,0.014375134099981007
2016-02-23,-0.01270997061482453
2016-02-24,0.004565104266360282
2016-02-25,0.01203921363469103
2016-02-26,-0.002307739565383607
2016-02-29,-0.007869457457160162
2016-03-01,0.023234920280572016
2016-03-02,0.004482208506472397
2016-03-03,0.003886974975052953
2016-03-04,0.0032730705705570863
2016-03-07,0.0007981996009637847
2016-03-08,-0.010977737835905376
2016-03-09,0.004926977649402211
2016-03-10,0.0008024015369057696
2016-03-11,0.01600830192178871
2016-03-14,-0.001283145344398728
2016-03-15,-0.0016308274159414484
2016-03-16,0.0057703227211720045
2016-03-17,0.006324127695580863
2016-03-18,0.003919989713846472
2016-03-21,0.0014179515692799838
2016-03-22,-0.0005374316154397604
2016-03-23,-0.006625436622800335
2016-03-24,-0.00043938932421720174
2016-03-28,0.0005907404175056177
2016-03-29,0.009211915616787664
2016-03-30,0.004373976902401742
2016-03-31,-0.002429875386067877
2016-04-01,0.006788715701579483
2016-04-04,-0.0032430996473078936
2016-04-05,-0.01004202818157288
2016-04-06,0.010865833626273717
2016-04-07,-0.012038197592249632
2016-04-08,0.002689465885505714
2016-04-11,-0.0023453770811242545
2016-04-12,0.009268947403514919
2016-04-13,0.010054221711564454
2016-04-14,4.447290711238793e-05
2016-04-15,-0.0011062947849022127
2016-04-18,0.006998110035373404
2016-04-19,0.003152771768029089
2016-04-20,0.0009525923619837424
2016-04-21,-0.00539272286702699
2016-04-22,0.0
2016-04-25,-0.0017246033783274504
2016-04-26,0.0014811018248018818
2016-04-27,0.0020601429481156134
2016-04-28,-0.009129210061826362
2016-04-29,-0.005397414000561845
2016-05-02,0.007913166608183284
2016-05-03,-0.008745180578396836
2016-05-04,-0.005590278421352858
2016-05-05,-0.0001951747835862554
2016-05-06,0.0036523601282349785
2016-05-09,0.0008225574470073199
2016-05-10,0.012361037487252584
2016-05-11,-0.009398924764381568
2016-05-12,0.0002905791082872347
2016-05-13,-0.008752620093376616
2016-05-16,0.00981679580180375
2016-05-17,-0.0093730223425619
2016-05-18,0.0002889679181062616
2016-05-19,-0.003471439604186899
2016-05-20,0.0062974519386809775
2016-05-23,-0.0013632653127025024
2016-05-24,0.012879095258868555
2016-05-25,0.006760296157063718
2016-05-26,0.0002867196611269255
2016-05-27,0.0042898590631083216
2016-05-31,-0.0019042712009848387
2016-06-01,0.002046711746734495
2016-06-02,0.0030392080936036446
2016-06-03,-0.0029913658213175285
2016-06-06,0.005075305214045343
2016-06-07,0.0015602460852940719
2016-06-08,0.0032542399381738953
2016-06-09,-0.0013665052561261572
2016-06-10,-0.009522399736236531
2016-06-13,-0.007745544939932266
2016-06-14,-0.0019651111747091975
2016-06-15,-0.0013949664449996
2016-06-16,0.0029800168775443365
2016-06-17,-0.003728917295710253
2016-06-20,0.006418968063661407
2016-06-21,0.0028346126668277035
2016-06-22,-0.001632140318734536
2016-06-23,0.012938392536232428
2016-06-24,-0.03711119281102051
2016-06-27,-0.017530487825534364
2016-06-28,0.017873611511399365
2016-06-29,0.016885889917598408
2016-06-30,0.013529465448200932
2016-07-01,0.002125711782197637
2016-07-05,-0.007222749661620264
2016-07-06,0.0059796882589929455
2016-07-07,-0.0006394046345534756
2016-07-08,0.014799696939903814
2016-07-11,0.0035208223678162578
2016-07-12,0.007236962383321058
2016-07-13,-0.00013915307181445715
2016-07-14,0.005567574895272315
2016-07-15,-0.001342752866013688
2016-07-18,0.0026799842626625643
2016-07-19,-0.0010131317084120794
2016-07-20,0.004131170895796496
2016-07-21,-0.003784303709465398
2016-07-22,0.004497829124581884
2016-07-25,-0.0027191004276916064
2016-07-26,0.0004613042037925911
2016-07-27,-0.0010620086553576858
2016-07-28,0.0011543501001208697
2016-07-29,0.001613007058921636
2016-08-01,-0.0008289791205220585
2016-08-02,-0.00643198505616806
2016-08-03,0.0029224220610900038
2016-08-04,0.0010620830215495385
2016-08-05,0.008146853846586281
2016-08-08,-0.0005959632894247055
2016-08-09,0.0005959632894247928
2016-08-10,-0.0024779509994454652
2016-08-11,0.00462995283275082
2016-08-12,-0.0008695126382407336
2016-08-15,0.002879863597168246
2016-08-16,-0.005171479592902896
2016-08-17,0.0018797548092510977
2016-08-18,0.002241065030335687
2016-08-19,-0.001463305848444382
2016-08-22,-4.526932882676801e-05
2016-08-23,0.0020109282600714855
2016-08-24,-0.0051278544347271035
2016-08-25,-0.0006888049401453508
2016-08-26,-0.001885016689758582
2016-08-29,0.004916114248837835
2016-08-30,-0.0016539618044728406
2016-08-31,-0.00284824449645157
2016-09-01,4.6037994053458545e-05
2016-09-02,0.00449831200952829
2016-09-06,0.003021285407290963
2016-09-07,-9.506499748093799e-05
2016-09-08,-0.0022853282576018458
2016-09-09,-0.024226038747104748
2016-09-12,0.014245489340616424
2016-09-13,-0.01448013723365145
2016-09-14,-0.0003750115042979238
2016-09-15,0.009943229414006936
2016-09-16,-0.0038729524572676827
2016-09-19,0.00018772936560764367
2016-09-20,4.6658688218144535e-05
2016-09-21,0.011182792961291342
2016-09-22,0.006281614981222145
2016-09-23,-0.0054943842986869594
2016-09-26,-0.00813483907624658
2016-09-27,0.006188695540636679
2016-09-28,0.004951000708730013
2016-09-29,-0.009088178106088524
2016-09-30,0.007517826024586586
2016-10-03,-0.002406838210847442
2016-10-04,-0.005110987813739147
2016-10-05,0.004415354067880648
2016-10-06,0.0006956337458585454
2016-10-07,-0.0034356461809726376
2016-10-10,0.0051951202342966595
2016-10-11,-0.012709971797549673
2016-10-12,0.0013108542847162263
2016-10-13,-0.003280900565739371
2016-10-14,0.0005162374516791122
2016-10-17,-0.003478064152449299
2016-10-18,0.006242727266509459
2016-10-19,0.0026635703718413807
2016-10-20,-0.001868570317924295
2016-10-21,0.0004676037373656653
2016-10-24,0.0042438974695783735
2016-10-25,-0.0033563729576152014
2016-10-26,-0.002009819741997945
2016-10-27,-0.0026703087363964357
2016-10-28,-0.0029596002056058858
2016-10-31,4.684966938184243e-05
2016-11-01,-0.0072717491707686936
2016-11-02,-0.006036870552800809
2016-11-03,-0.00458732332733352
2016-11-04,-0.0011025153823384936
2016-11-07,0.02181724300708986
2016-11-08,0.004494021170917248
2016-11-09,0.010542533795114932
2016-11-10,0.0024962166902479754
2016-11-11,-0.002307924746206572
2016-11-14,0.0007850491111723362
2016-11-15,0.00777273489353188
2016-11-16,-0.0018800007006801204
2016-11-17,0.005127287951762226
2016-11-18,-0.002239987123092281
2016-11-21,0.007523101486173868
2016-11-22,0.001951357960407214
2016-11-23,0.0005441634969457596
2016-11-25,0.003708393574843533
2016-11-28,-0.004706166439905142
2016-11-29,0.0019484403476881633
2016-11-30,-0.0024017362135564666
2016-12-01,-0.003682260363372704
2016-12-02,0.0005008178131076658
2016-12-05,0.005990849083842407
2016-12-06,0.0031624700014352596
2016-12-07,0.012995785467711683
2016-12-08,0.0024456292580244668
2016-12-09,0.006022093397903685
2016-12-12,-0.0011481994982505232
2016-12-13,0.006651933264706811
2016-12-14,-0.008288789985018885
2016-12-15,0.004109080840286258
2016-12-16,-0.0019583796417007387
2016-12-19,0.0021753484172133157
2016-12-20,0.0038501676554204656
2016-12-21,-0.0027866926243801556
2016-12-22,-0.001729163461466077
2016-12-23,0.0014630226230032944
2016-12-27,0.0024782136927307425
2016-12-28,-0.008298568140224477
2016-12-29,-0.00022313323783856658
2016-12-30,-0.0036614164321926725
2017-01-03,0.007620711078418226
2017-01-04,0.005931297942877351
2017-01-05,-0.000794271440927751
2017-01-06,0.0035710166821962697
2017-01-09,-0.0033061894326885414
2017-01-10,0.0
2017-01-11,0.0028218048158284003
2017-01-12,-0.0025128445901156215
2017-01-13,0.0022928655298318688
2017-01-17,-0.0035297825027430477
2017-01-18,0.0022073855373430148
2017-01-19,-0.0037112360396985315
2017-01-20,0.003667577657997532
2017-01-23,-0.0026058902002798036
2017-01-24,0.006391557487862844
2017-01-25,0.008618136081972795
2017-01-26,-0.0010458625785495907
2017-01-27,-0.0015710961327009534
2017-01-30,-0.006221173081693138
2017-01-31,-8.751174850802344e-05
2017-02-01,0.0003949923027855984
2017-02-02,0.0006591396392797897
2017-02-03,0.0068693104916299
2017-02-06,-0.00178969720753304
2017-02-07,4.373777020559759e-05
2017-02-08,0.00130975527992081
2017-02-09,0.005914951464423143
2017-02-10,0.003938697798477878
2017-02-13,0.005427532803191478
2017-02-14,0.003987259533770867
2017-02-15,0.005206814892174451
2017-02-16,-0.0008513787446208778
2017-02-17,0.001574747408013759
2017-02-21,0.0059375650976899895
2017-02-22,-0.000888101449225576
2017-02-23,0.0006768577499624471
2017-02-24,0.0012677546236478912
2017-02-27,0.0015618016911014283
2017-02-28,-0.0027025160307781676
2017-03-01,0.013900066472160367
2017-03-02,-0.0063170622133607995
2017-03-03,0.0006292097705502594
2017-03-06,-0.0029824658978471995
2017-03-07,-0.00299138761603231
2017-03-08,-0.0018578174697041958
2017-03-09,0.0012671117032318165
2017-03-10,0.003498322144951007
2017-03-13,0.0005044360808426427
2017-03-14,-0.0038336750787533887
2017-03-15,0.008616026519709549
2017-03-16,-0.0019690727151683474
2017-03-17,-0.001756893535251011
2017-03-20,-0.0010975345790913992
2017-03-21,-0.012922488734752541
2017-03-22,0.0023500408056408703
2017-03-23,-0.0010673397499955375
2017-03-24,-0.0007268879854476113
2017-03-27,-0.0010265816704333056
2017-03-28,0.007250219778519299
2017-03-29,0.0009345187932741786
2017-03-30,0.003179094052839682
2017-03-31,-0.002330507139436241
2017-04-03,-0.0017407399243580077
2017-04-04,0.0006371958976893749
2017-04-05,-0.002976739033425285
2017-04-06,0.0028068919026515726
2017-04-07,-0.0010196890398934098
2017-04-10,0.0005951856591501089
2017-04-11,-0.0011907257752469896
2017-04-12,-0.00439123551588299
2017-04-13,-0.006516263026308298
2017-04-17,0.00882079366059383
2017-04-18,-0.00298878835155822
2017-04-19,-0.001840083044108773
2017-04-20,0.008106302052511396
2017-04-21,-0.0031919470526199545
2017-04-24,0.010937422167753215
2017-04-25,0.0058018089193511025
2017-04-26,-0.0006289929858977084
2017-04-27,0.0008388859744854335
2017-04-28,-0.002181807639179885
2017-05-01,0.0025169752189847776
2017-05-02,0.0003768106770275662
2017-05-03,-0.0012154154133377467
2017-05-04,0.0011736600164468165
2017-05-05,0.003929222315999381
2017-05-08,-0.00016685664571305516
2017-05-09,-0.0009184461219364053
2017-05-10,0.001794487303699186
2017-05-11,-0.002045291178750615
2017-05-12,-0.0016720550510601116
2017-05-15,0.005508147654148243
2017-05-16,-0.0009159989131531877
2017-05-17,-0.017903481468023355
2017-05-18,0.004020698609753215
2017-05-19,0.006483069037626898
2017-05-22,0.005064416022386677
2017-05-23,0.0022102380112566434
2017-05-24,0.0023301479365323316
2017-05-25,0.004768260773257595
2017-05-26,-0.00020668056327247586
2017-05-30,-0.0008693695508593355
2017-05-31,-0.0002481950159323264
2017-06-01,0.007920690036655275
2017-06-02,0.003322576408051074
2017-06-05,-0.0007370873132316058
2017-06-06,-0.003202046090688616
2017-06-07,0.0018485317305825715
2017-06-08,0.0004922722881089441
2017-06-09,-0.0015189676175141069
2017-06-12,-0.00020527940530820808
2017-06-13,0.0048780516573165055
2017-06-14,-0.0012687706842918296
2017-06-15,-0.001925931198659854
2017-06-16,0.00021887374905879507
2017-06-19,0.0082906579793388
2017-06-20,-0.0067668407319447
2017-06-21,-0.0002473115323577899
2017-06-22,-0.00045255747962195616
2017-06-23,0.0011933812380470125
2017-06-26,0.0006577921368418338
2017-06-27,-0.008088974415200725
2017-06-28,0.008910722338632587
2017-06-29,-0.00882756924813928
2017-06-30,0.001862591191599849
2017-07-03,0.0016943641186748298
2017-07-05,0.002309341534556819
2017-07-06,-0.009186577027845087
2017-07-07,0.006464274663062267
2017-07-10,0.001073250613931147
2017-07-11,-0.0007431476155398576
2017-07-12,0.007486676649303319
2017-07-13,0.001679031274632944
2017-07-14,0.004653472149292774
2017-07-17,-0.0001225936126588765
2017-07-18,0.0005297536677581905
2017-07-19,0.005399020642127394
2017-07-20,0.0004454115384111245
2017-07-21,-0.0008905648873913215
2017-07-24,-0.0002434342973494042
2017-07-25,0.002428034991876506
2017-07-26,4.055404111321554e-05
2017-07-27,-0.0009299667386580996
2017-07-28,-0.0011737213741256742
2017-07-31,-0.0005672750942975266
2017-08-01,0.002226145846036511
2017-08-02,0.00048536975759450556
2017-08-03,-0.0019419810929088633
2017-08-04,0.0018207746604353683
2017-08-07,0.001857492646559607
2017-08-08,-0.0024642012392478247
2017-08-09,-4.058192659365436e-05
2017-08-10,-0.01421560994623301
2017-08-11,0.0014757189643079607
2017-08-14,0.009864417204307249
2017-08-15,-0.00012164893777975423
2017-08-16,0.0017428310283277362
2017-08-17,-0.015713825817049946
2017-08-18,-0.001564192297730242
2017-08-21,0.0007824019860271024
2017-08-22,0.010402583682199922
2017-08-23,-0.003591657878677344
2017-08-24,-0.0023335434695376718
2017-08-25,0.0023335434695375694
2017-08-28,4.102827932354366e-05
2017-08-29,0.0011439648355396185
2017-08-30,0.004726438378301382
2017-08-31,0.005997873702836123
2017-09-01,0.0014134638288526987
2017-09-05,-0.007208338227741988
2017-09-06,0.003408168211909339
2017-09-07,-0.00012147155959298713
2017-09-08,-0.0011752912391738129
2017-09-11,0.010609205548462458
2017-09-12,0.0033651612118686383
2017-09-13,0.0004796210724924186
2017-09-14,-0.000319571551476626
2017-09-15,0.0013434056221550718
2017-09-18,0.0021244979511962823
2017-09-19,0.001000870513038546
2017-09-20,0.0003598708990783917
2017-09-21,-0.0026828504244615628
2017-09-22,0.00020015936350479573
2017-09-25,-0.002046662440771218
2017-09-26,0.0006023679956655299
2017-09-27,0.0038870560958705787
2017-09-28,0.001198981771504601
2017-09-29,0.0035088618568298317
2017-10-02,0.004329263779096036
2017-10-03,0.0021376587927381075
2017-10-04,0.0011861090522332096
2017-10-05,0.005907331113810146
2017-10-06,-0.0011394249495570666
2017-10-09,-0.0016525981857164712
2017-10-10,0.002635181329738054
2017-10-11,0.0015695117374690682
2017-10-12,-0.0014910877597823077
2017-10-13,0.0012165459656696186
2017-10-16,0.0013328460078095752
2017-10-17,0.000704621670614163
2017-10-18,0.0009783544806660279
2017-10-19,0.00027371518526910453
2017-10-20,0.005147134840711601
2017-10-23,-0.0038970689311295897
2017-10-24,0.0017554294903772425
2017-10-25,-0.004962186736508639
2017-10-26,0.0012915736616675116
2017-10-27,0.008143050687712476
2017-10-30,-0.0037319765874335924
2017-10-31,0.0015569376798700706
2017-11-01,0.0013210145218417895
2017-11-02,0.0003885604711265039
2017-11-03,0.0033327110370769326
2017-11-06,0.0015467048431070374
2017-11-07,-0.0006958512589870003
2017-11-08,0.0016999713543227706
2017-11-09,-0.0036344220566966244
2017-11-10,-0.00030987706212444346
2017-11-13,0.0009293432636849384
2017-11-14,-0.0023251972088582204
2017-11-15,-0.005017907432760411
2017-11-16,0.008465072651935178
2017-11-17,-0.002943232531827086
2017-11-20,0.0017048723823654206
2017-11-21,0.006521782480346858
2017-11-22,-0.0008849684169001878
2017-11-24,0.0023070469174300643
2017-11-27,-0.0004995236527461492
2017-11-28,0.01009360473056295
2017-11-29,-0.0006087643467476172
2017-11-30,0.008716936404511474
2017-12-01,-0.0020777302040284307
2017-12-04,-0.0012105727079121684
2017-12-05,-0.003603024853021293
2017-12-06,0.00018966528821950864
2017-12-07,0.00314829821684032
2017-12-08,0.005438355836109226
2017-12-11,0.0030085310750354176
2017-12-12,0.0017631058455173862
2017-12-13,-0.0001122847744917789
2017-12-14,-0.004094589079141007
2017-12-15,0.008293941216618222
2017-12-18,0.006321498795790654
2017-12-19,-0.0038481752624769834
2017-12-20,-0.0005240194500200666
2017-12-21,0.002057725587215275
2017-12-22,-0.0002615738626281003
2017-12-26,-0.0011969367033835816
2017-12-27,0.0004861282321566818
2017-12-28,0.002055495752654886
2017-12-29,-0.003777637224596782
2018-01-02,0.0071316734761765295
2018-01-03,0.006305238372826249
2018-01-04,0.004206169997838946
2018-01-05,0.006641690630911564
2018-01-08,0.0018271519791832251
2018-01-09,0.002260960460642688
2018-01-10,-0.001531033420935081
2018-01-11,0.0072697114000400955
2018-01-12,0.006497417211933118
2018-01-16,-0.003423953415153994
2018-01-17,0.009486708617520318
2018-01-18,-0.001682369776968552
2018-01-19,0.004539222451651404
2018-01-22,0.008097951748342156
2018-01-23,0.0021203720960548057
2018-01-24,-0.00038816197126673364
2018-01-25,0.00042362103614400993
2018-01-26,0.011511066139158962
2018-01-29,-0.00665169088057945
2018-01-30,-0.010310377266045641
2018-01-31,0.0004970272526714063
2018-02-01,-0.0011358026010208572
2018-02-02,-0.02201055669599815
2018-02-05,-0.042722346175799265
2018-02-06,0.01951078554001255
2018-02-07,-0.0054398032248836195
2018-02-08,-0.03823050574867231
2018-02-09,0.014909979687060622
2018-02-12,0.014577785697665728
2018-02-13,0.002484215509857688
2018-02-14,0.013405956194621297
2018-02-15,0.012679331936587452
2018-02-16,0.00029306832319011406
2018-02-20,-0.006281110167812761
2018-02-21,-0.004986572999857549
2018-02-22,0.0012953118221035106
2018-02-23,0.015813741519325256
2018-02-26,0.011545214669274408
2018-02-27,-0.012565146931591354
2018-02-28,-0.010181755112851227
2018-03-01,-0.014647350798373064
2018-03-02,0.0051418249946524235
2018-03-05,0.011491385726323909
2018-03-06,0.002531807629510911
2018-03-07,-0.0003665554222924764
2018-03-08,0.004827664693821276
2018-03-09,0.01725268609539157
2018-03-12,-0.001255944977212655
2018-03-13,-0.006483777044149888
2018-03-14,-0.0051446429470347575
2018-03-15,-0.0010903940939941334
2018-03-16,0.0010830963006440767
2018-03-19,-0.013622935930999875
2018-03-20,0.0016992545931582821
2018-03-21,-0.0019208056777225617
2018-03-22,-0.02531508849261478
2018-03-23,-0.021544894741730176
2018-03-26,0.02699135793205055
2018-03-27,-0.017157979229199777
2018-03-28,-0.0029593840348153926
2018-03-29,0.012696585768050137
2018-04-02,-0.0218206378308696
2018-04-03,0.01273548409082752
2018-04-04,0.01064239292542502
2018-04-05,0.00786093582363861
2018-04-06,-0.02253800117430296
2018-04-09,0.004916329144621101
2018-04-10,0.01577522405238575
2018-04-11,-0.005255953934941708
2018-04-12,0.008193252553391534
2018-04-13,-0.0029372986184497954
2018-04-16,0.008187904255096237
2018-04-17,0.010641841643560024
2018-04-18,0.0007399277725556599
2018-04-19,-0.005563056419329425
2018-04-20,-0.008515414213866567
2018-04-23,-0.00015012285081461937
2018-04-24,-0.013558956178949247
2018-04-25,0.0024686663696221888
2018-04-26,0.010114359004173245
2018-04-27,0.0009383965707999253
2018-04-30,-0.007720216226907101
2018-05-01,0.0017753968651600016
2018-05-02,-0.006740365011391333
2018-05-03,-0.0022059825849858215
2018-05-04,0.012863477054659681
2018-05-07,0.003377202587513447
2018-05-08,0.0
2018-05-09,0.009619539918409444
2018-05-10,0.009307220489026638
2018-05-11,0.0030465870273107504
2018-05-14,0.00047618456900898706
2018-05-15,-0.006910770785904008
2018-05-16,0.00419645736425021
2018-05-17,-0.0008452403851582439
2018-05-18,-0.0025031404611949807
2018-05-21,0.007490702305504729
2018-05-22,-0.002784243811438435
2018-05-23,0.002747643254861963
2018-05-24,-0.0020509570923469243
2018-05-25,-0.0023855848129453873
2018-05-29,-0.011567643233242645
2018-05-30,0.013256541883673107
2018-05-31,-0.006144800892804245
2018-06-01,0.009770081664118819
2018-06-04,0.004739890010184723
2018-06-05,0.000727254972101663
2018-06-06,0.008325837619369461
2018-06-07,-0.00010780960353549889
2018-06-08,0.00295194541954278
2018-06-11,0.001329049793383885
2018-06-12,0.0012914147849883643
2018-06-13,-0.0031960821539592037
2018-06-14,0.0025146878010300962
2018-06-15,-0.001277918723166636
2018-06-18,-0.0020591977447363134
2018-06-19,-0.0038402738992894926
2018-06-20,0.0017046435886589183
2018-06-21,-0.006288292798108842
2018-06-22,0.0018212381829875782
2018-06-25,-0.013706320345521775
2018-06-26,0.002211836137548125
2018-06-27,-0.00831870533280051
2018-06-28,0.005700848316770722
2018-06-29,0.0014387111240266018
2018-07-02,0.0021358738821905953
2018-07-03,-0.00353740722471732
2018-07-05,0.008124621536494583
2018-07-06,0.008422870301083374
2018-07-09,0.008964016581696495
2018-07-10,0.00359211695603233
2018-07-11,-0.007341481210062959
2018-07-12,0.009024964601549433
2018-07-13,0.0007872429046854166
2018-07-16,-0.0008946062260313558
2018-07-17,0.004037000329500756
2018-07-18,0.002101401332525895
2018-07-19,-0.0037782766876959454
2018-07-20,-0.0011437512963178628
2018-07-23,0.001857734632399095
2018-07-24,0.005019424322990876
2018-07-25,0.008486143381613232
2018-07-26,-0.002361526760882516
2018-07-27,-0.006799629172619949
2018-07-30,-0.005237069454686405
2018-07-31,0.004917291793799766
2018-08-01,-0.0016721388113360384
2018-08-02,0.005432979502031237
2018-08-03,0.004275670912611218
2018-08-06,0.003660420156040981
2018-08-07,0.0032967965020678576
2018-08-08,-0.00042018045120100964
2018-08-09,-0.001367195290442977
2018-08-10,-0.006722658091386606
2018-08-13,-0.003750595198859766
2018-08-14,0.006360806006990439
2018-08-15,-0.007495645764480608
2018-08-16,0.008058794533061091
2018-08-17,0.0035143570048184057
2018-08-20,0.0021377241852415076
2018-08-21,0.0023422880182475377
2018-08-22,-0.0005938561581222791
2018-08-23,-0.001328560309859816
2018-08-24,0.006000277842528093
2018-08-27,0.007864445026194926
2018-08-28,0.0004830146008225814
2018-08-29,0.005366166741757254
2018-08-30,-0.004056519783430654
2018-08-31,3.4692048033318506e-05
2018-09-04,-0.0017238581136311435
2018-09-05,-0.0026951359732165464
2018-09-06,-0.0030146188206441778
2018-09-07,-0.0019452805799684554
2018-09-10,0.0017370934474092699
2018-09-11,0.0032921108120953207
2018-09-12,0.00024195499755107303
2018-09-13,0.005897125880656495
2018-09-14,0.00017199070531548878
2018-09-17,-0.005308411772384125
2018-09-18,0.005411515910889351
2018-09-19,0.0010650407773569654
2018-09-20,0.00807117453442092
2018-09-21,-0.0009153456804255754
2018-09-24,-0.0033274882337216596
2018-09-25,-0.0009283337304689018
2018-09-26,-0.0029965400570037327
2018-09-27,0.0027903792591891462
2018-09-28,0.00010308571169144518
2018-10-01,0.0034680162878676707
2018-10-02,-0.0005828993077132797
2018-10-03,0.000548909325690799
2018-10-04,-0.007846644920458104
2018-10-05,-0.005612770470542109
2018-10-08,0.0
2018-10-09,-0.0014602630684835995
2018-10-10,-0.0321752845887773
2018-10-11,-0.022272846034429326
2018-10-12,0.013792767609898808
2018-10-15,-0.005632570325165187
2018-10-16,0.021630281646716695
2018-10-17,0.000177976874869714
2018-10-18,-0.014546054926040912
2018-10-19,-0.000543049006173083
2018-10-22,-0.004498853896671446
2018-10-23,-0.0051036922795144836
2018-10-24,-0.0307670531296826
2018-10-25,0.017781531448863505
2018-10-26,-0.01774374419566225
2018-10-29,-0.005555491192529212
2018-10-30,0.014709710273142846
2018-10-31,0.010623860097864818
2018-11-01,0.01058589754059197
2018-11-02,-0.005940645931655025
2018-11-05,0.005501477942440423
2018-11-06,0.006308289700870333
2018-11-07,0.021182682901041545
2018-11-08,-0.0018165273621518082
2018-11-09,-0.00981606412406187
2018-11-12,-0.018861975414798823
2018-11-13,-0.0018728275431440814
2018-11-14,-0.006860501403673731
2018-11-15,0.010382749903226081
2018-11-16,0.0025970429119859515
2018-11-19,-0.01705910469587669
2018-11-20,-0.01867954923749766
2018-11-21,0.0034018163732520553
2018-11-23,-0.00670098279214673
2018-11-26,0.01601538129297779
2018-11-27,0.003358904132501434
2018-11-28,0.022763967431815583
2018-11-29,-0.0021871874931664132
2018-11-30,0.0060765382634757805
2018-12-03,0.013154850472873571
2018-12-04,-0.03293932397773475
2018-12-06,-0.0015181186733841563
2018-12-07,-0.023510374423749713
2018-12-10,0.0018955475356072751
2018-12-11,0.00022694079320610214
2018-12-12,0.005022875998487252
2018-12-13,-0.00033913973816117863
2018-12-14,-0.01863747252531883
2018-12-17,-0.01981343883763745
2018-12-18,-0.0010969128467135927
2018-12-19,-0.015088878223022338
2018-12-20,-0.01641196918271719
2018-12-21,-0.020700555359349452
2018-12-24,-0.02677844114429873
2018-12-26,0.049289754572889755
2018-12-27,0.0076480911704788
2018-12-28,-0.001290595556279739
2018-12-31,0.00872067774983087
2019-01-02,0.0010394977179367813
2019-01-03,-0.02415207823849371
2019-01-04,0.03294727256629649
2019-01-07,0.007853389751835232
2019-01-08,0.009351734524962749
2019-01-09,0.00466238215368447
2019-01-10,0.0035213975479510247
2019-01-11,0.0003862255846524302
2019-01-14,-0.0061192784710786575
2019-01-15,0.011395560910002637
2019-01-16,0.002416648180322691
2019-01-17,0.007558392479041475
2019-01-18,0.013222091744114166
2019-01-22,-0.013602470456742023
2019-01-23,0.0020900867557763704
2019-01-24,0.0005312950795601433
2019-01-25,0.00842587627599696
2019-01-28,-0.007629462546636901
2019-01-29,-0.001327708808919978
2019-01-30,0.015706811659110857
2019-01-31,0.008743938680836767
2019-02-01,0.0004815569270415918
2019-02-04,0.007010813668341619
2019-02-05,0.004183176555850491
2019-02-06,-0.001319219311532993
2019-02-07,-0.0095787305516799
2019-02-08,0.0012209496678633552
2019-02-11,0.0005546686847122063
2019-02-12,0.012777102800078445
2019-02-13,0.0032420241597649704
2019-02-14,-0.0022207259919478947
2019-02-15,0.010838255092274283
2019-02-19,0.0017289799342966386
2019-02-20,0.002013634553079209
2019-02-21,-0.003562553834880288
2019-02-22,0.006180941636335373
2019-02-25,0.0013603147486824102
2019-02-26,-0.0007158070166987238
2019-02-27,-0.0004294948912005221
2019-02-28,-0.0018644582354087713
2019-03-01,0.006224566108544071
2019-03-04,-0.0036439934650261867
2019-03-05,-0.001360899101605033
2019-03-06,-0.0060753812979456034
2019-03-07,-0.008400886040340342
2019-03-08,-0.0020018382445645805
2019-03-11,0.014396890307767071
2019-03-12,0.0037639242917206477
2019-03-13,0.006597548746147035
2019-03-14,-0.0006398786357305096
2019-03-15,0.004928515172485362
2019-03-18,0.0036196760223421998
2019-03-19,0.0002475659089286059
2019-03-20,-0.0030143511865600896
2019-03-21,0.011231416565248838
2019-03-22,-0.01943388703336445
2019-03-25,-0.0007524369583532902
2019-03-26,0.007426473041234344
2019-03-27,-0.00524261003221717
2019-03-28,0.0037833216410995294
2019-03-29,0.00628548291891073
2019-04-01,0.011789637227400777
2019-04-02,0.0004893912250237664
2019-04-03,0.0015725924852507034
2019-04-04,0.0026499348650712
2019-04-05,0.0048285243647682545
2019-04-08,0.0007619612123556727
2019-04-09,-0.005137934693494303
2019-04-10,0.003405020328207203
2019-04-11,-0.0002773181573957658
2019-04-12,0.006743126090875711
2019-04-15,-0.0006553083877684345
2019-04-16,0.0006553083877684903
2019-04-17,-0.002450110494678536
2019-04-18,0.001967412065805187
2019-04-22,0.0008614760638773337
2019-04-23,0.008951451355346881
2019-04-24,-0.0022216855248264693
2019-04-25,-0.000616310752106097
2019-04-26,0.004645992799287483
2019-04-29,0.0015665171193667675
2019-04-30,0.000510500327366893
2019-05-01,-0.007544850931401571
2019-05-02,-0.0021612998954150093
2019-05-03,0.009739902927285285
2019-05-06,-0.004123580779991182
2019-05-07,-0.016840706883161898
2019-05-08,-0.0013902340962731628
2019-05-09,-0.0030301067880808322
2019-05-10,0.0050106434684783745
2019-05-13,-0.025451389493538378
2019-05-14,0.009002963531533622
2019-05-15,0.005840455444372178
2019-05-16,0.009218557408181092
2019-05-17,-0.006486175396931327
2019-05-20,-0.0066337482196856205
2019-05-21,0.008975082431541437
2019-05-22,-0.003076035802452581
2019-05-23,-0.012294118213054619
2019-05-24,0.0022659537073154656
2019-05-28,-0.009343888898669677
2019-05-29,-0.006733274679702749
2019-05-30,0.002727440393354958
2019-05-31,-0.013567195769896788
2019-06-03,-0.0025458761099581193
2019-06-04,0.021474210362042834
2019-06-05,0.008625092636043427
2019-06-06,0.006481520534412777
2019-06-07,0.009957390133367576
2019-06-10,0.0045783981774915085
2019-06-11,-0.00024231398651462777
2019-06-12,-0.0017670429079132057
2019-06-13,0.0041178768584021
2019-06-14,-0.0011055420655448926
2019-06-17,0.000379955970388509
2019-06-18,0.010416856539978751
2019-06-19,0.0022546311055916886
2019-06-20,0.00950891709704231
2019-06-21,-0.0014559305171266555
2019-06-24,-0.0012251836768478362
2019-06-25,-0.00985625949478834
2019-06-26,-0.0009982010431813216
2019-06-27,0.0035398016207649737
2019-06-28,0.00513280017949932
2019-07-01,0.009037508844478528
2019-07-02,0.002600949501748734
2019-07-03,0.007963378209720028
2019-07-05,-0.0011385812140151585
2019-07-08,-0.005510218321246085
2019-07-09,0.0012460277631001762
2019-07-10,0.004766590783923674
2019-07-11,0.0023414445097035726
2019-07-12,0.004466907164942043
2019-07-15,0.0003327626112364767
2019-07-16,-0.003464055385336437
2019-07-17,-0.006595010253506444
2019-07-18,0.003654372955074312
2019-07-19,-0.0055705723167424805
2019-07-22,0.002453695368441351
2019-07-23,0.007124433485024932
2019-07-24,0.004688457004910134
2019-07-25,-0.004788296682727917
2019-07-26,0.006677737475236033
2019-07-29,-0.001822837836644097
2019-07-30,-0.0024578853268254048
2019-07-31,-0.011000664138231241
2019-08-01,-0.008746041218725032
2019-08-02,-0.00755808099636752
2019-08-05,-0.03053462508562029
2019-08-06,0.013925574635208129
2019-08-07,0.0005907272582050182
2019-08-08,0.019430152821186052
2019-08-09,-0.006834967550902209
2019-08-12,-0.012074488700655212
2019-08-13,0.015258380591391367
2019-08-14,-0.030013605392518253
2019-08-15,0.0026383935124895787
2019-08-16,0.014647124856156402
2019-08-19,0.011975851109198753
2019-08-20,-0.007692058945502061
2019-08-21,0.008102574534342148
2019-08-22,-0.0003080564962857818
2019-08-23,-0.026023012127373648
2019-08-26,0.010997722062973213
2019-08-27,-0.003931263171390125
2019-08-28,0.0070168742333801696
2019-08-29,0.012692208807006975
2019-08-30,-0.0004444733083108057
2019-09-03,-0.005864510419802194
2019-09-04,0.011286700150495712
2019-09-05,0.012773425172050643
2019-09-06,0.000771874098637304
2019-09-09,0.0005030911818706369
2019-09-10,-0.00023476865658733412
2019-09-11,0.0070857041344189
2019-09-12,0.0034578369464867953
2019-09-13,-0.0006640823071909374
2019-09-16,-0.003093445641680802
2019-09-17,0.0025288270903196315
2019-09-18,0.0005981395119670786
2019-09-19,-6.668258640783568e-05
2019-09-20,-0.0047371731975157415
2019-09-23,-0.00023471372639720386
2019-09-24,-0.00787775487568915
2019-09-25,0.005897520665466
2019-09-26,-0.002085639101248919
2019-09-27,-0.005401782249903095
2019-09-30,0.004627099102581508
2019-10-01,-0.011965788228453638
2019-10-02,-0.01782277981773489
2019-10-03,0.008159295179898763
2019-10-04,0.013441593957328198
2019-10-07,-0.0043242193311153095
2019-10-08,-0.015646290360280885
2019-10-09,0.009451687280877457
2019-10-10,0.006740713091026579
2019-10-11,0.010313261410507164
2019-10-14,-0.001114154213637036
2019-10-15,0.009851423254372632
2019-10-16,-0.0016071820571413732
2019-10-17,0.0029447105814953065
2019-10-18,-0.004386969144999625
2019-10-21,0.006756388177814353
2019-10-22,-0.003271864852069905
2019-10-23,0.002905210114982589
2019-10-24,0.001632704550602759
2019-10-25,0.004086613343567122
2019-10-28,0.0056205467394999185
2019-10-29,-0.0002967383913081216
2019-10-30,0.003062532397744906
2019-10-31,-0.002666782060101499
2019-11-01,0.00922127838538615
2019-11-04,0.00400974482033255
2019-11-05,-0.0011066547929008998
2019-11-06,0.0002276200991691137
2019-11-07,0.003510810979450682
2019-11-08,0.002462982565823738
2019-11-11,-0.0019113916290486568
2019-11-12,0.0021057911066005245
2019-11-13,0.00032333268540657634
2019-11-14,0.0014549261902335616
2019-11-15,0.007210132401038011
2019-11-18,0.0007373777223154249
2019-11-19,-0.00028844424352897683
2019-11-20,-0.003725732688271545
2019-11-21,-0.001610054208771935
2019-11-22,0.0022213208197922342
2019-11-25,0.007720309083232718
2019-11-26,0.0022630037625013077
2019-11-27,0.004447697553141499
2019-11-29,-0.003715694136530391
2019-12-02,-0.008530809491904406
2019-12-03,-0.006729106573013846
2019-12-04,0.006151084401716032
2019-12-05,0.0017964257216374737
2019-12-06,0.009092557113233483
2019-12-09,-0.0031490103932792415
2019-12-10,-0.001115732947319247
2019-12-11,0.002834760323666518
2019-12-12,0.00858208746374554
2019-12-13,0.0005990113257395197
2019-12-16,0.0068462267670610965
2019-12-17,0.00021907523293353468
2019-12-18,6.28738416294283e-05
2019-12-19,0.004090462619533116
2019-12-20,0.0043744929368635
2019-12-23,0.0015265460496163665
2019-12-24,3.112291997490737e-05
2019-12-26,0.005309489428915662
2019-12-27,-0.00024802466790716855
2019-12-30,-0.005528410298037515
2019-12-31,0.0024264072837479147
2020-01-02,0.009308395272242784
2020-01-03,-0.007601136305665404
2020-01-06,0.003807790294588304
2020-01-07,-0.0028156763024043572
2020-01-08,0.005315358716337227
2020-01-09,0.006757754136442937
2020-01-10,-0.0028817732422057978
2020-01-13,0.006853645962468941
2020-01-14,-0.0015257264633882193
2020-01-15,0.0022574194674382765
2020-01-16,0.00828379753583734
2020-01-17,0.0031078841374023603
2020-01-21,-0.0019601960507372672
2020-01-22,0.00012069853317262798
2020-01-23,0.001146234130710902
2020-01-24,-0.00893283054742059
2020-01-27,-0.016159153046027844
2020-01-28,0.010424603488130629
2020-01-29,-0.0008264262078983051
2020-01-30,0.0032402690159721694
2020-01-31,-0.018324813731954687
2020-02-03,0.007400916480767306
2020-02-04,0.01512639360067217
2020-02-05,0.011481881244750169
2020-02-06,0.003359243059586767
2020-02-07,-0.005344169268502457
2020-02-10,0.007437699111925067
2020-02-11,0.001731700525143586
2020-02-12,0.006422060213257338
2020-02-13,-0.0010675365228158067
2020-02-14,0.0016007185138961241
2020-02-18,-0.0025803224110932713
2020-02-19,0.0047699464315574015
2020-02-20,-0.004116664207806179
2020-02-21,-0.010351913247879084
2020-02-24,-0.03372780530333334
2020-02-25,-0.03077065842319445
2020-02-26,-0.0036851130305417742
2020-02-27,-0.0459514804794627
2020-02-28,-0.004210407518894975
2020-03-02,0.04239528785297453
2020-03-03,-0.029050366749945215
2020-03-04,0.041173705094919744
2020-03-05,-0.03380691138241805
2020-03-06,-0.016669340300881307
2020-03-09,-0.08131263085190096
2020-03-10,0.05045075572227132
2020-03-11,-0.049976541967613405
2020-03-12,-0.1005688754684798
2020-03-13,0.08202799543891559
2020-03-16,-0.11588666887944063
2020-03-17,0.052585098674580104
2020-03-18,-0.05196006210975596
2020-03-19,0.002123100774031215
2020-03-20,-0.04405258067309978
2020-03-23,-0.02590038526036179
2020-03-24,0.0867308374169483
2020-03-25,0.01485938667792324
2020-03-26,0.056748596629506244
2020-03-27,-0.03023827548874934
2020-03-30,0.03195974499621198
2020-03-31,-0.015017820129012092
2020-04-01,-0.04604912466723582
2020-04-02,0.02281314021006828
2020-04-03,-0.014559395371391101
2020-04-06,0.06500679963719107
2020-04-07,0.0010187246981258626
2020-04-08,0.03301742588511879
2020-04-09,0.015102731440709121
2020-04-13,-0.009172094375749607
2020-04-14,0.029066379336558954
2020-04-15,-0.021477093921159953
2020-04-16,0.004812538291954662
2020-04-17,0.02665688051575551
2020-04-20,-0.017774927234793646
2020-04-21,-0.030833903212690316
2020-04-22,0.021951949931728443
2020-04-23,-7.160749446322809e-05
2020-04-24,0.013842437106400454
2020-04-27,0.014315621875546159
2020-04-28,-0.004609367563754892
2020-04-29,0.025841872376368664
2020-04-30,-0.009354444162515648
2020-05-01,-0.026830271127498685
2020-05-04,0.0027546235832732646
2020-05-05,0.009196746062967191
2020-05-06,-0.00680154164836758
2020-05-07,0.011994367552895305
2020-05-08,0.01641093458691893
2020-05-11,0.00020499474704241977
2020-05-12,-0.020132722371710585
2020-05-13,-0.017844015236879254
2020-05-14,0.011896191598617666
2020-05-15,0.004586540964920153
2020-05-18,0.030004834049761238
2020-05-19,-0.010324352591251692
2020-05-20,0.016845380473606897
2020-05-21,-0.006927946224387778
2020-05-22,0.0018972960540899896
2020-05-26,0.012245450117130675
2020-05-27,0.01476940385511627
2020-05-28,-0.0018466802897358673
2020-05-29,0.004445983190962251
2020-06-01,0.0040335926434985
2020-06-02,0.008245943238056067
2020-06-03,0.013220491937709153
2020-06-04,-0.002630221485748763
2020-06-05,0.02530682423131989
2020-06-08,0.012014891690417083
2020-06-09,-0.007484794341547236
2020-06-10,-0.005595562616286172
2020-06-11,-0.05937732554038243
2020-06-12,0.01190437870027347
2020-06-15,0.009292344559305504
2020-06-16,0.01906507894453545
2020-06-17,-0.004162823682983566
2020-06-18,0.00038501381365517635
2020-06-19,-0.005730497410029905
2020-06-22,0.006394923191919548
2020-06-23,0.004592970100652065
2020-06-24,-0.025839749436744018
2020-06-25,0.010663372686422782
2020-06-26,-0.02403800782269044
2020-06-29,0.014590869317874348
2020-06-30,0.012728178536609375
2020-07-01,0.0069803174505189145
2020-07-02,0.005491792110498969
2020-07-06,0.01531923381653956
2020-07-07,-0.010367314193691248
2020-07-08,0.007619650716443764
2020-07-09,-0.005709288089835327
2020-07-10,0.01015868924192941
2020-07-13,-0.008696624284358988
2020-07-14,0.012875787140121204
2020-07-15,0.009145370905221438
2020-07-16,-0.0032988532618387764
2020-07-17,0.0028947807878284917
2020-07-20,0.008048948913576373
2020-07-21,0.0021253408011701557
2020-07-22,0.0056760824399366494
2020-07-23,-0.012003434031016474
2020-07-24,-0.006461479734645412
2020-07-27,0.007266031240604114
2020-07-28,-0.006362504674753993
2020-07-29,0.01222376231319698
2020-07-30,-0.0035743105006707256
2020-07-31,0.007870997380874831
2020-08-03,0.006928052437949956
2020-08-04,0.0038552869898320404
2020-08-05,0.006191984177693792
2020-08-06,0.006662265568093974
2020-08-07,0.000717412979230583
2020-08-10,0.002984380117683242
2020-08-11,-0.008288838580390517
2020-08-12,0.013846074638211943
2020-08-13,-0.001809389718263567
2020-08-14,2.9693715643150403e-05
2020-08-17,0.003171514058923776
2020-08-18,0.0021581000871971796
2020-08-19,-0.004172246437807411
2020-08-20,0.0031087193860504813
2020-08-21,0.0035411182125799764
2020-08-24,0.01008186321159953
2020-08-25,0.003493288317983379
2020-08-26,0.009975682134223826
2020-08-27,0.0021843280533784715
2020-08-28,0.006438613109340881
2020-08-31,-0.0036292206369716224
2020-09-01,0.009374435760497932
2020-09-02,0.014360383893883489
2020-09-03,-0.03502036644924413
2020-09-04,-0.008198193437847187
2020-09-08,-0.02770295328561245
2020-09-09,0.01955474238301868
2020-09-10,-0.017516321118169646
2020-09-11,0.0005091159906754759
2020-09-14,0.013085231585789078
2020-09-15,0.005039583906248287
2020-09-16,-0.0039763078919440135
2020-09-17,-0.008834221858660713
2020-09-18,-0.01157866431096434
2020-09-21,-0.011192002353693855
2020-09-22,0.010132776528462695
2020-09-23,-0.02346428869741284
2020-09-24,0.0026620166829888566
2020-09-25,0.016037780683020537
2020-09-28,0.016473014549307222
2020-09-29,-0.005461121699932601
2020-09-30,0.007553515640002715
2020-10-01,0.006399467160207507
2020-10-02,-0.0095398608827162
2020-10-05,0.017577561668900857
2020-10-06,-0.014317870321301848
2020-10-07,0.017256845758328872
2020-10-08,0.008823410891802856
2020-10-09,0.008890772511548763
2020-10-12,0.015959581629149636
2020-10-13,-0.006547665156859281
2020-10-14,-0.006303238139625313
2020-10-15,-0.0012365173728600457
2020-10-16,-0.0006046425258264739
2020-10-19,-0.015320087640535888
2020-10-20,0.0039976902726852805
2020-10-21,-0.0018946452838086423
2020-10-22,0.005470249976630433
2020-10-23,0.0033894060191449
2020-10-26,-0.01865280453812147
2020-10-27,-0.003453331576887673
2020-10-28,-0.03477652729631034
2020-10-29,0.010112154299978578
2020-10-30,-0.010479802376976993
2020-11-02,0.011146001925966088
2020-11-03,0.017502210881328847
2020-11-04,0.022103016563901106
2020-11-05,0.019315003319831464
2020-11-06,-0.0002284806425554746
2020-11-09,0.012487458569419501
2020-11-10,-0.001467788854699179
2020-11-11,0.007401289855377196
2020-11-12,-0.009748181497381953
2020-11-13,0.013749391378114312
2020-11-16,0.01240519780256356
2020-11-17,-0.0053928094074347545
2020-11-18,-0.012107648654219457
2020-11-19,0.004201100042403768
2020-11-20,-0.006871083632088576
2020-11-23,0.005976419654439694
2020-11-24,0.015985376200829706
2020-11-25,-0.0015432234760508474
2020-11-27,0.002781335312701243
2020-11-30,-0.0044369970305176
2020-12-01,0.010878032641384696
2020-12-02,0.0021016128193004865
2020-12-03,-0.00027279239887505587
2020-12-04,0.008580623812941208
2020-12-07,-0.00205692896063722
2020-12-08,0.0029219209575424656
2020-12-09,-0.009009299239365437
2020-12-10,-0.00032736407062867697
2020-12-11,-0.0011730915513712378
2020-12-14,-0.00448731294990298
2020-12-15,0.013428933530656504
2020-12-16,0.0015681342806115708
2020-12-17,0.005576382890259294
2020-12-18,-0.004000984971066956
2020-12-21,-0.003581777104835538
2020-12-22,-0.0016867968891750734
2020-12-23,0.0008981607840426117
2020-12-24,0.0038829258288816766
2020-12-28,0.008554044698600959
2020-12-29,-0.0019095474346704974
2020-12-30,0.0014256938405733247
2020-12-31,0.00506797705632875
2021-01-04,-0.013707442414487602
2021-01-05,0.0068637087612840285
2021-01-06,0.005960737871174912
2021-01-07,0.014748088872054688
2021-01-08,0.005681442334354094
2021-01-11,-0.006763482674833502
2021-01-12,0.00021120818964423063
2021-01-13,0.002689418240776836
2021-01-14,-0.0035083077074786685
2021-01-15,-0.00731944027405876
2021-01-19,0.007821500725601076
2021-01-20,0.01374385016955282
2021-01-21,0.0009111315008859614
2021-01-22,-0.00354560396620082
2021-01-25,0.003936070224113544
2021-01-26,-0.0015622307189613936
2021-01-27,-0.024744176752745598
2021-01-28,0.0085634331503
2021-01-29,-0.02022265685636485
2021-02-01,0.016508578609488362
2021-02-02,0.014041037365139083
2021-02-03,0.0007860063088874447
2021-02-04,0.01130183756765395
2021-02-05,0.003927985797509267
2021-02-08,0.0071959331323274076
2021-02-09,-0.0006660770257224794
2021-02-10,-0.000435731091844152
2021-02-11,0.001613769449868343
2021-02-12,0.004927609499057266
2021-02-16,-0.0008663440422243049
2021-02-17,0.0002294310563691195
2021-02-18,-0.004265037803479936
2021-02-19,-0.0017673976851618608
2021-02-22,-0.00772165597557994
2021-02-23,0.0012137054818276418
2021-02-24,0.010959121387048213
2021-02-25,-0.024390768074362995
2021-02-26,-0.00516597083852299
2021-03-01,0.023950937736407715
2021-03-02,-0.007833803399921612
2021-03-03,-0.013334078719727355
2021-03-04,-0.012451986173154645
2021-03-05,0.018229363879497067
2021-03-08,-0.004991380256737194
2021-03-09,0.014176617728853817
2021-03-10,0.0062052669411898015
2021-03-11,0.010088198544011762
2021-03-12,0.001345791710484089
2021-03-15,0.005945903784651382
2021-03-16,-0.001262105779509866
2021-03-17,0.003404142883915888
2021-03-18,-0.014656617245829014
2021-03-19,-0.0018525404062318745
2021-03-22,0.007953262450054495
2021-03-23,-0.00790195166195007
2021-03-24,-0.005096382925082547
2021-03-25,0.005609615965607069
2021-03-26,0.015986584344725267
2021-03-29,-0.0005050913768775071
2021-03-30,-0.0026566561656165065
2021-03-31,0.004045375785816032
2021-04-01,0.010741071705743623
2021-04-05,0.014251108698523788
2021-04-06,-0.0005908597128686531
2021-04-07,0.0011565357198201022
2021-04-08,0.004735637337835306
2021-04-09,0.007243815158975908
2021-04-12,0.0003644454616787805
2021-04-13,0.0029594542977674277
2021-04-14,-0.0034210394804402022
2021-04-15,0.01068509596966499
2021-04-16,0.003336846659328623
2021-04-19,-0.004924966221026594
2021-04-20,-0.007348627538868356
2021-04-21,0.00941769711505895
2021-04-22,-0.00917503450025392
2021-04-23,0.0107841046459427
2021-04-26,0.002085409212558567
2021-04-27,-0.00021562598245640556
2021-04-28,-0.0002874896541793904
2021-04-29,0.006352585002923599
2021-04-30,-0.006592012816959778
2021-05-03,0.002154298500913454
2021-05-04,-0.006188317789968341
2021-05-05,0.0003127558879774302
2021-05-06,0.007953698393029346
2021-05-07,0.007251741015121593
2021-05-10,-0.009951820958540858
2021-05-11,-0.008964656818738847
2021-05-12,-0.021474297640505933
2021-05-13,0.011941047042796955
2021-05-14,0.015238715295403252
2021-05-17,-0.0025478886645502134
2021-05-18,-0.008652922929084218
2021-05-19,-0.0026252652997473735
2021-05-20,0.010700357564231773
2021-05-21,-0.0008189541714179293
2021-05-24,0.010142613213435372
2021-05-25,-0.0022212322371057865
2021-05-26,0.001982564588702532
2021-05-27,0.0005249434840239039
2021-05-28,0.0017870565751166019
2021-06-01,-0.0008810984913802397
2021-06-02,0.0015712551257475369
2021-06-03,-0.003718250427932038
2021-06-04,0.009104203177690357
2021-06-07,-0.0009706765814612642
2021-06-08,0.00021324112894323345
2021-06-09,-0.0014928953158331753
2021-06-10,0.004637649362082736
2021-06-11,0.0016511047729013642
2021-06-14,0.002236239158755571
2021-06-15,-0.0018357207596685146
2021-06-16,-0.005598982698961104
2021-06-17,-0.00033172319536555416
2021-06-18,-0.013582562418428432
2021-06-21,0.014214511133997116
2021-06-22,0.005331961280409046
2021-06-23,-0.001206214293764721
2021-06-24,0.005898446668587859
2021-06-25,0.003545885188602827
2021-06-28,0.002013651870459326
2021-06-29,0.0005379566017893663
2021-06-30,0.0008414171783862357
2021-07-01,0.005521442965133854
2021-07-02,0.00761428139424728
2021-07-06,-0.0018230672225131128
2021-07-07,0.0035279578736544396
2021-07-08,-0.008181599271001866
2021-07-09,0.010618316362122182
2021-07-12,0.0035756186927420807
2021-07-13,-0.0034148259359648575
2021-07-14,0.0014911555608864114
2021-07-15,-0.0034214125190735693
2021-07-16,-0.007874679807893543
2021-07-19,-0.014877964095771416
2021-07-20,0.014228783462903202
2021-07-21,0.008063633850645735
2021-07-22,0.0020919854249398014
2021-07-23,0.010235364635557383
2021-07-26,0.002451807968920113
2021-07-27,-0.004568080613443268
2021-07-28,-0.00040988775955385037
2021-07-29,0.004138684913372732
2021-07-30,-0.004868347223006713
2021-08-02,-0.0021001806694098345
2021-08-03,0.00810254685520842
2021-08-04,-0.004931119077045301
2021-08-05,0.006312840254310618
2021-08-06,0.0016511422845203357
2021-08-09,-0.0008137295797397777
2021-08-10,0.0012432008877442918
2021-08-11,0.0024817747152414697
2021-08-12,0.002992304690933194
2021-08-13,0.0018181326865291756
2021-08-16,0.0023521206104165954
2021-08-17,-0.006576838381553101
2021-08-18,-0.01100536490172726
2021-08-19,0.001547146401328781
2021-08-20,0.007925647529330365
2021-08-23,0.008757992926096874
2021-08-24,0.0015861542302310903
2021-08-25,0.0020961750974237813
2021-08-26,-0.00592085348947766
2021-08-27,0.00890136763457996
2021-08-30,0.004387994744303281
2021-08-31,-0.0014827378399780353
2021-09-01,0.0005313099886965862
2021-09-02,0.0030718331622366225
2021-09-03,-0.0002427062335241371
2021-09-07,-0.003581957478162764
2021-09-08,-0.001219008501833088
2021-09-09,-0.004289478473836691
2021-09-10,-0.007915722738902911
2021-09-13,0.002556100888259026
2021-09-14,-0.005411161741962503
2021-09-15,0.00831778719283494
2021-09-16,-0.0015864734240853252
2021-09-17,-0.009788438379312276
2021-09-20,-0.01681475892672601
2021-09-21,-0.000945253424297163
2021-09-22,0.009707612598261382
2021-09-23,0.012076816290514698
2021-09-24,0.0016457833441891822
2021-09-27,-0.00286496060610325
2021-09-28,-0.020357527618545576
2021-09-29,0.001681649630753517
2021-09-30,-0.012297613585561199
2021-10-01,0.011813992684867373
2021-10-04,-0.012979942552458726
2021-10-05,0.010351310314976924
2021-10-06,0.004147522095206036
2021-10-07,0.008608366984303808
2021-10-08,-0.0018253969821428223
2021-10-11,-0.007266090363327172
2021-10-12,-0.002464417892075047
2021-10-13,0.0035910957284498346
2021-10-14,0.01668062955837273
2021-10-15,0.007587022220589593
2021-10-18,0.0029561824150079316
2021-10-19,0.007685173540408911
2021-10-20,0.003920117311665716
2021-10-21,0.002604823288462761
2021-10-22,-0.0010366408603854455
2021-10-25,0.0053484624538840736
2021-10-26,0.0008995611835234996
2021-10-27,-0.004440074484599051
2021-10-28,0.009602549703996027
2021-10-29,0.0020271038307276192
2021-11-01,0.001718870570747722
2021-11-02,0.0040349941174801125
2021-11-03,0.006086445232662801
2021-11-04,0.004701533829212905
2021-11-05,0.0034635228346424135
2021-11-08,0.0008534794071055471
2021-11-09,-0.0033109626761660036
2021-11-10,-0.008077249952703055
2021-11-11,0.00032341734540344277
2021-11-12,0.0075185766893716924
2021-11-15,0.00034235505952663186
2021-11-16,0.003949949597194486
2021-11-17,-0.0024321196101301018
2021-11-18,0.0033905877017028213
2021-11-19,-0.001789913899331709
2021-11-22,-0.0028191789223692854
2021-11-23,0.001325207169582348
2021-11-24,0.0026663065270045062
2021-11-26,-0.022555638416717344
2021-11-29,0.012191930755232977
2021-11-30,-0.01964923070857049
2021-12-01,-0.011169356944583108
2021-12-02,0.015200083428291277
2021-12-03,-0.008739500206012914
2021-12-06,0.011773900553286061
2021-12-07,0.020473673917745308
2021-12-08,0.0026446498283898856
2021-12-09,-0.00677446919670397
2021-12-10,0.009369297249074445
2021-12-13,-0.008897688902432461
2021-12-14,-0.006903827343162
2021-12-15,0.01550420735512321
2021-12-16,-0.0088577766668898
2021-12-17,-0.010692463240012573
2021-12-20,-0.010690372857858434
2021-12-21,0.017603202090920568
2021-12-22,0.00994896144070018
2021-12-23,0.0062027586327865454
2021-12-27,0.014053076060211046
2021-12-28,-0.0008175075861907535
2021-12-29,0.0012782480164161406
2021-12-30,-0.0027682883208089756
2021-12-31,-0.002523352962148142
2022-01-03,0.005773315591260971
2022-01-04,-0.00033490151570331173
2022-01-05,-0.019389031478044966
2022-01-06,-0.0009398314000404023
2022-01-07,-0.003961434483861503
2022-01-10,-0.0012450744433080893
2022-01-11,0.009066964425851917
2022-01-12,0.0026998905560590173
2022-01-13,-0.013874424163111033
2022-01-14,0.0004090513595796731
2022-01-18,-0.01786822447265317
2022-01-19,-0.010437942721416897
2022-01-20,-0.01112970628799084
2022-01-21,-0.019826008073338043
2022-01-24,0.004237878100950446
2022-01-25,-0.01228407660935692
2022-01-26,-0.002512032587567471
2022-01-27,-0.0049500979069341255
2022-01-28,0.02453189128861126
2022-01-31,0.01785090692244309
2022-02-01,0.006734071018333431
2022-02-02,0.009667258631277388
2022-02-03,-0.023785752557414466
2022-02-04,0.004691367835271744
2022-02-07,-0.0032145383829579465
2022-02-08,0.00819420025945149
2022-02-09,0.014529966954364069
2022-02-10,-0.018128934829710966
2022-02-11,-0.019915743275324402
2022-02-14,-0.0032745369762447714
2022-02-15,0.01599807466953039
2022-02-16,0.0011201437456201488
2022-02-17,-0.021592745593709824
2022-02-18,-0.006496147222183759
2022-02-22,-0.01078976986149246
2022-02-23,-0.01789770407923256
2022-02-24,0.014936910011899118
2022-02-25,0.021824268925937248
2022-02-28,-0.00256187493466267
2022-03-01,-0.015347372014009559
2022-03-02,0.018228931149076855
2022-03-03,-0.004990766385977787
2022-03-04,-0.008157925044181051
2022-03-07,-0.02992229918053889
2022-03-08,-0.007610649322630851
2022-03-09,0.02645758791800882
2022-03-10,-0.004525858715667158
2022-03-11,-0.012796504967398595
2022-03-14,-0.007335005032939956
2022-03-15,0.021751968529333005
2022-03-16,0.021931918945163283
2022-03-17,0.012433431180806273
2022-03-18,0.010893248260596192
2022-03-21,-0.0002924468384262136
2022-03-22,0.011633520573475636
2022-03-23,-0.01296205318239451
2022-03-24,0.014961861688305428
2022-03-25,0.004871675796118575
2022-03-28,0.007087862029462918
2022-03-29,0.012294940966881038
2022-03-30,-0.006193982065943747
2022-03-31,-0.015511004743084804
2022-04-01,0.002830030862822709
2022-04-04,0.008530310934286448
2022-04-05,-0.012711957569918724
2022-04-06,-0.010049517440937508
2022-04-07,0.005026162946811485
2022-04-08,-0.0026776153106363824
2022-04-11,-0.01724005363984813
2022-04-12,-0.0037119506058080525
2022-04-13,0.011388483755251989
2022-04-14,-0.012529897596852824
2022-04-18,0.0004108789322318522
2022-04-19,0.016013916636697895
2022-04-20,-0.0007418616960766632
2022-04-21,-0.01506656026836084
2022-04-22,-0.027822617781288174
2022-04-25,0.005780895219428707
2022-04-26,-0.029388526156563184
2022-04-27,0.0028079331171319585
2022-04-28,0.024945593657828644
2022-04-29,-0.03765569506724141
2022-05-02,0.0060013525352597425
2022-05-03,0.004573494321234659
2022-05-04,0.029998599956886182
2022-05-05,-0.03618997707008419
2022-05-06,-0.005986617167511828
2022-05-09,-0.03254125954190487
2022-05-10,0.002307981814774669
2022-05-11,-0.016013750999891354
2022-05-12,-0.001044403090617511
2022-05-13,0.023626546574739466
2022-05-16,-0.004065901549216449
2022-05-17,0.020361722828815248
2022-05-18,-0.04114641314671298
2022-05-19,-0.0061436018469198895
2022-05-20,0.00043654262140708713
2022-05-23,0.018537070962435117
2022-05-24,-0.007663108147476276
2022-05-25,0.00879605694666157
2022-05-26,0.01978452837142661
2022-05-27,0.024252548978756897
2022-05-31,-0.005626683393473555
2022-06-01,-0.008121465075197717
2022-06-02,0.018864409876621257
2022-06-03,-0.016547621091490928
2022-06-06,0.003040052476902057
2022-06-07,0.009546666977077277
2022-06-08,-0.010931724124591525
2022-06-09,-0.02407031683407588
2022-06-10,-0.029424330123643722
2022-06-13,-0.03870778723941137
2022-06-14,-0.003017746928081565
2022-06-15,0.01415559515599726
2022-06-16,-0.03365626525512341
2022-06-17,0.0021533118836528477
2022-06-21,0.024861765367305156
2022-06-22,-0.0018145716309905535
2022-06-23,0.009754823906191163
2022-06-24,0.03129887320809245
2022-06-27,-0.003827015497705317
2022-06-28,-0.020644287433217372
2022-06-29,-0.0008147531896743652
2022-06-30,-0.008157672216509189
2022-07-01,0.010521043200781347
2022-07-05,0.00188673755709268
2022-07-06,0.0033718087937274453
2022-07-07,0.014866073843790028
2022-07-08,-0.0008230757282220604
2022-07-11,-0.011489296974431192
2022-07-12,-0.008888183552875326
2022-07-13,-0.005265582174817176
2022-07-14,-0.0024314879127330497
2022-07-15,0.018924994176330666
2022-07-18,-0.008291231575470894
2022-07-19,0.026660505323113308
2022-07-20,0.006353007014702059
2022-07-21,0.010131629466260504
2022-07-22,-0.009321266831769339
2022-07-25,0.0012140526697677547
2022-07-26,-0.011901616432212625
2022-07-27,0.025634972417820735
2022-07-28,0.012464463545689657
2022-07-29,0.014473401988525487
2022-08-01,-0.002965591835059931
2022-08-02,-0.006619159771060611
2022-08-03,0.015538068882703553
2022-08-04,-0.000675650076900771
2022-08-05,-0.0016916251125068532
2022-08-08,-0.0011617134226131972
2022-08-09,-0.003978898680603716
2022-08-10,0.020786601027772557
2022-08-11,0.0
2022-08-12,0.016787177713165378
2022-08-15,0.004112333745941324
2022-08-16,0.001956747983360175
2022-08-17,-0.007123193242827893
2022-08-18,0.002901995581583032
2022-08-19,-0.013529165811371152
2022-08-22,-0.021042186751614404
2022-08-23,-0.0024222144372018457
2022-08-24,0.0031961655234311152
2022-08-25,0.014018671291811733
2022-08-26,-0.03443507564226982
2022-08-29,-0.0066341693752284825
2022-08-30,-0.011038619592835882
2022-08-31,-0.007638172150180637
2022-09-01,0.0031329943556995606
2022-09-02,-0.010600387749808312
2022-09-06,-0.003780239683177752
2022-09-07,0.01780533110593481
2022-09-08,0.006514974640187209
2022-09-09,0.015415900221220564
2022-09-12,0.010690336978160046
2022-09-13,-0.04445605001016476
2022-09-14,0.0038083395809320525
2022-09-15,-0.0114181962428026
2022-09-16,-0.007656996493464474
2022-09-19,0.007725092045062684
2022-09-20,-0.011544999214099072
2022-09-21,-0.01759792199921677
2022-09-22,-0.008435206802049526
2022-09-23,-0.0168966464361044
2022-09-26,-0.009941998804265632
2022-09-27,-0.0025561227421614756
2022-09-28,0.019485417956964513
2022-09-29,-0.021110367969005287
2022-09-30,-0.015584141196678192
2022-10-03,0.0260585654563826
2022-10-04,0.030516216029808377
2022-10-05,-0.002330939822705167
2022-10-06,-0.010369396086945181
2022-10-07,-0.028290304379862397
2022-10-10,-0.007664627739325236
2022-10-11,-0.006353088931586953
2022-10-12,-0.0033039080816870186
2022-10-13,0.02604900506527255
2022-10-14,-0.0230524859784292
2022-10-17,0.025372219552607305
2022-10-18,0.011681194581862446
2022-10-19,-0.007111725800203483
2022-10-20,-0.008420655285830797
2022-10-21,0.024010841209624635
2022-10-24,0.012162378397194714
2022-10-25,0.01584223309940021
2022-10-26,-0.007562403964927054
2022-10-27,-0.005354387499583427
2022-10-28,0.023512042499951324
2022-10-31,-0.007249402259048993
2022-11-01,-0.004385443511064578
2022-11-02,-0.02541659190718474
2022-11-03,-0.010350374719643864
2022-11-04,0.014290583876957181
2022-11-07,0.009520071345710495
2022-11-08,0.005380951576764777
2022-11-09,-0.020817173961249467
2022-11-10,0.0534974357741975
2022-11-11,0.009631912223603545
2022-11-14,-0.008543268757059063
2022-11-15,0.008492892712794945
2022-11-16,-0.007657922466418342
2022-11-17,-0.0030646238289004806
2022-11-18,0.004530255121637406
2022-11-21,-0.003642806277671527
2022-11-22,0.013367405644002177
2022-11-23,0.006281704305455665
2022-11-25,-0.00022361359663841709
2022-11-28,-0.016085837612042974
2022-11-29,-0.0017189662902845498
2022-11-30,0.031014708570129536
2022-12-01,-0.0007361184912210134
2022-12-02,-0.0011545284025540783
2022-12-05,-0.01815304121763403
2022-12-06,-0.01451952327202251
2022-12-07,-0.0017026531013209498
2022-12-08,0.007803426995219262
2022-12-09,-0.007498421193162952
2022-12-12,0.01431443381877758
2022-12-13,0.007541309334922952
2022-12-14,-0.006414020352996357
2022-12-15,-0.0247660307915396
2022-12-16,-0.011875311903086164
2022-12-19,-0.008515726409222634
2022-12-20,0.0013673341893400293
2022-12-21,0.01484188417962648
2022-12-22,-0.014368845809333149
2022-12-23,0.00573561967997506
2022-12-27,-0.003951289174077704
2022-12-28,-0.012505729167260013
2022-12-29,0.0178402313544024
2022-12-30,-0.002637567197262495
2023-01-03,-0.004218592957299664
2023-01-04,0.007690457822802522
2023-01-05,-0.011478967159161206
2023-01-06,0.02267319713394205
2023-01-09,-0.0005671023980455219
2023-01-10,0.006988240997740003
2023-01-11,0.012568592278884927
2023-01-12,0.0036341923708962474
2023-01-13,0.0038720500778874098
2023-01-17,-0.0018336703888603082
2023-01-18,-0.01591401010186211
2023-01-19,-0.007306496653775155
2023-01-20,0.018457721727692143
2023-01-23,0.011927240756465328
2023-01-24,-0.0010738726010585237
2023-01-25,0.000374553174351814
2023-01-26,0.01093059521753329
2023-01-27,0.0022950328514024006
2023-01-30,-0.012626327661274141
2023-01-31,0.014596482245363251
2023-02-01,0.010571579079479422
2023-02-02,0.014452176138753218
2023-02-03,-0.010686226020364498
2023-02-06,-0.006129860653368275
2023-02-07,0.012993738703725813
2023-02-08,-0.01099510118818866
2023-02-09,-0.008706877889447372
2023-02-10,0.0023308304860456624
2023-02-13,0.011670662092564264
2023-02-14,-0.0004603266314689076
2023-02-15,0.003242104741449785
2023-02-16,-0.013864431003420299
2023-02-17,-0.0025013046683914214
2023-02-21,-0.020264850648628995
2023-02-22,-0.0013790746969385224
2023-02-23,0.005305186917739164
2023-02-24,-0.010739750294082234
2023-02-27,0.003400126024925355
2023-02-28,-0.003702913938528561
2023-03-01,-0.003843097113474836
2023-03-02,0.007746962066232741
2023-03-03,0.015910638106570944
2023-03-06,0.0006924244432800804
2023-03-07,-0.015447347987462019
2023-03-08,0.0016307620335405172
2023-03-09,-0.018622189540926017
2023-03-10,-0.014534534953193914
2023-03-13,-0.0014262079443083519
2023-03-14,0.01639483456359674
2023-03-15,-0.006274017477010688
2023-03-16,0.017393095262563555
2023-03-17,-0.01176099309649656
2023-03-20,0.009569655445898552
2023-03-21,0.013045092852958875
2023-03-22,-0.01719355734235642
2023-03-23,0.0026998738224952535
2023-03-24,0.006540504317571009
2023-03-27,0.0018682048984800712
2023-03-28,-0.0022472197610962957
2023-03-29,0.014430221203234849
2023-03-30,0.005838051254281092
2023-03-31,0.013996360632687346
2023-04-03,0.0038033075420452326
2023-04-04,-0.0055636286030792195
2023-04-05,-0.002621634740771174
2023-04-06,0.0038933300588175172
2023-04-10,0.001025863364885429
2023-04-11,0.00026838603342632124
2023-04-12,-0.004084159519714499
2023-04-13,0.013195083337612098
2023-04-14,-0.00244561486760589
2023-04-17,0.0035817178411675114
2023-04-18,0.0006521083608625245
2023-04-19,-0.00016908821071512606
2023-04-20,-0.005471826844173142
2023-04-21,0.0007764843095087104
2023-04-24,0.0010426223537911637
2023-04-25,-0.016000979816768346
2023-04-26,-0.004244797472825213
2023-04-27,0.0197124726505049
2023-04-28,0.008498931489089534
2023-05-01,-0.0010102677847657678
2023-05-02,-0.01130283301844638
2023-05-03,-0.006887569149915449
2023-05-04,-0.0071081853000735966
2023-05-05,0.01834322840320016
2023-05-08,0.0002666693728712773
2023-05-09,-0.004395003471492605
2023-05-10,0.004661354475463292
2023-05-11,-0.001745555533080087
2023-05-12,-0.001310983108920054
2023-05-15,0.003443944040631035
2023-05-16,-0.0067049272119837
2023-05-17,0.01206569922387001
2023-05-18,0.009587349320542438
2023-05-19,-0.001456288579065288
2023-05-22,0.00040595622447689786
2023-05-23,-0.011286042837930008
2023-05-24,-0.007271290918325582
2023-05-25,0.008622621001324961
2023-05-26,0.01286756919093666
2023-05-30,0.0003807933889543
2023-05-31,-0.005560544818108144
2023-06-01,0.00945612599219729
2023-06-02,0.014357437248286316
2023-06-05,-0.0019180090685876304
2023-06-06,0.0021751513273986015
2023-06-07,-0.003463609260940957
2023-06-08,0.006030212192912454
2023-06-09,0.0017928292838407902
2023-06-12,0.009030861411574956
2023-06-13,0.006571226670995819
2023-06-14,0.0011902279357176159
2023-06-15,0.012321498505110657
2023-06-16,-0.0034111920252581683
2023-06-20,-0.005201751737517153
2023-06-21,-0.005137045126317746
2023-06-22,0.0036034073027054574
2023-06-23,-0.007588854666516418
2023-06-26,-0.0040940381285768735
2023-06-27,0.010903648212617561
2023-06-28,0.0005042589941825152
2023-06-29,0.003933711042963729
2023-06-30,0.011731388884799332
2023-07-03,0.0011500204498870478
2023-07-05,-0.001488284082107491
2023-07-06,-0.007861548720484493
2023-07-07,-0.0025277751828227065
2023-07-10,0.0025277751828226623
2023-07-11,0.00634828915191379
2023-07-12,0.008013827641814783
2023-07-13,0.007905547600638965
2023-07-14,-0.0006230405006987558
2023-07-17,0.0034662604599288126
2023-07-18,0.007403131550489115
2023-07-19,0.0022212205171653642
2023-07-20,-0.006656699397517866
2023-07-21,0.0
2023-07-24,0.004457424414672314
2023-07-25,0.0027262301825156147
2023-07-26,0.0001538569586631284
2023-07-27,-0.0066521538759872975
2023-07-28,0.00974280821224973
2023-07-31,0.0019020749865317126
2023-08-01,-0.002865500097185844
2023-08-02,-0.014008551774810018
2023-08-03,-0.0028699183648107757
2023-08-04,-0.004533082755099695
2023-08-07,0.008690800478893859
2023-08-08,-0.004358283910344739
2023-08-09,-0.006707750177484046
2023-08-10,0.0003588574228175834
2023-08-11,-0.0005831801966159332
2023-08-14,0.005504965843901212
2023-08-15,-0.011717413013881982
2023-08-16,-0.007365295828012479
2023-08-17,-0.00764908095496408
2023-08-18,0.0004812855193917513
2023-08-21,0.006485318055631694
2023-08-22,-0.0027122916747096067
2023-08-23,0.011076243046754204
2023-08-24,-0.013956067542527385
2023-08-25,0.007025035380786767
2023-08-28,0.006321318123988223
2023-08-29,0.014351269826644836
2023-08-30,0.004110336379427967
2023-08-31,-0.0014644415223118335
2023-09-01,0.0018635242236306848
2023-09-05,-0.004331223293371557
2023-09-06,-0.006745311139205039
2023-09-07,-0.003074796111259693
2023-09-08,0.001504906994996006
2023-09-11,0.006554946005353434
2023-09-12,-0.005500553665768918
2023-09-13,0.0011653598429644681
2023-09-14,0.008585279800391659
2023-09-15,-0.012121101641536644
2023-09-18,0.0005864029194754952
2023-09-19,-0.0020761229391678105
2023-09-20,-0.009235896499656825
2023-09-21,-0.016666302996544407
2023-09-22,-0.002251173843299613
2023-09-25,0.00419649014925105
2023-09-26,-0.014800278237439748
2023-09-27,0.00039901776015675004
2023-09-28,0.0057808270369214595
2023-09-29,-0.0024300853631659216
2023-10-02,-0.0003976827267568413
2023-10-03,-0.013476497709171604
2023-10-04,0.0072557096190697355
2023-10-05,-0.00037692561631925443
2023-10-06,0.011802958133915496
2023-10-09,0.006381763569049478
2023-10-10,0.005191149425001122
2023-10-11,0.0040880298401276246
2023-10-12,-0.006115074125448912
2023-10-13,-0.004993346969861455
2023-10-16,0.010466401558234391
2023-10-17,-4.5791297453286465e-05
2023-10-18,-0.013414683634417859
2023-10-19,-0.008825307111291387
2023-10-20,-0.012363970224396302
2023-10-23,-0.0017347825269979395
2023-10-24,0.007511063690208408
2023-10-25,-0.01445617268581561
2023-10-26,-0.012046904199772935
2023-10-27,-0.0045429608805382
2023-10-30,0.011884888862211136
2023-10-31,0.0062603975304075625
2023-11-01,0.010608293357892921
2023-11-02,0.018983171939720874
2023-11-03,0.009081882773210936
2023-11-06,0.002297944378668685
2023-11-07,0.002842118338625013
2023-11-08,0.0007320433204025534
2023-11-09,-0.007829297260760296
2023-11-10,0.01548437566252371
2023-11-13,-0.0009536862280692747
2023-11-14,0.019214770891654437
2023-11-15,0.0021150157248419526
2023-11-16,0.0012222043543984819
2023-11-17,0.0012429710471771956
2023-11-20,0.007668333926237924
2023-11-21,-0.00218176446662883
2023-11-22,0.003853282073128195
2023-11-24,0.0006152475362890969
2023-11-27,-0.0018027230203354928
2023-11-28,0.0009896608010073204
2023-11-29,-0.0007035838604140693
2023-11-30,0.003929667197417463
2023-12-01,0.005898481154002904
2023-12-04,-0.005263344208030809
2023-12-05,-0.0001970912621042061
2023-12-06,-0.004037811485373799
2023-12-07,0.007601421800191885
2023-12-08,0.004289897438040187
2023-12-11,0.0038820266697951016
2023-12-12,0.004556910452516196
2023-12-13,0.013695879080741916
2023-12-14,0.00320409558372009
2023-12-15,-0.0016476505800676637
2023-12-18,0.005609407191601917
2023-12-19,0.006062498444966566
2023-12-20,-0.01395434306373346
2023-12-21,0.009437398361500638
2023-12-22,0.0020076586168858756
2023-12-26,0.0042135985518168525
2023-12-27,0.0018064898590680666
2023-12-28,0.00037763571056866925
2023-12-29,-0.002899141312187218
2024-01-02,-0.00561216553077597
2024-01-03,-0.008200155294433562
2024-01-04,-0.0032262673829989035
2024-01-05,0.0013686442759520826
2024-01-08,0.014174997121450145
2024-01-09,-0.00151827315144676
2024-01-10,0.005639579840353951
2024-01-11,-0.00044067377189415367
2024-01-12,0.0006924909497189634
2024-01-16,-0.0036780803028532245
2024-01-17,-0.0055741358287610876
2024-01-18,0.008853599888083152
2024-01-19,0.01238906333483556
2024-01-22,0.0021121221357075786
2024-01-23,0.0029122311269057736
2024-01-24,0.0010923994024232058
2024-01-25,0.005424312142899006
2024-01-26,-0.0012712033623141614
2024-01-29,0.007888125363803592
2024-01-30,-0.0007737009497497225
2024-01-31,-0.016451935755557555
2024-02-01,0.013003092141637395
2024-02-02,0.010472376718270966
2024-02-05,-0.003647818148850921
2024-02-06,0.002899169944717179
2024-02-07,0.008305797844841143
2024-02-08,0.0004416922720754839
2024-02-09,0.005762785018328245
2024-02-12,-0.0004391536572504237
2024-02-13,-0.01386863497989289
2024-02-14,0.009046432275680697
2024-02-15,0.006876104852665444
2024-02-16,-0.0049925272389254715
2024-02-20,-0.005520580679788887
2024-02-21,0.0009054669246811128
2024-02-22,0.02048427483421415
2024-02-23,0.0006893564692177864
2024-02-26,-0.0036691705927725604
2024-02-27,0.0018559818071306824
2024-02-28,-0.001322472792085225
2024-02-29,0.0035885448811783212
2024-03-01,0.009344402385513203
2024-03-04,-0.0010728906903301073
2024-03-05,-0.010044470488524134
2024-03-06,0.005054451213672754
2024-03-07,0.009877421917939975
2024-03-08,-0.006020228001987373
2024-03-11,-0.0008602347990522924
2024-03-12,0.010699817434239055
2024-03-13,-0.00156856153810835
2024-03-14,-0.0019788699251399398
2024-03-15,-0.0068904283803672165
2024-03-18,0.005925717898610051
2024-03-19,0.005541589645421393
2024-03-20,0.009206821602473686
2024-03-21,0.003299333195893751
2024-03-22,-0.0018976252787615473
2024-03-25,-0.0027666615615040387
2024-03-26,-0.001848702665923797
2024-03-27,0.008368744277527854
2024-03-28,-0.00019121132044676284
2024-04-01,-0.0017412427449875478
2024-04-02,-0.006378490735143356
2024-04-03,0.0010979432696385906
2024-04-04,-0.01228127931889397
2024-04-05,0.010392861746821363
2024-04-08,0.0005590623500115936
2024-04-09,0.001156137072551048
2024-04-10,-0.010063498809898657
2024-04-11,0.007518541380300348
2024-04-12,-0.013899394772744569
2024-04-15,-0.012607245830416721
2024-04-16,-0.0018253576364950972
2024-04-17,-0.005935927480360403
2024-04-18,-0.0020597578338612736
2024-04-19,-0.008766708349759044
2024-04-22,0.009166917140418666
2024-04-23,0.01179686884003627
2024-04-24,-0.0004747555073472057
2024-04-25,-0.0038061800948064038
2024-04-26,0.009429424995692189
2024-04-29,0.0035351854801634313
2024-04-30,-0.015968097516669295
2024-05-01,-0.003252442196624965
2024-05-02,0.009310001662540712
2024-05-03,0.012319122940144605
2024-05-06,0.010273801783718789
2024-05-07,0.0011027654164693383
2024-05-08,9.670653921764079e-05
2024-05-09,0.005745493138242412
2024-05-10,0.0012872042517754739
2024-05-13,0.00013427026305757914
2024-05-14,0.0045777634870634515
2024-05-15,0.012306882060957584
2024-05-16,-0.002059628002483484
2024-05-17,0.001436406917439661
2024-05-20,0.0011515147146436862
2024-05-21,0.0024496294527714306
2024-05-22,-0.002883523763495728
2024-05-23,-0.007331108144909672
2024-05-24,0.006594671064738884
2024-05-28,0.0006986404346658974
2024-05-29,-0.007027211312741141
2024-05-30,-0.006655740072891776
2024-05-31,0.0090669240398105
2024-06-03,0.0008150213862578369
2024-06-04,0.0011172141202344785
2024-06-05,0.011815146143248075
2024-06-06,-1.882117698662485e-05
2024-06-07,-0.0012164107894297213
2024-06-10,0.00308512981695307
2024-06-11,0.002405309838597279
2024-06-12,0.008179548208059268
2024-06-13,0.0020112871687958576
2024-06-14,0.0006082898970724747
2024-06-17,0.007927438679185748
2024-06-18,0.0025374572170975642
2024-06-20,-0.0027203042526337423
2024-06-21,-0.0013414709682168405
2024-06-24,-0.003255944101917881
2024-06-25,0.003843415797246135
2024-06-26,0.001247278582338756
2024-06-27,0.0015753185036725455
2024-06-28,-0.003942774795779342
2024-07-01,0.0020559204140425964
2024-07-02,0.006707055223725037
2024-07-03,0.004452632112661531
2024-07-05,0.005749987389880381
2024-07-08,0.0011533385600165722
2024-07-09,0.0009719209870992572
2024-07-10,0.0098466772093742
2024-07-11,-0.008659914986306276
2024-07-12,0.006287749582181525
2024-07-15,0.002746288590779592
2024-07-16,0.005912675939542536
2024-07-17,-0.014120419818613374
2024-07-18,-0.007714501336507757
2024-07-19,-0.006662793106104064
2024-07-22,0.010257063215957365
2024-07-23,-0.0015697151248817362
2024-07-24,-0.022923289715708343
2024-07-25,-0.005224014643831274
2024-07-26,0.011137455524998837
2024-07-29,0.0005875472209788712
2024-07-30,-0.0050792139047011785
2024-07-31,0.01612379731443068
2024-08-01,-0.014262085723918048
2024-08-02,-0.018793959115654006
2024-08-05,-0.02955626305054529
2024-08-06,0.009177255171472587
2024-08-07,-0.0067062814507201285
2024-08-08,0.022854211150908674
2024-08-09,0.004399904343388108
2024-08-12,0.0005253055528866102
2024-08-13,0.016311769999502995
2024-08-14,0.0031498341100586837
2024-08-15,0.016994979248221655
2024-08-16,0.0022395046437145164
2024-08-19,0.00951602054157606
2024-08-20,-0.0016274237346696687
2024-08-21,0.0034306033449820594
2024-08-22,-0.007879327186701651
2024-08-23,0.0105691819833575
2024-08-26,-0.0023866297952113147
2024-08-27,0.0013722176298276002
2024-08-28,-0.005822291158120691
2024-08-29,8.964853200231414e-05
2024-08-30,0.009500698094583203
2024-09-03,-0.020793863604678567
2024-09-04,-0.0020488197175784475
2024-09-05,-0.002435118737062469
2024-09-06,-0.01697331078074767
2024-09-09,0.011134016544490543
2024-09-10,0.004346200679629607
2024-09-11,0.010206688237242741
2024-09-12,0.00838789758104609
2024-09-13,0.005209229111494013
2024-09-16,0.0014758191757013712
2024-09-17,0.0004083858126653901
2024-09-18,-0.002970121512728521
2024-09-19,0.01692049436205894
2024-09-20,-0.001731013030648216
2024-09-23,0.0024957830727825358
2024-09-24,0.0028572199249817408
2024-09-25,-0.0022079319254054044
2024-09-26,0.003956795610045245
2024-09-27,-0.0014513409963401271
2024-09-30,0.0039992019980517
2024-10-01,-0.008998817706609517
2024-10-02,0.00042198544776417637
2024-10-03,-0.0018298910690843348
2024-10-04,0.009046345002780202
2024-10-07,-0.009081568052748004
2024-10-08,0.009413112792512116
2024-10-09,0.0069025145611961705
2024-10-10,-0.0017515417174031708
2024-10-11,0.0059703736197406964
2024-10-14,0.008145074671632304
2024-10-15,-0.0078000567272769284
2024-10-16,0.004337057603802122
2024-10-17,8.586270558673028e-05
2024-10-18,0.003839105268871988
2024-10-21,-0.0016435264181308073
2024-10-22,-0.0005312995540377734
2024-10-23,-0.009179353360714041
2024-10-24,0.0021603319757513505
2024-10-25,-0.00034533964496960936
2024-10-28,0.0030865552537514716
2024-10-29,0.001617065551064632
2024-10-30,-0.0030298358491037914
2024-10-31,-0.01979779980485798
2024-11-01,0.00421171477556377
