ticker,pca_score,if_score,ae_score,composite_score_raw,composite_score,annual_return
BRK.B,2.077903325453429e-31,0.6655682644815933,0.3945146539027583,5.0155861898729,1.0,0.1335916497023918
ABNB,1.7964357768906879e-31,0.6660373870347975,0.6742115574574519,4.613406613324246,0.9374146238623572,-0.0151097574130549
MTCH,1.7102257906158654e-31,0.6311974060621374,0.4504940157837357,3.992135518814395,0.8407352114789187,-0.2504885752963552
NFLX,1.2977266134361994e-31,0.6518714159086311,0.19321530098492073,3.2636950682358927,0.7273785861013636,0.3427830581983359
BX,1.3533268977966058e-31,0.6219966519305462,0.268854004373356,3.117007785968368,0.7045517712389461,0.1995975958959756
MNST,1.3420230021571058e-31,0.5868298122106377,0.7255381702488953,2.979662410363555,0.6831787018584498,0.1485036480016719
EXPE,1.2907232318202456e-31,0.6045080839530718,0.292748471015453,2.8359339186725037,0.660812320672775,0.0781903501056121
LEN,1.27951782123472e-31,0.5942268595466229,0.19212646342313813,2.662901831506528,0.6338858458077493,0.123908705315159
META,1.054402873416912e-31,0.5889662883877915,1.1085436795564918,2.6337141116914187,0.6293437841772086,0.2544901339560007
CHTR,1.2087836669135887e-31,0.596598872929368,0.12402426651453659,2.5144572613568617,0.6107855697118455,0.1307778640828337
AXON,1.2052929188893869e-31,0.5931073167213605,0.1851317708307735,2.50412980727598,0.6091784577750762,0.3268241292779881
GNRC,1.0540089332010145e-31,0.5936759116039937,0.464611894543331,2.3558890558596692,0.5861098990333962,0.1326675483095759
NEM,1.0336991265147492e-31,0.5880471817905584,0.2973463970765752,2.1772970117494905,0.5583182086851574,-0.0030109757912736
ROL,9.968547735445683e-32,0.5942123241521841,0.28092639916062373,2.15784222666039,0.5552907425643583,0.1648308067354283
A,1.1989789326512537e-31,0.5468132324288765,0.2793416457705575,2.085514284340308,0.5440353936125041,0.1285441683242928
GOOGL,8.992341994884404e-32,0.5541456823685988,1.1137717001748333,1.9934936846973081,0.5297155619331054,0.1902041947367812
JPM,9.728134775910527e-32,0.5476293544236202,0.8671513790442881,1.9488912744155922,0.5227747355289357,0.1360093173878703
EXR,8.642172914086724e-32,0.5907027753382009,0.37304443513902014,1.9118461955924788,0.5170099470429329,0.1248035180380779
ZBRA,1.092702616629158e-31,0.5366116497718888,0.5153833275264149,1.8974289004585154,0.5147663924432941,0.1894620297066916
CSCO,1.1429518797236251e-31,0.5333526253840714,0.18858241845927717,1.7991464526975083,0.49947212013430053,0.0849130563253634
TDG,9.113150327759602e-32,0.5632044146374136,0.35572308513305717,1.7252568549316065,0.48797375338847293,0.1888039730969466
MCD,9.423487675616546e-32,0.5475360442575035,0.49618009624736986,1.7025532084689596,0.48444071407863387,0.1003723741811586
STE,6.912337654946189e-32,0.5879773005038099,0.6291609885319767,1.6774172993815581,0.4805291770028413,0.1572072343850453
C,8.859277744181285e-32,0.5475241672486479,0.620708500932489,1.655260540231611,0.4770812418359424,0.0367713953285067
JNJ,7.710723159164897e-32,0.592273432342183,0.11421010018947518,1.616249309863643,0.4710104896930221,0.0689901535581665
CTRA,6.290787536530307e-32,0.6098954871811045,0.2682279446945292,1.5901997050739851,0.4669567674031225,-0.0068139528658476
DXCM,7.332540551903404e-32,0.5659280414092391,0.5706887803139008,1.5136975712945355,0.45505184955769856,0.2547485605356927
NVR,5.956485492206273e-32,0.6160849861642334,0.08029528096672588,1.4915334015892774,0.45160276119352527,0.1932951290517516
CNP,7.537389464170046e-32,0.5684033124939347,0.27971397541084025,1.431725647087043,0.44229574753661144,0.0318199882604414
MS,8.095909148042344e-32,0.5464691392574307,0.46526051530478013,1.4185020868746474,0.44023795659438186,0.1509412839629436
LKQ,8.621162769238863e-32,0.5553109419990242,0.08317188006221064,1.4154677748204465,0.4397657706050762,0.0427925896923215
STZ,6.422100941829437e-32,0.5838130117188699,0.32978585982873326,1.3910465216437822,0.43596544506659324,0.1543054780741669
MSFT,4.8463400782398806e-32,0.6038373816300523,0.432365875648413,1.332426704181587,0.42684329282685207,0.2282735142781657
VMC,6.807286930706884e-32,0.5484987976123115,0.7052961486277072,1.308366950294999,0.4230992221813626,0.1364560974967956
UPS,5.721762780234078e-32,0.5438107382506219,1.2150508714443244,1.3072675142107024,0.4229281328847218,0.0476599651197942
PAYC,6.737253114547349e-32,0.5565314756574888,0.46389390490403953,1.252296662430503,0.4143738162662741,0.244247054859224
TMUS,7.115435721808842e-32,0.5483535969973192,0.4376851255895836,1.2325256072210944,0.41129713361237696,0.2066715971252141
BRO,8.025875331882809e-32,0.5438315959647485,0.16313757709871693,1.2273986037379137,0.4104992923987393,0.1754912810646493
F,6.646209153539952e-32,0.576442174966444,0.028395368379285812,1.2111102464083365,0.40796457151886745,-0.0216446128545903
ODFL,8.558132334695281e-32,0.5233429726912875,0.28905826229195075,1.1933064123915453,0.40519401897565976,0.2395178447913014
PANW,4.608225103297459e-32,0.5824189677020345,0.6325887869713213,1.1767601047824359,0.40261915703390727,0.2584878491551861
TSLA,6.870317365250467e-32,0.5521817317191043,0.3268107164311056,1.1667355051950732,0.40105917395075724,0.3941871870647147
ORCL,6.450114468293252e-32,0.5501571041999797,0.49075002058672373,1.1474962390084888,0.39806524591186304,0.1344562213106086
KEYS,4.7342859723846233e-32,0.5715151935123723,0.7249978710442726,1.1408044987747912,0.39702390740547894,0.1675832069555276
STT,7.87180093633183e-32,0.5281435465360417,0.2515200056065001,1.0880841381550523,0.38881980209557304,0.0552049257179354
ESS,6.555165192532556e-32,0.5245396027164744,0.8270864176953044,1.0857131698993427,0.3884508426835427,0.0528708654304086
GPN,6.535905893088683e-32,0.5598132894388749,0.13678640124155886,1.0811285612437218,0.38773740651252125,0.1277592143534497
FAST,4.62923524814532e-32,0.5343422736896911,1.3556865470012636,1.0726926833776038,0.38642465315534436,0.1002541546822122
MTD,5.994894663256268e-32,0.5201995401115794,1.0985096108082157,1.070505901454338,0.38608435599164187,0.1619366543933316
CMCSA,6.58317871899637e-32,0.5197583100699983,0.8706991421913415,1.0661983200192013,0.3854140295502171,0.0690364017143621
PCG,7.731733304012757e-32,0.5282572621059637,0.23978556383355176,1.0560798356542858,0.383839436540409,-0.0602341869491265
WMT,7.056344689424234e-32,0.519849213040604,0.5875102104646154,1.0169303539111136,0.37774717034052707,0.1074377086361763
DHI,6.765266641011163e-32,0.5514454210026124,0.08127527036621478,1.0158576062788067,0.377580234180703,0.1782165518947857
LYV,5.889843939016965e-32,0.5410748152229261,0.5983617860733017,1.0035989752143966,0.3756726011708853,0.2108341410677693
NWSA,3.902634405490135e-32,0.5463064179918403,1.2382462591758863,0.989731631084958,0.37351462747212383,0.0482003115112663
T,6.86375169498551e-32,0.5339389184265745,0.28069028099557974,0.9635516942612001,0.36944062349749285,-0.0150083017977944
JKHY,6.050921716183897e-32,0.5386588827096939,0.4978636606703242,0.9607957634003329,0.3690117579369468,0.1268803628586628
DIS,6.618195627076138e-32,0.5394874411795753,0.22918503985431463,0.9443334064355534,0.3664499600167378,0.0531731476153699
WM,7.283516880591728e-32,0.5279706820967139,0.14669457206335806,0.9194146933654699,0.36257222200790956,0.155687740416906
MLM,5.553681621451193e-32,0.5544509035886465,0.29924320974824165,0.9191837909044219,0.36253629000584275,0.1513067191930685
NSC,5.630718819226682e-32,0.5267032884398531,0.8072374037064521,0.9172423810350512,0.3622341765371415,0.1162375178251853
DPZ,6.786276785859024e-32,0.522473197351894,0.39792338855396886,0.8949828212478319,0.35877024399761104,0.1892129638302948
ENPH,6.471124613141112e-32,0.5335867585666436,0.2856002718631647,0.8862398848877239,0.357409707579177,0.2616400819313938
L,5.693749253770264e-32,0.54625163485076,0.30760953173865024,0.8702685520102401,0.35492432061812157,0.0546840583014477
AEE,6.341999764596969e-32,0.5283220251554762,0.3903814046040752,0.8621428535576532,0.35365983598565864,0.0853275977427892
COST,3.4736772815129783e-32,0.5395743895902958,1.2732203531522193,0.8579321516296046,0.3530045854972278,0.1824901557685614
PTC,6.221738570910515e-32,0.5347655165677035,0.2864731823528514,0.8497485820951669,0.3517310952273921,0.17535303273248
MGM,6.898330891714281e-32,0.49856770643582476,0.7061793760558727,0.837242520988846,0.3497849582677378,0.0920097090544003
HST,7.395570986446986e-32,0.514186551797016,0.20336957915938864,0.834576115911838,0.3493700243068641,0.0060177533075526
XOM,5.525668094987379e-32,0.5234932422803192,0.6596815802018183,0.7913035792064099,0.3426361468450096,0.0219199081660043
CMS,7.40257436806294e-32,0.49692272072843885,0.40747095413414125,0.7692165625305096,0.33919906468812294,0.0856633327143353
GS,5.161492250957792e-32,0.5354056663503869,0.5230595895377832,0.7686622022547002,0.33911279763628743,0.1160904690445758
ADSK,6.387084033749669e-32,0.5252201323517715,0.2467885057953658,0.7684387253311376,0.33907802116295366,0.1733029005131993
BKNG,6.21199949335083e-32,0.5300787384129731,0.21357550252011973,0.7653409168566938,0.33859595414642524,0.169755072560902
CBRE,5.826813504473383e-32,0.5432441859221472,0.08778714965124577,0.7563311157385727,0.3371938894350792,0.1569476908185308
DOW,4.1460019166445224e-32,0.5759026964002971,0.09547145711614707,0.7534586751253264,0.33674689315109135,-0.002991097327492
AES,6.078935242647712e-32,0.5343714936360476,0.13937762217322144,0.7442955484287016,0.33532096860309096,0.0245852064375206
EG,4.391120273202898e-32,0.5481668290624169,0.5127780697103653,0.7387881203988287,0.33446392743317743,0.0972277048384044
UHS,5.527418940391367e-32,0.5358092777122831,0.27802717861317744,0.7207632861988732,0.3316589838358329,0.1199917382262645
EFX,5.532671476603332e-32,0.5347254872537636,0.26899401369770914,0.7066304740728834,0.32945969920189355,0.1332182969809064
HAS,5.266542975197096e-32,0.5284053916438013,0.4327991348749235,0.675184881441282,0.3245662775627125,0.0514673284372011
AAPL,4.986407710558953e-32,0.5374095643704901,0.34892368017645653,0.6668582886324277,0.3232705306544303,0.2056282996401753
JCI,3.4176502285853497e-32,0.5660914052435018,0.3892360742345673,0.6631790913730168,0.32269799053108333,0.0819768883907148
LVS,6.282033309510366e-32,0.49970440901316787,0.5533781732249495,0.6518791279484041,0.32093954106594635,0.0050190792265981
CL,5.154488869341838e-32,0.5397152508233349,0.13187929187516187,0.613184915139373,0.31491812176916056,0.047619407623681
WMB,5.777789833161708e-32,0.5084216140973401,0.46277607942745297,0.5937983311517594,0.3119012687969112,0.0351483483614162
OTIS,4.930380657631324e-32,0.5271398671427946,0.40379931431412036,0.5828794255980593,0.3102021178431157,0.1704576012184224
WST,5.714759398618126e-32,0.519049752564244,0.23081478481937728,0.5692606489591938,0.3080828250988338,0.2063172080678857
INTC,3.4736772815129783e-32,0.5607696162354864,0.2815840559398099,0.5678895868188574,0.307869466577505,0.0069108714383994
AME,6.254019783046552e-32,0.509454202407871,0.19411091180306722,0.5616433095732599,0.30689744901701504,0.1293963401434363
POOL,4.5802115768336444e-32,0.5484739489454775,0.08028421686166325,0.5614750942715034,0.30687127210862286,0.1797999371151483
AOS,4.913309914942437e-32,0.5168265604630656,0.5519547660624929,0.5528660788080574,0.3055315758575643,0.1303338618724598
EVRG,5.373344544840388e-32,0.512450659196085,0.4214020964708448,0.5338885230389546,0.3025783740163,0.0596345567851507
LNT,6.331056980822041e-32,0.49724198031949257,0.3426656795666231,0.5315175361708457,0.3022094117078918,0.0794598197442593
TXN,4.061961337253079e-32,0.5540450269622879,0.11174578120954647,0.5311103455822035,0.3021460465405987,0.1562622375183343
ETN,3.3336096491939065e-32,0.548634348963719,0.49545463757426184,0.5290972598793499,0.3018327792011888,0.1506395974453868
ACGL,5.140482106109932e-32,0.5195602216106128,0.360332997200955,0.5276338271484216,0.3016050463841639,0.1582196361662073
MPWR,5.497654568523564e-32,0.5239321859324217,0.12063192263705234,0.5195942957558927,0.30035397068188757,0.296445870347115
CEG,2.857379699309063e-32,0.5345386841019286,0.9292405419081983,0.5161282692135333,0.2998146032263888,0.6527114509089613
EXC,4.599580304115266e-32,0.5127528233191085,0.6686161266911967,0.5105158430698791,0.2989412227224366,0.0494123614818336
QCOM,6.387084033749669e-32,0.508353755402349,0.03715018135731991,0.4979443545411353,0.2969849042416888,0.0792667987554273
GM,5.805803359625522e-32,0.5166926523716314,0.08389877308462024,0.4901210777065041,0.2957674811006977,0.0473100553721806
TT,5.49065118690761e-32,0.508177298890419,0.35975704008494896,0.48387719341640034,0.2947958359211748,0.1912020528481142
CMG,5.49065118690761e-32,0.5124003532325112,0.2566895400440694,0.47352562645670215,0.2931849716466974,0.1924706007234725
ALB,7.087422195345028e-32,0.4728330406994842,0.39475544326411344,0.4655188975310873,0.29193900051673094,0.0358547049194777
RSG,6.219002874966784e-32,0.49087803714773764,0.3746687521502499,0.46343861156321053,0.29161527577443863,0.161214470343774
ACN,5.49065118690761e-32,0.5157511127362774,0.1632176179191477,0.459442887302252,0.2909934791432909,0.1362363999429887
FICO,4.981155174346987e-32,0.5193304776299563,0.2814510083081291,0.4548167687152221,0.29027358338351306,0.3236135165897171
DG,4.370110128355037e-32,0.5284026456086773,0.32761700545336686,0.4481001666911123,0.28922837599716805,0.0545154255087644
DD,4.230042496035965e-32,0.5267152870075879,0.4106886352455966,0.4460333592865232,0.28890674872824923,0.0474767637956551
MMM,2.6892985405261764e-32,0.5707788531651663,0.1296535861916561,0.4372292509773812,0.28753669300634327,0.0400456056330822
KO,6.106948769111526e-32,0.5013710366085824,0.15763681365554136,0.4355401482550322,0.287273842440632,0.0463173338579303
NI,5.406610607516168e-32,0.5031439632332748,0.3435238522582061,0.41007123496111236,0.2833104847485386,0.1053929098770604
ALGN,6.03691495295199e-32,0.5015242780911287,0.11693549419272045,0.40299819930313646,0.2822098107638271,0.168671113095847
ATO,4.7132758275367625e-32,0.5197450435032809,0.26568862544992605,0.39889249560722767,0.2815708996278533,0.1144564281497096
PRU,4.834084160411962e-32,0.5017961778647002,0.5684004936957299,0.39843921192036846,0.28150036166000675,0.0653383935279121
MRNA,3.977920757861636e-32,0.5080644588339979,0.7771635600288641,0.39820971016836265,0.2814646476299787,0.1828351808925887
ORLY,4.240547568459896e-32,0.5334093174275472,0.17692283773095607,0.3963353581901529,0.28117296940858,0.2153871168737247
NOW,3.8938801784701933e-32,0.5262937009955894,0.42316821268924715,0.3828172298328222,0.2790693390970141,0.291137321143146
AMZN,5.602705292762868e-32,0.5001041437145098,0.2438525461638604,0.3683768445927073,0.2768221913189476,0.2312211342478957
EPAM,6.169979203655109e-32,0.47689706074381333,0.45711162908876096,0.3582917799015606,0.27525279892840304,0.1945217155608652
EL,3.6562029148787685e-32,0.5423828511283244,0.1473851000642931,0.3558448286473787,0.274872015384028,0.0073905151526504
SWK,5.154488869341838e-32,0.5079060447988608,0.22301071766437336,0.34723332956867276,0.27353193264393744,0.018046850254056
GPC,3.874620879026321e-32,0.530162106052293,0.2810388419378848,0.34564027702738115,0.2732840289752346,0.0470399346111991
TSN,3.424653610201303e-32,0.5184479922822096,0.6747653341172275,0.3410061114778364,0.27256288098335674,0.0906742314566673
MET,3.137514963947206e-32,0.5348182566486176,0.4656928770118743,0.34065717293249986,0.27250858073694384,0.0776410659414874
COR,4.202028969572151e-32,0.5115571915564443,0.5026335532496439,0.3382057938880908,0.2721271081597761,0.1424483732704779
VZ,5.658732345690497e-32,0.5019005712891043,0.1129713710200586,0.33117816652327076,0.2710335004093356,-0.0057516751154941
ROK,3.592734768984189e-32,0.5201571526226602,0.5448148202638717,0.3252024225621528,0.27010358202134016,0.0962892663738879
MOH,4.944387420863231e-32,0.513600232502556,0.14871807229575013,0.324896999564773,0.2700560534687067,0.2114528437035358
CB,3.594485614388177e-32,0.516534582632721,0.6025082410287667,0.3190038266286545,0.26913898441210204,0.103315903161032
DOV,4.6502453929931806e-32,0.5022641477861928,0.46889400657849367,0.31734187401201586,0.26888035882368233,0.1214034361957247
PFE,6.450114468293252e-32,0.4861258089680426,0.07786121651031162,0.3128233989759318,0.2681772140689719,0.0114105648336661
SNA,4.881356986319649e-32,0.4965327316401212,0.4765137627183203,0.3099326586504475,0.26772737006610314,0.1190424476801313
TDY,4.944387420863231e-32,0.5098910948658443,0.18943298720225082,0.3089877776168887,0.26758033193105396,0.162512660658945
KLAC,4.329840684063304e-32,0.49868797074017446,0.6198480773853817,0.2957820344736957,0.2655253136009676,0.2201904856987688
HII,4.2580560224997797e-32,0.5181506418822205,0.25612906072355063,0.2899776401129565,0.2646220598668136,0.1232855112422033
FRT,5.693749253770264e-32,0.48958241758516124,0.2481927237888846,0.2851533412117656,0.26387132417823755,0.0040078490636437
CINF,5.686745872154311e-32,0.4923369997986549,0.19503962054068735,0.28410450996112324,0.2637081097781189,0.1066411192120629
NXPI,5.042434763486581e-32,0.4943663663925153,0.40266935271002907,0.282953188385513,0.26352894629477325,0.1817573915975286
TTWO,3.844856507158518e-32,0.5167625954718535,0.42790172178244634,0.2822693513599521,0.26342253065370846,0.2248389572284514
HCA,4.5012662311374023e-32,0.4978660785283354,0.5264638236653681,0.274180791194421,0.2621638253143774,0.2059522451819393
AWK,5.93886761032864e-32,0.4832027489974733,0.21302718023159556,0.2526396968966037,0.2588116971416474,0.1078607985748357
GE,3.3616231756577205e-32,0.5332705932403545,0.21483450533830808,0.24314473822731805,0.2573341343951047,0.0404296510770727
INVH,6.338060362437994e-32,0.47024135001014694,0.2870149647308468,0.24037159867532074,0.25690259089547374,0.0582629708245894
NDAQ,4.2860695489635937e-32,0.49647521456751903,0.546350254664513,0.22869993869365118,0.2550862996845373,0.1825638573982179
FTNT,5.322570028124725e-32,0.4887620654741493,0.29222985281323755,0.22706223943601253,0.2548314482947197,0.247247743312678
MRK,2.9134067522366915e-32,0.5453301450891225,0.1114240180906516,0.22227762441165422,0.254086888032503,0.0803247073323547
MA,3.7257990196873074e-32,0.496172064638014,0.7319859634700634,0.20999047380760358,0.2521748169402472,0.194416774352418
AEP,4.510177760674109e-32,0.489001614916592,0.5601081032851094,0.20593880887272256,0.25154431507312275,0.0677652193533606
CVX,5.154488869341838e-32,0.4968484403572254,0.1502661759787157,0.20236911398840124,0.25098881521669275,0.0276511236436673
TGT,3.949907231397822e-32,0.5178950851025325,0.2016777598523779,0.20023959733537824,0.25065742941668634,0.0796636154060444
WBD,4.2580560224997797e-32,0.5080036075528415,0.26783769313034783,0.1964254489806027,0.250063888811077,-0.4391138586191079
WY,5.042434763486581e-32,0.4972732995538248,0.1666608458131705,0.19297821877298138,0.24952744635661803,0.0056949082275757
MO,5.070448289950395e-32,0.502883282271443,0.016684302685817515,0.178117665578982,0.24721491393206965,0.0426432077862338
CF,5.406610607516168e-32,0.47951481011312524,0.3055503492522791,0.15947310861210082,0.24431353186611385,0.05981436133476
SCHW,3.14451834556316e-32,0.5124941109719954,0.529588445315309,0.15533907725738738,0.2436702125073342,0.1309879831705096
LW,4.7132758275367625e-32,0.49140107145414713,0.32646798101945684,0.15166157338895436,0.24309793590187193,0.1024791294363948
UAL,5.014421237022767e-32,0.487705590071882,0.2715700499885579,0.1464370628906117,0.24228492108525734,0.1016646029401558
CE,5.238529448733282e-32,0.4779712797677682,0.3696141980777755,0.14382934804272332,0.24187912023376862,0.0835212311584207
CHRW,3.14145436610618e-32,0.5238895299825376,0.2830922298409128,0.14268164813766768,0.24170052033849931,0.0403957403457069
BAC,3.844856507158518e-32,0.5130673658714346,0.20254201486075382,0.13294583404134214,0.2401854767541044,0.1052779201826534
HRL,2.857379699309063e-32,0.5267771734794018,0.3074651975991822,0.1279874257720869,0.23941387156908134,0.0557041009315017
BEN,5.182502395805652e-32,0.47879858770700556,0.33431416210220527,0.12332639719147333,0.23868854327317587,-0.0619059173102259
MDT,3.949907231397822e-32,0.5170501468818253,0.05863725566695044,0.12016400682920156,0.2381964263138432,0.0647788678979236
TECH,4.482164234210294e-32,0.48040952955216487,0.5674655532034963,0.1199935729029215,0.2381699041530851,0.1242561624511652
NUE,5.74277292508194e-32,0.46777487113127425,0.30521320990003065,0.10961512922946945,0.23655485744534216,0.0985491261119223
MSCI,4.6782589194569947e-32,0.4821936319488818,0.4330457207244901,0.10812669296132114,0.23632323369035596,0.2444456834596691
HPE,3.4736772815129783e-32,0.516844159684545,0.21391059685591388,0.10350410467896975,0.23560388730070797,0.081166686428656
EQT,3.928897086549961e-32,0.49880525111555074,0.3815289609726939,0.09936973510191315,0.2349605153092891,0.0097399856553507
NRG,3.80983959907875e-32,0.4984169614603351,0.4138563053833742,0.08864656586703018,0.23329182396073284,0.1126384699687972
TRGP,4.5802115768336444e-32,0.49200969115484405,0.2371084198024992,0.08690588881442679,0.2330209476298007,0.0929032650852339
LULU,4.0129376659414044e-32,0.5020904116963959,0.25311404041161434,0.08344253282203509,0.23248199575327208,0.1241504139820112
ANET,3.249569069802463e-32,0.502538625727325,0.5395607673119964,0.08321388299675775,0.23244641429624832,0.3227661652598223
ISRG,3.7678193093830285e-32,0.5116597733714213,0.15463034093294165,0.08012901121279146,0.2319663604292848,0.1873544460008414
LLY,3.389636702121535e-32,0.523830016982885,0.05965732056802783,0.07819591975510949,0.23166554143438275,0.2373506656820597
PWR,3.7328024013032607e-32,0.5077194002426121,0.22667953197437066,0.07087435293456378,0.2305261921483921,0.2018704041167282
SPG,4.82532993339202e-32,0.47611196637877373,0.41809540586050953,0.06961963288351408,0.23033093825952916,0.0092500197384845
PNC,3.4806806631289316e-32,0.5091945038704384,0.2818765446713888,0.06402192451479836,0.2294598480694918,0.096880175847005
REGN,2.4161666575039868e-32,0.5382408468303496,0.1255464016226902,0.0632372348452373,0.22933773819374365,0.130109237280606
FCX,4.5942183400655515e-32,0.4969213542865406,0.08229538805621878,0.06005217210212212,0.2288420930605161,0.0219512342498639
ROP,5.014421237022767e-32,0.4810897304007224,0.21403616516709098,0.05273143234553367,0.2277028724784972,0.1313591468054107
FANG,3.1935420168748346e-32,0.5180518823009294,0.1962979559309799,0.05204063023727425,0.22759537296260154,0.1871527123688211
FI,3.1795352536429276e-32,0.51691381360747,0.21510471197774336,0.047605669656912056,0.22690522435172594,0.194300507331715
VTRS,3.6137449138320496e-32,0.5098030593145025,0.18297696224990745,0.04621177482659352,0.2266883127099155,-0.0734855907237064
V,3.053474384555763e-32,0.5018036950721275,0.5466639856763277,0.041457516373560085,0.22594847640074212,0.1702713015126352
DFS,3.734553246707249e-32,0.5010457234072812,0.2926987191810579,0.03895741481185937,0.22555942184465524,0.1135399783009066
SYF,4.5451946687538766e-32,0.4730640557271117,0.5080553446856398,0.030449720256797513,0.2242354926974766,0.0855330284144524
CAG,3.1655284904110206e-32,0.5059242998998736,0.3989732538947786,0.029487348419087886,0.22408573272218346,0.0180101179751945
ON,4.930380657631324e-32,0.4733735257598519,0.32554550423614176,0.01675417218260983,0.2221042531278549,0.1916114708271945
FFIV,3.865866652006379e-32,0.48021858061772027,0.5965084773632933,0.01289359155803707,0.2215034869413368,0.0703290665030012
IBM,8.123922674506158e-33,0.5613903355446989,0.19351966621369224,0.012424056003829065,0.221430419931017,0.0088578521411938
TSCO,3.249569069802463e-32,0.4975902427321697,0.49297365882786326,0.011342082613582882,0.22126204810025277,0.148775261013734
K,4.3981236548188515e-32,0.49310658867636653,0.13264769881000446,0.009824992600158775,0.22102596537835126,0.0348355822546621
DLTR,5.042434763486581e-32,0.47473062937501775,0.23561310035798708,0.0066954993923499,0.22053896772617876,0.0433389459281406
SJM,4.2860695489635937e-32,0.47650155417623064,0.49396728414072727,0.0066888446008265545,0.22053793213746445,0.0195115897595888
BKR,3.9218937049340074e-32,0.5000121194773606,0.15492756769503313,-0.0039036181928207986,0.21888958073719336,-0.0090622800332601
AMP,3.277582596266278e-32,0.4999595494543193,0.4019810809787794,-0.005667548387736879,0.21861508585687958,0.1734291458198343
CSX,2.857379699309063e-32,0.49605135314679843,0.6390387327283427,-0.0066633687894775695,0.21846012076655025,0.1355739146791103
NTAP,4.8463400782398806e-32,0.47475473264637086,0.28061983814662184,-0.008598343741408502,0.21815900867074775,0.1031437551869925
FDX,2.381149749424219e-32,0.5060683714955251,0.6229028740990151,-0.009185002074347332,0.21806771554058352,0.0903828019364116
PSA,3.3970777950884856e-32,0.5052013574829611,0.2455110103653505,-0.009611312569789875,0.21800137501942216,0.0672905738200628
UDR,4.657248774609134e-32,0.4754341168496744,0.3330603138492785,-0.012378553372345162,0.2175707494566385,0.0461997945159138
CRM,4.874353604703695e-32,0.4721627118828246,0.30850655037779745,-0.01455422644208907,0.21723218100273795,0.1632343238230191
DTE,2.9488613716674565e-32,0.4965569966954094,0.5773436257773704,-0.01489145634800293,0.21717970280211024,0.071141401100833
FOXA,4.706272445920809e-32,0.47740708272709587,0.256493067070045,-0.021947060787219412,0.21608174138523215,0.0172292552894091
TJX,2.241082117105147e-32,0.5193137883924166,0.3809396886020319,-0.02807244868526277,0.2151285360810796,0.1395750375306239
APD,3.3616231756577205e-32,0.4986072412923125,0.3486677251928751,-0.029340876038201354,0.21493114912357122,0.1150283485389499
CSGP,4.2317933414399535e-32,0.492806852134893,0.1246807902554443,-0.02944500973994866,0.21491494430544403,0.1736433379449435
TFC,3.636505904083899e-32,0.4867339670410439,0.4661595413315938,-0.03327617898017239,0.2143187549862249,0.0299014018504858
IQV,2.752328975069759e-32,0.5143897687041796,0.2524257613868637,-0.041442118570788465,0.21304800820892267,0.1397126237706038
PH,4.958394184095138e-32,0.4659834187999434,0.339200594517525,-0.04336061958720308,0.2127494597128425,0.1675099193735815
VRTX,2.2130685906413328e-32,0.5212591761207126,0.3090541445220195,-0.05053710620079655,0.21163268715588454,0.2012370621686394
PKG,2.1570415377137042e-32,0.5087593123939532,0.5471775189686462,-0.06439163680044377,0.20947670744097602,0.1501065774635928
MCO,3.4176502285853497e-32,0.4936098427200945,0.3469607214977606,-0.06827485409172991,0.20887241863823536,0.1841123623649611
MRO,4.370110128355037e-32,0.4848060337007659,0.14595818429148666,-0.070275584418967,0.20856107398678714,-0.0126000805091097
PAYX,3.221555543338649e-32,0.48933636087879384,0.500563986413182,-0.07117226560747061,0.20842153649475526,0.1246959125704659
WAT,4.8463400782398806e-32,0.46751305360917644,0.2780684702029422,-0.08083895209040165,0.20691725023852436,0.1246545246269364
AMCR,4.8463400782398806e-32,0.4677643616892682,0.26848564799803565,-0.08318632290247324,0.20655196295449876,-0.0159235866461008
CPRT,2.5212173817432905e-32,0.5105568406196164,0.3300100632577825,-0.08498592346597969,0.20627191721192004,0.2203130351407384
BA,4.405127036434805e-32,0.48499235366523386,0.09907273789307988,-0.08517585170508142,0.20624236143391325,0.0588814073538173
MSI,2.9134067522366915e-32,0.5131454011026744,0.12591187979674132,-0.08582342496999486,0.20614158899611543,0.1767077564622306
O,3.7538125461511215e-32,0.48806978403527534,0.2892076430828671,-0.08619996935594958,0.20608299285299517,0.0331077435451252
APH,4.061961337253079e-32,0.4737667656314207,0.4490231996607212,-0.08623359278444798,0.20607776052633736,0.1756306189413363
AVGO,3.445663755049164e-32,0.4978129586436751,0.21243764113708224,-0.08916451825606656,0.20562166309183608,0.3341000791405712
KMX,2.9414202787005055e-32,0.49778593606861793,0.4077636531952482,-0.08941292265266246,0.20558300751730738,0.0550384978827338
KMB,3.8378531255425647e-32,0.4840470801241885,0.32289875965110787,-0.09236998793348973,0.20512284232331038,0.0411158306006643
BALL,2.381149749424219e-32,0.5064640081516195,0.44927779640542576,-0.09245569211466474,0.20510950542425294,0.0796118957401084
AMAT,4.5942183400655515e-32,0.4793593968526933,0.10763598485506552,-0.09931533267754261,0.2040420390240917,0.2318247107865939
NCLH,3.221555543338649e-32,0.48895305950464296,0.44592645743689036,-0.10235233385461995,0.2035694345655835,0.0003077951801877
PGR,3.445663755049164e-32,0.4836144015413959,0.43899449504146604,-0.11457834371193751,0.20166687792123789,0.2123572826510691
BK,3.277582596266278e-32,0.4932659669943863,0.2982773676356397,-0.12330874897920908,0.2003082915350887,0.0871494004496457
ABBV,3.249569069802463e-32,0.504078381782737,0.0940692152302637,-0.12530344910202312,0.19999788527692056,0.148640318347728
MAR,3.7257990196873074e-32,0.48660372224902465,0.2463238123237213,-0.12753604861442883,0.19965045818614752,0.1611234248168145
NTRS,3.5016908079767924e-32,0.47469349448963843,0.5497976056808469,-0.13548603268642487,0.1984133174349837,0.0555674600643987
BG,2.1850550641775185e-32,0.5044060004029945,0.46105432582668454,-0.14483099956788822,0.19695909573558956,0.0094238733075862
BAX,2.241082117105147e-32,0.5194726832991101,0.1443165589367602,-0.1452834829323585,0.1968886823103122,-0.0020534767418732
AIZ,4.1249917717966616e-32,0.47382448037862507,0.30081292037743396,-0.14780617151960249,0.19649611286293822,0.1427302480820936
WFC,2.2760990251849152e-32,0.5014796743562864,0.4685329597434597,-0.15205316449974687,0.195835214924268,0.0518276126718809
HSY,2.7803425015335734e-32,0.5127786830614408,0.046320825267272506,-0.1552331839605766,0.195340354603938,0.0744683793395061
CARR,2.5212173817432905e-32,0.49215176767150026,0.5479833680382389,-0.15592702724849658,0.19523238183334707,0.3896735149658121
GIS,2.633271487598548e-32,0.5148741846866544,0.04934459023898346,-0.16177215990206498,0.19432278858936058,0.0424385475833705
IVZ,4.4452049820104766e-32,0.46641551836429523,0.2838452325834319,-0.1666734448506687,0.19356007267847686,-0.0352140228605249
PM,3.053474384555763e-32,0.5049061956085251,0.06318462637377628,-0.17081392709245047,0.19291574946167675,0.0346495223554785
DAL,3.6137449138320496e-32,0.4886668069219302,0.16275254830143082,-0.17105005076654411,0.192879004957928,0.132238898467366
CFG,3.949907231397822e-32,0.4749310094570541,0.2957017732073509,-0.17356481783760047,0.19248766822126115,0.0588800627338324
PG,3.4176502285853497e-32,0.49068074175803267,0.18323710721336559,-0.1791542604794707,0.19161786430644473,0.0733251976084879
LIN,1.1485545850163879e-32,0.5404603508782,0.08776430568340846,-0.18039811117735,0.1914243018574166,0.1185725912399352
EXPD,4.4261371812826656e-32,0.46391440096175146,0.30694952302928397,-0.1832914850853922,0.19097404802827977,0.0903864958638722
HPQ,2.3531362229604046e-32,0.5083028420317037,0.24027217014088606,-0.18478900336891319,0.1907410109709248,0.1413978397132741
CVS,2.717312066989991e-32,0.5095982198069302,0.06247279491042448,-0.1905437957778766,0.1898454760693273,0.0098423491265958
WRB,4.033947810789265e-32,0.4790974926655105,0.13655102520791987,-0.19628329114452844,0.18895232162462688,0.136566130625669
CBOE,3.789732233892321e-32,0.4795798496699197,0.21557196353299968,-0.19936862393908694,0.18847219601726928,0.1642429394927711
AKAM,5.182502395805652e-32,0.45707233733088426,0.11040948598640052,-0.20194975727104483,0.18807053166168894,0.0735428965264408
SYK,2.0730009583222612e-32,0.5000843098437883,0.4596134201158103,-0.20968473583049735,0.18686684910099238,0.1592501226170633
VICI,3.1935420168748346e-32,0.4903850588420845,0.21099894060079397,-0.21168309829746781,0.18655587292530496,0.0750327409615719
CHD,2.857379699309063e-32,0.47714947666253554,0.592397801069318,-0.21529013546680253,0.18599456203049886,0.1138121943297753
MKTX,2.6892985405261764e-32,0.48039350374418865,0.5716674497693193,-0.2265820918292648,0.18423735858834675,0.1751892722799461
GL,3.949907231397822e-32,0.47672458487076924,0.14913038088805733,-0.22955830944185762,0.18377421299465435,0.0920602906856503
IEX,3.3616231756577205e-32,0.4810809950986225,0.2869497576351539,-0.2320556734483928,0.183385584444585,0.1273761660960096
SBUX,3.277582596266278e-32,0.4898914158514303,0.14631386125576318,-0.23265030764898778,0.18329305014578265,0.1082457880200067
FIS,1.8769062730755607e-32,0.513844585048368,0.22099391480461603,-0.23274037189630342,0.18327903475285004,0.0770848406635575
PCAR,2.0730009583222612e-32,0.493981315451126,0.5220168556156982,-0.23816486189435399,0.1824349000262777,0.101787457814188
ARE,3.055225229959751e-32,0.48046456077072863,0.3993484056560753,-0.24124270228363182,0.18195594035331858,0.0381352522537257
STLD,3.648761821911818e-32,0.4795463282007712,0.18386652366077216,-0.24301519900728427,0.18168011238834705,0.189178868878724
GEN,3.8378531255425647e-32,0.4689044334035003,0.3117020380009526,-0.2463702122872599,0.1811580203172479,0.0314380911769978
MPC,4.2580560224997797e-32,0.46474585459946877,0.219998741272141,-0.2514618021383604,0.18036569001369462,0.1267072891022971
HD,3.5016908079767924e-32,0.4809145384106137,0.19563823165082317,-0.2522899353993531,0.18023681964171778,0.154130349274871
PEP,1.6808115878288603e-32,0.521015317035772,0.09379667454350438,-0.2644397708866768,0.178346116910092,0.0736490632616305
AFL,4.573208195217691e-32,0.4589687453593508,0.18303568350578014,-0.2653589300011261,0.1782030815043615,0.1145430345650492
CDW,3.648761821911818e-32,0.47094881862324767,0.29723767440957255,-0.2703564864221835,0.17742538426009796,0.2053171367316224
PYPL,2.0169739053946326e-32,0.4998087687068917,0.35490813743079935,-0.2758308289098741,0.1765734917133939,0.0798158471706325
HBAN,4.622231866529366e-32,0.4554669945364511,0.20203374314564082,-0.28060626953179635,0.175830359130405,0.0724984320200052
CI,3.389636702121535e-32,0.4753615677910865,0.2856933443239025,-0.28328427109111587,0.17541362057713109,0.1477870108529729
DLR,3.977920757861636e-32,0.46118271782510467,0.3195000092110812,-0.2908912593353555,0.17422985529340895,0.0795049269083326
EOG,2.381149749424219e-32,0.4973524599804174,0.2304277084246644,-0.2915854432209582,0.17412182952053912,0.056669711971905
ES,3.0814879110195774e-32,0.4725407263942646,0.440972641810416,-0.29288923251335625,0.1739189396971194,0.0397028322386729
WTW,2.745325593453805e-32,0.4977290932737926,0.0690417870580745,-0.2981044702310449,0.1731073678689083,0.1009426352501294
OXY,3.9218937049340074e-32,0.4663871534160236,0.22427786647152434,-0.29858011296632264,0.17303335048654903,-0.0350010357200613
ULTA,3.0324642397079025e-32,0.4778201011360277,0.34303898070433286,-0.2998433234556255,0.17283677535388692,0.111121385330807
UNP,3.389636702121535e-32,0.4722386585901034,0.30996370652369915,-0.3017031370179886,0.17254735953534822,0.1088901139613788
NVDA,3.3616231756577205e-32,0.4807880775446494,0.14670594106401963,-0.30531836697893716,0.17198477371517373,0.5121155383294375
BXP,3.433407837221245e-32,0.4748860499853485,0.2184800256618405,-0.31317113003898656,0.17076276206045332,-0.0252153386015827
SBAC,2.9134067522366915e-32,0.4755494735058673,0.4056247631148283,-0.31382361938831516,0.17066122460371824,0.0959183582806653
ED,3.98492413947759e-32,0.4654365253751339,0.18341240930391994,-0.3161537913095422,0.17029861373370128,0.0481615137623637
TRMB,3.137514963947206e-32,0.4743519575388184,0.331531326201153,-0.31918156489033994,0.16982744523220747,0.0582074684178701
HAL,2.3531362229604046e-32,0.5039666579339391,0.056548426075345534,-0.3194948280805723,0.1697786966240384,-0.0215473645437852
BF.B,3.977920757861636e-32,0.4606646278537569,0.2714662847720853,-0.3200774572895856,0.16968803048801084,0.0451287417119645
GILD,2.3531362229604046e-32,0.48923435834100126,0.3381908620777883,-0.32248965399940904,0.1693126552894544,0.0735283161830993
BWA,3.1655284904110206e-32,0.4787980183702077,0.2237281119100821,-0.3242791759387574,0.16903417793701947,0.0016978915053872
VLO,2.5002072368954297e-32,0.485715971135494,0.34177786160969154,-0.3265751614345563,0.16867688700470937,0.1163512416724355
MCHP,3.7538125461511215e-32,0.46006573190932853,0.3410086329886616,-0.3346065754562798,0.16742707449115452,0.1259677136420548
LDOS,2.3531362229604046e-32,0.49673662922904327,0.16585388993250377,-0.33547708524325337,0.16729160967487325,0.1170894976192137
CME,2.87138646254097e-32,0.4782361634569476,0.3225067145877092,-0.337385172944957,0.16699468165197479,0.1244716980410801
ECL,2.2690956435689614e-32,0.4940312624347676,0.24607251068704414,-0.3380597027423567,0.1668897143598796,0.1007481389050671
NKE,2.745325593453805e-32,0.4904101589902471,0.12443774864315103,-0.34201664269798926,0.1662739531678207,0.0932597006873567
PNR,2.2971091700327757e-32,0.49264344385582837,0.23429301343282846,-0.3521254316823986,0.16470086890950364,0.0899901461928235
CPB,2.1290280112498898e-32,0.5040905879648911,0.07091725700699919,-0.354634285539345,0.16431045236061065,0.0215283165191767
MDLZ,1.5967710084374173e-32,0.5091560320694271,0.15892656585345535,-0.3642935742025673,0.1628073173197971,0.079807645592099
FTV,3.669771966759678e-32,0.45823659753507834,0.3473855154686785,-0.36566645025966776,0.16259367652490306,0.0817551766172838
GD,2.5562342898230583e-32,0.47967315140978295,0.32371136232593456,-0.3839643524837727,0.1597462393102814,0.1196560307581196
TFX,3.004450713244088e-32,0.47414642060884243,0.2268414051049759,-0.3996097869564696,0.1573115671926332,0.0905916636546608
YUM,2.2690956435689614e-32,0.4922024803553186,0.15836988224655738,-0.40000012829279247,0.15725082403017457,0.0852785819624761
ALLE,2.724315448605945e-32,0.4706414500555982,0.3980998302152154,-0.40245228249474363,0.1568692308264778,0.0968311780474641
OKE,2.96943380516432e-32,0.4670939138367751,0.37193366846748466,-0.40269728399762833,0.15683110479495746,0.074676755515549
IT,2.96943380516432e-32,0.47737976467788446,0.17102318065079336,-0.4027507575733286,0.15682278347770573,0.1998842106563243
FDS,3.4736772815129783e-32,0.4686171125525415,0.13925682301628664,-0.4065355673521135,0.15623380840928622,0.1380476704437759
ALL,3.389636702121535e-32,0.4671525818355013,0.19934708289257352,-0.4070624482217998,0.1561518175789909,0.1267430347247924
ABT,2.1570415377137042e-32,0.49674666273542306,0.08642990402602817,-0.4133641885913288,0.1551711690967052,0.1106853791224002
ETR,2.9414202787005055e-32,0.46386377680072755,0.42405616056125517,-0.4136328099785717,0.15512936744505623,0.0680755892869577
VTR,3.697785493223493e-32,0.46443098274085215,0.1097434472095689,-0.4188024134744164,0.15432489700912208,0.0099529610991056
SLB,2.752328975069759e-32,0.47186603228874974,0.32516882554588766,-0.4216132494868015,0.1538874873559368,-0.0495233282525699
ROST,2.5212173817432905e-32,0.478780103147738,0.27666433006092167,-0.4231366359541594,0.15365042480820432,0.1385719919640891
HES,2.605257961134734e-32,0.4834446127491733,0.14254374383058885,-0.4284116669468181,0.15282954821957592,0.0796723711034395
PARA,1.9206774081752708e-32,0.48536399339862285,0.3487402220408366,-0.43918837272302635,0.15115252575534072,-0.1078675961275745
INCY,2.5212173817432905e-32,0.4788761737200889,0.2424796930225985,-0.43935351831514485,0.1511268265413505,0.1268230021611275
CTLT,1.988960378930818e-32,0.4985527806362948,0.06355002582053015,-0.43982488668509484,0.15105347431649147,0.1051839919820195
MCK,2.9414202787005055e-32,0.4707556552577847,0.2343694712277527,-0.4413097014363777,0.15082241412566522,0.1425436772003514
HIG,3.6137449138320496e-32,0.4616093716846058,0.15088666217461041,-0.4421371697498809,0.1506936472298248,0.1298828905261023
LUV,2.829366172845248e-32,0.4745202505297722,0.20024467995731568,-0.44333226527299,0.15050767184172562,0.0907515298673611
PPL,5.09846181641421e-32,0.4357204962447396,0.0702848851833739,-0.44764981721444624,0.14983579383496873,0.0132203383903718
CTVA,2.633271487598548e-32,0.48408270024729794,0.07701414422508454,-0.4496046177425108,0.14953159657221143,0.1363522914230311
PFG,2.4371768023518476e-32,0.4784875043869299,0.25243809932259076,-0.4545008461112626,0.14876966754353274,0.0878504221950097
PLD,2.6892985405261764e-32,0.4743283470222391,0.22392383442563135,-0.46055616589036147,0.14782736592478618,0.0939470617281422
RTX,1.2606086908716453e-32,0.48724296267981604,0.5222132566789173,-0.4620208822281572,0.14759943335863607,0.0687715703514536
SO,1.771855548836257e-32,0.48854872919827136,0.29384435921446683,-0.46446602690968525,0.14721893094496893,0.0595763304708756
DRI,2.2690956435689614e-32,0.4798475354808952,0.245672244899463,-0.47724457788848124,0.1452303903373997,0.115716006397734
ADBE,2.2690956435689614e-32,0.4780130170201473,0.2744667507236833,-0.48076791922064027,0.14468210381219423,0.2142811028548774
IP,2.3531362229604046e-32,0.46749193767479513,0.4364185588570692,-0.48623666769936663,0.14383108177999554,0.0317059962010438
EMN,3.6137449138320496e-32,0.4537856162778817,0.18248094603231124,-0.5029427531485382,0.14123135592967623,0.0313468752547378
IFF,2.9134067522366915e-32,0.4649886081616266,0.2317606134036142,-0.5045752387352836,0.14097731586786472,0.0312797191922199
EQR,3.7328024013032607e-32,0.45497009042602016,0.10476930490938131,-0.5071976013263351,0.14056923560049098,0.0162939218630357
WEC,2.801352646381434e-32,0.45848710173795587,0.38356873622776905,-0.5138684895295949,0.13953114199326208,0.078777318191463
EA,1.7648521672203035e-32,0.4835867770875713,0.29286307113022214,-0.5149413396796574,0.13936418988008617,0.1980793639897814
AXP,2.0169739053946326e-32,0.47699198469637766,0.3231648032446164,-0.5153415834944973,0.1393019057384759,0.1298527040573825
AJG,3.221555543338649e-32,0.46264545819342756,0.13157624124836176,-0.5179176230778929,0.138901034049128,0.1748252714290444
MTB,2.6612850140623624e-32,0.4688777652536779,0.22585587196889453,-0.5184415051047844,0.13881950988525546,0.0544248186298828
EBAY,2.857379699309063e-32,0.4612065128496863,0.2986523372445063,-0.518951950467609,0.1387400766745881,0.0800571484876876
LYB,2.0169739053946326e-32,0.4719037563084267,0.4094878961630022,-0.5218722165188817,0.13828563801112012,0.0321808109832869
ANSS,2.605257961134734e-32,0.4709357778749718,0.19503026571631296,-0.5246391402558048,0.13785506178866355,0.1294904698684604
CPT,3.697785493223493e-32,0.4537807967008476,0.10612843230082754,-0.5249762876294042,0.1378025964313433,0.0427889292825509
QRVO,3.1935420168748346e-32,0.45757375255918964,0.21020854391150803,-0.5335923283917651,0.1364618069348772,0.0020899727949035
RMD,2.2690956435689614e-32,0.4645172951009633,0.42287478060472233,-0.5385199439174907,0.13569499357805345,0.1479754938966616
AON,3.389636702121535e-32,0.453368646411303,0.19876179975519914,-0.5424226985589327,0.13508766446078777,0.156304309803247
VRSN,2.2971091700327757e-32,0.47494737939406273,0.19719247791168124,-0.5441480460419384,0.1348191736485026,0.1259761265310539
KR,2.381149749424219e-32,0.47080960973962965,0.244624048166618,-0.5445488419644023,0.13475680359038802,0.1231999145238518
OMC,4.2860695489635937e-32,0.4431411798815609,0.03097309963517458,-0.5525941118929782,0.13350483488295198,0.0571087894823539
HOLX,2.724315448605945e-32,0.46906278588755457,0.1287502200764423,-0.5531157384740872,0.13342366170140393,0.1177332463016308
MOS,2.577244434670919e-32,0.4681112274505695,0.20289811470869826,-0.5538130810682085,0.1333151443845267,-0.0643073187687516
CMI,3.053474384555763e-32,0.45437121687359844,0.2844095942359868,-0.5549585042234203,0.1331368987868241,0.0899984690009053
CNC,2.829366172845248e-32,0.4657238959962704,0.13960850888478935,-0.5599613281246612,0.13235838184099488,0.1535630771602436
KIM,2.717312066989991e-32,0.4662738821688787,0.1604854414859952,-0.5658763471921532,0.13143791318772022,0.0168332909190867
ADP,2.577244434670919e-32,0.46219286816658334,0.2830576472339013,-0.5715716979304766,0.13055162833145614,0.1350463383476176
DVA,2.0730009583222612e-32,0.46930443820238393,0.3336655377973407,-0.5745084532074475,0.13009462368887656,0.0806079966383339
PHM,2.0730009583222612e-32,0.4773458917880934,0.158738068257834,-0.5835127691562034,0.12869341255490716,0.1634179002556052
AVY,2.044987431858447e-32,0.46641850257154455,0.38035657983451776,-0.5847974096194031,0.12849350258612918,0.1488348754791148
KMI,2.717312066989991e-32,0.4579979713092466,0.2799480398890802,-0.5870088680774814,0.1281493653711086,-0.0349033953999253
WAB,2.2690956435689614e-32,0.47424967827571096,0.13559168589720158,-0.5873496738007238,0.12809633071787727,0.1213697175254618
MAA,3.0814879110195774e-32,0.45455903465503367,0.19170492974176856,-0.5942035267939721,0.12702976495326126,0.0701146116531825
UNH,1.988960378930818e-32,0.4717210739900484,0.25815037162316146,-0.6050687325901414,0.12533897051411627,0.1981496634749448
KHC,2.717312066989991e-32,0.4628470618764558,0.1275569365696753,-0.6159829592312466,0.12364054767164652,-0.0264065766991901
GLW,2.6892985405261764e-32,0.45548250610977614,0.28017737343318766,-0.6169881271029538,0.12348412797009894,0.1120466362363727
MKC,2.829366172845248e-32,0.45921184472012727,0.15030030345907613,-0.6184053082047501,0.12326359262349526,0.0745684810538216
EQIX,2.605257961134734e-32,0.4554572785118875,0.29901029186473127,-0.6241197747702364,0.12237433304821776,0.1200045304617764
CCI,3.109501437483392e-32,0.4500320013624131,0.2035270298625635,-0.62718356913739,0.121897559154023,0.029613622074801
D,1.6808115878288603e-32,0.47647219339152386,0.23203553974967397,-0.6315242956429321,0.12122207482587458,0.0091855733096993
HUBB,2.465190328815662e-32,0.4642126359108019,0.16238379283944557,-0.6341330227706683,0.1208161164479506,0.1243057975169802
IRM,3.1935420168748346e-32,0.45048069229595294,0.1295436255551077,-0.6435841051084213,0.11934538153870404,0.1124127422613303
AMT,2.6892985405261764e-32,0.4569828875895094,0.18600530948860683,-0.6495538327985749,0.11841639937572648,0.0831548431562146
USB,1.652798061365046e-32,0.4748650189533808,0.23107960655986312,-0.653198285072713,0.1178492661106562,0.0314906147179594
REG,2.9134067522366915e-32,0.4576969738990892,0.06192987124504516,-0.661267724689468,0.11659353622509472,0.0344473469580991
WDC,2.044987431858447e-32,0.47087129989495247,0.13618658138873457,-0.6637212042113804,0.11621173678106873,0.0352287565895627
RCL,3.249569069802463e-32,0.45041481454281435,0.0673273950070073,-0.6645662725601112,0.11608023104693571,0.1473709694319697
HLT,2.577244434670919e-32,0.46393949731888434,0.05798528798150773,-0.6674271226022233,0.1156350384354772,0.1544282515696185
NDSN,1.4286898496545314e-32,0.47484037523124883,0.2814831276460655,-0.6717067346911112,0.11496906445787057,0.1132464217710642
DVN,1.9329333260031894e-32,0.4608193044644151,0.3581793918425171,-0.672577370988292,0.1148335799546401,-0.0265686181190628
COP,1.6808115878288603e-32,0.4700699467441335,0.2726374327926549,-0.6738795716858424,0.11463093734120286,0.050717914251869
HON,2.3531362229604046e-32,0.4656283574907146,0.09748970741871354,-0.6746158094753023,0.11451636732903189,0.1033658421286259
PODD,2.4721937104316157e-32,0.4573923163353219,0.19089425605577895,-0.6852925289950463,0.11285490427614996,0.2025635201849896
WELL,1.7928656936841178e-32,0.46963664029547364,0.19169724707641375,-0.6969687181143761,0.11103790826118921,0.0659289523970635
STX,1.7368386407564892e-32,0.4659514609072676,0.282333553144021,-0.6984776716872892,0.11080309169555094,0.0957632283403684
IPG,3.6137449138320496e-32,0.4333966487803177,0.1908771691607778,-0.6985165302178228,0.1107970447058692,0.0786811928161204
IR,8.964328468420589e-33,0.4864405039539786,0.20469473853664144,-0.7000504901488989,0.1105583367632871,0.2001132592036492
XEL,1.7928656936841178e-32,0.4707833069582365,0.1466027943481626,-0.7083669382042759,0.10926416853589584,0.0753074970089111
WBA,1.48471690258216e-32,0.4777487866010458,0.11713470503067515,-0.7148074525716169,0.10826192466846969,-0.117760004249299
XYL,2.1290280112498898e-32,0.4623089063940834,0.15126559411600196,-0.7237168377356833,0.10687548623608259,0.1242485689235217
CTSH,1.568757481973603e-32,0.4724491419163551,0.16900911147545863,-0.7243632792735614,0.10677488991255396,0.0569176535664425
DGX,2.241082117105147e-32,0.45994541643310155,0.15083668924590538,-0.7253085804237943,0.10662778640083817,0.0823535215857707
PPG,2.829366172845248e-32,0.4473960105866475,0.16340616738633024,-0.7276084786709187,0.10626988658377182,0.0495285716645497
HUM,1.904919799539375e-32,0.4707921906677069,0.06306241332973604,-0.7284282506854405,0.10614231735135021,0.1131378683519286
FSLR,2.717312066989991e-32,0.4450724112108983,0.2420974583503094,-0.7326625772695319,0.10548339050024265,0.157112474874574
PNW,1.5967710084374173e-32,0.470160869830973,0.16586370967790212,-0.7429186984534937,0.103887379067937,0.0417430094359143
LH,2.381149749424219e-32,0.4494904518667863,0.2569253916456827,-0.7472773057884488,0.10320911220556825,0.0934522707165978
BDX,1.7928656936841178e-32,0.4718071193832654,0.048374474438731524,-0.7476384170636424,0.10315291769370495,0.093969819194468
LRCX,1.820879220147932e-32,0.455831682273004,0.34278226679201845,-0.7509614917193834,0.1026357957676047,0.2504594488354651
APA,1.7928656936841178e-32,0.46053212484437595,0.25942139774317063,-0.7521896260109245,0.10244467903501663,-0.1058953648871146
TEL,2.0169739053946326e-32,0.4566215055676356,0.24042615356167643,-0.7564774347971857,0.10177742952424497,0.1160269884799326
LMT,1.6808115878288603e-32,0.46418742308010996,0.18505807558080117,-0.7754800601791053,0.09882032646263218,0.1493837455402036
AZO,2.4932038552794765e-32,0.4470378869320052,0.20335861470665773,-0.7764133200531469,0.09867509676013883,0.179561905314751
NOC,1.7928656936841178e-32,0.46111066354264824,0.19238487000381055,-0.7801682015961982,0.09809077898910522,0.1697263390715077
JBHT,2.6892985405261764e-32,0.44384255261990935,0.17738117732392303,-0.7826424815619332,0.09770574267360095,0.0919302281298038
ZTS,2.801352646381434e-32,0.43936138949117853,0.20861331562483587,-0.7890933529158092,0.0967018870985304,0.1507418499385884
CZR,1.400676323190717e-32,0.4719794710005239,0.11349186286637583,-0.789505695464231,0.09663772020643709,0.185052277449038
TPR,1.400676323190717e-32,0.4657812718048218,0.2321384849762214,-0.7906886291613685,0.09645363738697475,-0.0135503870445778
RL,4.62688254963371e-33,0.48395845039256596,0.23360188718840433,-0.7941810217038767,0.0959101669731639,0.0221640034535295
BSX,1.7928656936841178e-32,0.4592835125977459,0.1894119460847542,-0.7995643451940718,0.09507243839331964,0.2244252217263375
HWM,9.244463733058732e-33,0.47037196554754646,0.2970794060675499,-0.805687120725959,0.09411963961383422,0.2285768686932306
ELV,2.465190328815662e-32,0.45314292993387556,0.031184559426178007,-0.8084559262218938,0.09368877056050705,0.1621063468359161
TYL,2.2130685906413328e-32,0.4520242134044205,0.13234260156299785,-0.8176555897937086,0.09225716030838339,0.210590411860205
COO,1.7998690753000713e-32,0.4626293352777825,0.07277465349111674,-0.8239613952126116,0.09127587924140439,0.12627557356933
TER,1.820879220147932e-32,0.45437388686767133,0.22376574868346652,-0.8249840312375678,0.09111674122444433,0.1528090944408157
TXT,1.820879220147932e-32,0.4609807779780292,0.084603204968019,-0.830093930478926,0.09032156169596031,0.0983145365633126
ADI,2.241082117105147e-32,0.4461040846611206,0.20852752290571636,-0.8319807729744804,0.09002793975645222,0.1382271033844809
CDNS,1.820879220147932e-32,0.44969454751018967,0.29124933024875216,-0.8369641267169818,0.08925245266912209,0.2540444939624514
LHX,1.316635743799274e-32,0.4575864040593136,0.3241954447961082,-0.8411199430201365,0.08860574323468512,0.1349342468194951
APTV,3.053474384555763e-32,0.4312057264279852,0.1585978298739297,-0.84510185117579,0.08798609660368079,0.046414846943215
SRE,2.241082117105147e-32,0.44954274494506485,0.10520830043919553,-0.8501448330209118,0.08720133045931126,0.0690632266505431
AIG,8.123922674506158e-33,0.47060255915109694,0.22609827726541767,-0.8608380422239238,0.08553730135611277,0.0617757961080962
KEY,2.044987431858447e-32,0.4478462405968091,0.18683535722431863,-0.863917821345101,0.08505803998641859,0.0568333520511676
CAH,1.5127304290459744e-32,0.46245497487659665,0.09972539778899057,-0.8679614495510357,0.0844287887588924,0.0866603351003595
AVB,2.0169739053946326e-32,0.45175238314921723,0.11081751814017479,-0.8692434888475753,0.08422928357196637,0.0392252435538279
PEG,2.1290280112498898e-32,0.44671848272246834,0.16565565532864773,-0.8692620043975875,0.08422640226538225,0.0877845186692471
FITB,1.7088251142926748e-32,0.45468189912093804,0.17100319301437542,-0.8702319095119756,0.0840754699954676,0.0851285641075823
INTU,1.904919799539375e-32,0.45212447885331664,0.1318414594946967,-0.8768278389265186,0.0830490411376696,0.1950859303433095
RJF,2.1290280112498898e-32,0.44737821404499195,0.13701207825571804,-0.8771744503875427,0.08299510302164698,0.1428687051455975
DE,1.568757481973603e-32,0.4573122933142942,0.1485372026263157,-0.8829621745823865,0.0820944434237039,0.1281817011734449
CRL,7.003381615953586e-33,0.4719868097036827,0.195759204663846,-0.8842850440634749,0.08188858442716951,0.1319331048076656
CCL,8.964328468420589e-33,0.46865762140130296,0.1737478308578403,-0.8898351359945473,0.08102490409291305,-0.045498248617249
RVTY,1.904919799539375e-32,0.44586670693828195,0.22343580067016902,-0.8921728409806452,0.08066112096123511,0.1123025534804632
SPGI,1.568757481973603e-32,0.4623591871736346,0.03156271938564031,-0.892221394430132,0.08065356529188712,0.1827460283462558
BBY,1.904919799539375e-32,0.4549249552483667,0.030845310515067444,-0.9000793382198776,0.07943074743532152,0.1726367806262128
KDP,1.9329333260031894e-32,0.44215287605083936,0.2414807043609019,-0.9140610430686296,0.07725497743597452,-0.0278197875046374
ZBH,1.9329333260031894e-32,0.44608276127858254,0.1625893477251115,-0.9151506168831905,0.07708542286137575,0.0415105865841093
TROW,1.2886222173354596e-32,0.4545697984003642,0.21355799057541425,-0.9316570533410793,0.07451676548878017,0.0435345332132631
SHW,8.964328468420589e-33,0.46243281163609007,0.19992604532079905,-0.9376914007368791,0.07357772749795956,0.1628276408391152
CLX,2.241082117105147e-32,0.4413545951730914,0.07833639922349117,-0.9438669317022824,0.07261671915527791,0.0667554047828592
BMY,1.232595164407831e-32,0.46117296303442856,0.05511345623226757,-0.9573731487669442,0.07051494242548355,0.042906120748049
GWW,1.3446492702630882e-32,0.44899444823766893,0.2370014299222485,-0.963630544866489,0.06954119459897042,0.1413894091323976
ADM,1.904919799539375e-32,0.44408293759467715,0.09913555715086636,-0.9720415998363512,0.06823230406922087,0.0545547377349942
EW,9.804734262335018e-33,0.4612312477514058,0.09896981947968544,-0.9838009501469418,0.06640236688385118,0.1252951912808561
BR,2.044987431858447e-32,0.4343602581601392,0.20892987433671967,-0.9849748299198071,0.0662196929953469,0.1850270569597193
HSIC,1.2606086908716453e-32,0.4485652045905289,0.20337423387204961,-1.0010523328667567,0.0637177843257823,0.0658587931453571
SWKS,1.48471690258216e-32,0.44468351973013065,0.18617257456896483,-1.0041563658172823,0.06323474868429248,0.1194964854838894
JNPR,1.0365004791611306e-32,0.4521788650493433,0.20222652070303138,-1.0097847090354053,0.062358891236828674,0.0541982469644937
MU,1.48471690258216e-32,0.44230566761804724,0.21736924337596075,-1.01179802745504,0.06204558768308037,0.2293176085983328
TRV,1.0084869526973163e-32,0.45084497905088994,0.22358744608661132,-1.0175793114502567,0.06114593028002624,0.102807139639462
J,9.244463733058732e-33,0.4524074151643604,0.2091453202672546,-1.0258554185459343,0.05985803973127348,0.098163502551909
CTAS,1.568757481973603e-32,0.4429941974647444,0.1382482290060514,-1.0284271376518928,0.059457840375184846,0.2516525522751484
URI,1.4567033761183457e-32,0.44384249782282525,0.13049953843592507,-1.045787057253067,0.05675636779598915,0.2374578896460849
TAP,1.0084869526973163e-32,0.45172668791587584,0.1462511895249188,-1.0477569061735796,0.05644982877010776,0.019765219407643
EMR,1.904919799539375e-32,0.4379373253879455,0.044906884815921325,-1.059480371951913,0.05462547577418925,0.0580596122131045
NEE,1.4567033761183457e-32,0.4412902302490768,0.15075579166368405,-1.0606290990752198,0.05444671602783755,0.1250896684503328
FE,1.48471690258216e-32,0.44516903263474955,0.0601006415860281,-1.0626780695317255,0.05412786446452399,-0.0005052705561714
BIIB,1.0084869526973163e-32,0.4505868570376165,0.12545632675870902,-1.0693634638477667,0.0530875134812928,0.0194052353096493
DHR,1.3726627967269025e-32,0.44032850480825014,0.17222140170076292,-1.0756159082495742,0.05211453621570188,0.1572292816864627
MMC,1.232595164407831e-32,0.44767687511535587,0.07809815695738415,-1.0780823702741777,0.05173071649302049,0.1539096833757356
MHK,1.3726627967269025e-32,0.43809492856245597,0.17586962791658334,-1.0956711979607863,0.04899362226751745,0.0309185466410458
DUK,8.964328468420589e-33,0.44744226149354166,0.1764478790068792,-1.0963656697945316,0.048885551685453235,0.0465265966349555
BLK,1.3726627967269025e-32,0.4387812374452195,0.1599682207378554,-1.0969275498539386,0.04879811443872877,0.1296384000294601
FMC,5.602705292762868e-33,0.4512802800303318,0.21491675294831392,-1.1047978636285891,0.04757337162076973,0.0172583560736829
GRMN,1.4567033761183457e-32,0.4399126594424306,0.08915083470540468,-1.1050490017315064,0.04753429063916331,0.1309436515925105
LOW,1.0084869526973163e-32,0.449270705819686,0.07519150550388339,-1.1074895828597298,0.047154498385128224,0.1674359930668181
EIX,1.1205410585525735e-32,0.4437344175095214,0.10188430517090946,-1.1265578753959131,0.044187176496431405,0.0479801606728358
MAS,1.2606086908716453e-32,0.43801547744369757,0.1592157336088493,-1.1265917795527238,0.044181900484096724,0.140953097550996
VRSK,5.8828405574010116e-33,0.45538970717085453,0.06518923962628666,-1.1342371148695531,0.04299216780147682,0.1394586565296433
TMO,1.2606086908716453e-32,0.441737305053714,0.05770713983727772,-1.141072323180404,0.0419285034384457,0.1818585884135584
CAT,1.0084869526973163e-32,0.4452681248064451,0.08498101728484363,-1.141796565131285,0.04181580016470039,0.1185335299714566
WYNN,8.684193203782446e-33,0.4503239278157825,0.024200783973732983,-1.1499916854699936,0.04054051241067571,-0.0177870531844938
PSX,1.0084869526973163e-32,0.44228214858330356,0.11841458278550906,-1.1542743699109264,0.0398740603274676,0.0656033869732513
SYY,5.8828405574010116e-33,0.444491032786139,0.2175285358107986,-1.164567888080423,0.03827222934453683,0.0723501409832978
ICE,1.3726627967269025e-32,0.430967783911557,0.1583616918269686,-1.1742966387995037,0.036758284931127844,0.1541999940113
COF,7.843787409868015e-33,0.4435185235462277,0.09744576944963078,-1.1962501550355258,0.033341977512023814,0.0832910518648874
IDXX,8.123922674506158e-33,0.4418773662131821,0.10436188012360814,-1.2034144396640851,0.03222710377307532,0.1846712578704283
AMD,6.723246351315441e-33,0.4423051953306378,0.1418985298096635,-1.207610204667323,0.03157417770167639,0.3406205374168167
RF,5.602705292762868e-33,0.4396633146615154,0.12116866239473888,-1.2656854544503362,0.022536768633944354,0.0989987866483608
SNPS,4.7622994988484376e-33,0.44117726016450276,0.11432100699127803,-1.2706248277354435,0.02176812558750844,0.2348531131293559
ITW,8.964328468420589e-33,0.4303032237721526,0.029866013674220083,-1.337881930320304,0.011301877899537412,0.1222903312690618
AMGN,5.602705292762868e-33,0.42937036796883393,0.03357748892684057,-1.410508872081331,0.0,0.1079023713790553
