ticker,esg_combined,controversy,environment,social,governance,human_rights,community,workforce,product_responsibility,shareholders,management,name,annual_return,volatility,fossil_fuels,weapons,tobacco
A,82.8925,96.2601,76.5644,91.0269,77.5042,90.0809,90.187,94.771,90.1751,80.4672,75.546,Agilent Technologies Inc,0.1285441683242928,0.259353878484072,0,0,0
AAPL,37.4984,13.7896,57.1742,64.7356,82.7032,68.0871,77.7653,70.7949,42.4847,84.7602,83.3347,Apple Inc,0.2056282996401753,0.2812453667235992,0,0,0
ABBV,57.788,47.2141,67.9975,89.8158,61.8661,90.7022,88.154,93.1968,86.1007,54.0839,61.4261,AbbVie Inc,0.148640318347728,0.264293325303871,0,0,0
ABNB,24.8524,37.2368,23.168,53.8685,13.5585,0.8841,45.3004,57.0885,92.4771,6.0428,11.0614,Airbnb Inc,-0.0151097574130549,0.4938109157407048,0,0,0
ABT,63.1455,51.2482,69.7532,83.121,78.7122,63.2703,95.2239,96.6388,81.1289,87.8559,74.8653,Abbott Laboratories,0.1106853791224002,0.2283029659594502,0,0,0
ACGL,41.2531,86.8915,22.638,41.331,49.4023,33.1194,61.2631,32.5654,34.6274,7.9828,69.3119,Arch Capital Group Ltd,0.1582196361662073,0.249981807512134,0,0,0
ACN,78.5657,92.6667,76.352,79.379,79.5888,76.475,96.9511,98.415,45.32,60.3454,83.3447,Accenture PLC,0.1362363999429887,0.2388144622655415,0,0,0
ADBE,67.6966,79.4773,73.6843,73.9936,68.9694,65.7126,99.0678,91.543,33.5494,53.1961,74.3426,Adobe Inc,0.2142811028548774,0.3186164471975567,0,0,0
ADI,68.9229,91.6538,80.085,65.5449,69.1054,54.3585,80.1829,63.6856,73.1807,75.9997,65.2058,Analog Devices Inc,0.1382271033844809,0.2979657099620628,0,0,0
ADM,65.2574,71.8533,68.9197,72.1973,74.9055,77.5733,79.4974,68.2583,65.739,65.1362,76.7027,Archer-Daniels Midland Co,0.0545547377349942,0.2616458572999554,0,0,1
ADP,64.5224,99.481,34.4722,70.0896,68.7435,32.2819,85.9217,86.9797,58.7585,74.8446,71.2968,Automatic Data Processing Inc,0.1350463383476176,0.2316553145145907,0,0,0
ADSK,78.4699,99.9429,71.2837,70.8377,87.1979,74.5924,88.6508,90.6881,32.3181,70.1514,94.9798,Autodesk Inc,0.1733029005131993,0.3499164036825325,0,0,0
AEE,42.5541,91.2634,38.2524,32.4295,65.2998,4.0525,75.2816,25.1386,33.2777,92.5255,56.3351,Ameren Corp,0.0853275977427892,0.2132473609361345,1,0,0
AEP,65.085,96.0637,64.3196,68.1708,64.7982,12.7298,89.6872,89.2755,53.4695,88.0724,53.1337,American Electric Power Co Inc,0.0677652193533606,0.2024193489842698,1,0,0
AES,61.8557,94.9484,43.2214,62.9654,94.7135,53.1231,68.2186,65.8645,60.0852,97.756,97.8156,The AES Corp,0.0245852064375206,0.320455377391127,1,0,0
AFL,52.1559,85.651,38.6065,58.8126,56.2477,27.4206,79.3254,69.7674,41.6526,21.0971,65.8478,Aflac Inc,0.1145430345650492,0.2432250415646795,0,0,0
AIG,49.8901,48.5776,53.8414,55.3556,69.9015,29.6067,83.3987,57.4789,36.6937,82.9795,68.8945,American International Group Inc,0.0617757961080962,0.3092811921986458,0,0,0
AIZ,58.8282,95.0801,28.4376,58.9994,72.317,19.764,79.9848,51.7387,72.1777,49.515,85.6721,Assurant Inc,0.1427302480820936,0.2554004183346936,0,0,0
AJG,52.8142,92.2857,30.6701,49.3335,66.9929,25.0339,79.1173,47.7326,32.5299,43.9702,79.7773,Arthur J. Gallagher & Co,0.1748252714290444,0.2059904315847837,0,0,0
AKAM,55.8238,88.5774,56.6383,47.4374,64.774,19.637,68.9002,49.8113,31.8771,63.4341,69.0651,Akamai Technologies Inc,0.0735428965264408,0.3131057634566919,0,0,0
ALB,60.4087,70.9158,52.4177,77.8058,73.096,80.5049,87.1893,59.4139,84.6299,43.9885,80.0084,Albemarle Corp,0.0358547049194777,0.4137522892977058,0,0,0
ALGN,42.2608,89.7919,20.9147,36.6618,59.5945,23.5124,51.0782,33.7807,37.4065,45.8156,73.397,Align Technology Inc,0.168671113095847,0.4509987201288333,0,0,0
ALL,71.5139,82.6407,78.0816,73.8794,73.3081,27.4206,89.2268,89.5434,68.0013,74.8677,73.8433,Allstate Corp,0.1267430347247924,0.2297142124742499,0,0,0
ALLE,53.7258,100.0,48.6644,59.1548,51.2252,73.4044,63.1617,55.6801,51.6835,22.9005,67.8718,Allegion PLC,0.0968311780474641,0.2602592379804265,0,0,0
AMAT,73.8536,99.7358,76.4014,68.3788,79.8297,42.2929,91.9439,79.8778,78.5444,71.8149,84.5083,Applied Materials Inc,0.2318247107865939,0.3820889486058047,0,0,0
AMCR,70.2968,98.3966,69.7646,67.0818,76.5605,62.1294,93.7089,51.6933,68.1262,84.3527,72.7993,Amcor PLC,-0.0159235866461008,0.2951714809167758,0,0,1
AMD,63.6391,78.1698,66.9512,72.2784,61.1823,62.4556,90.9052,89.4539,51.5807,70.3945,55.3744,Advanced Micro Devices Inc,0.3406205374168167,0.5623649391156363,0,0,0
AME,37.8748,98.6808,30.3238,37.6059,47.2885,13.4813,61.9543,22.9066,55.1351,31.3551,58.222,AMETEK Inc,0.1293963401434363,0.2342296059520738,0,1,0
AMGN,60.626,65.3899,71.5635,72.7416,64.6753,62.5051,88.0724,78.0848,65.0867,73.6357,57.1215,Amgen Inc,0.1079023713790553,0.2479491052089966,0,0,0
AMP,65.4141,92.3921,33.7301,69.3161,74.6861,0.0,90.762,64.0107,63.0567,72.1128,84.0746,Ameriprise Financial Inc,0.1734291458198343,0.3198123353995984,0,0,0
AMT,67.2621,99.6251,62.7495,69.3503,70.5661,19.6688,76.8201,77.2852,61.7427,70.3084,73.9199,American Tower Corp,0.0831548431562146,0.243649599569627,0,0,0
AMZN,39.6626,10.798,63.9021,72.8262,72.8321,66.2291,81.0283,76.012,63.4664,77.8587,76.9328,Amazon.com Inc,0.2312211342478957,0.3227046501801664,0,0,0
ANET,53.2307,91.3533,56.3633,46.588,59.8416,42.8518,80.469,49.0954,15.0504,13.81,76.2382,Arista Networks Inc,0.3227661652598223,0.435644604663822,0,0,0
ANSS,54.3874,100.0,43.4084,68.0756,45.894,43.5743,76.4901,52.5789,79.475,25.4752,56.9292,Ansys Inc,0.1294904698684604,0.285410391268776,0,0,0
AON,49.2211,71.8963,35.3034,57.6564,59.8115,32.3002,80.8816,61.3495,42.5641,35.2051,71.7769,Aon PLC,0.156304309803247,0.2202490167022447,0,0,0
AOS,47.9127,100.0,45.6368,40.6959,60.1059,13.8885,82.9431,42.9082,28.0014,4.2911,83.8891,A.O. Smith Corp,0.1303338618724598,0.2637066859630976,0,0,0
APA,47.5914,84.4493,41.562,54.3132,63.8454,64.1383,69.3987,46.8977,25.2613,49.0252,67.5412,APA Corp,-0.1058953648871146,0.5628722478017747,1,0,0
APD,80.2128,99.1702,88.1829,77.2611,71.6691,67.8409,89.5552,76.977,84.6246,87.8525,64.9346,Air Products & Chemicals Inc,0.1150283485389499,0.2462080525235921,1,0,0
APH,56.4039,91.0582,51.5254,55.3183,66.6145,35.6179,61.6183,53.9164,91.7984,67.7291,70.036,Amphenol Corp,0.1756306189413363,0.2345640628766829,0,1,0
APTV,56.1532,95.5993,49.4043,57.3853,63.5002,53.506,76.0451,43.6409,62.5447,46.9122,70.4489,Aptiv PLC,0.046414846943215,0.3815180613664938,0,0,0
ARE,62.8164,100.0,52.5211,67.6893,70.2524,10.5888,80.4579,57.7205,79.8721,32.5167,84.3125,Alexandria Real Estate Equities Inc,0.0381352522537257,0.2443189733603308,0,0,0
ATO,33.8873,95.4511,24.994,33.5955,47.0819,0.0,69.7197,22.0856,49.4828,61.6658,44.1291,Atmos Energy Corp,0.1144564281497096,0.2067919722583278,1,0,0
AVB,70.828,97.6452,64.3529,75.6233,73.88,58.9959,93.5686,82.1969,44.3261,74.0864,74.0474,AvalonBay Communities Inc,0.0392252435538279,0.2337385872878035,0,0,0
AVGO,41.8708,50.9184,45.1142,54.7249,61.6104,52.13,55.0914,40.8334,75.0041,81.9568,60.5961,Broadcom Inc,0.3341000791405712,0.3553344112409782,0,0,0
AVY,62.628,98.9903,70.2936,62.5652,51.3901,49.2905,77.3817,92.4885,38.2664,55.0333,49.427,Avery Dennison Corp,0.1488348754791148,0.2565702530262422,0,0,0
AWK,73.9873,95.9978,67.8781,81.4534,78.1373,75.0632,86.0826,78.4777,89.6332,71.6966,85.6716,American Water Works Co Inc,0.1078607985748357,0.2190375845283944,0,0,0
AXON,27.2623,76.7432,4.4827,27.5354,48.2436,14.5591,36.0109,25.7131,44.8059,44.3772,57.5299,Axon Enterprise Inc,0.3268241292779881,0.4768306151407015,0,0,0
AXP,58.9492,62.2395,39.0073,69.8719,77.1434,26.9925,88.9915,76.9509,75.1322,86.3301,75.6502,American Express Co,0.1298527040573825,0.2893849865823772,0,0,0
AZO,58.498,95.1561,37.5838,68.4196,58.8834,58.5086,81.4544,53.4146,73.6867,48.1802,66.975,AutoZone Inc,0.179561905314751,0.2465765794899114,0,0,0
BA,47.4873,20.2782,81.6384,78.8377,68.0712,77.2647,85.1697,83.5284,65.607,77.4432,66.8803,Boeing Co,0.0588814073538173,0.3789698346156815,0,1,0
BAC,43.721,11.379,84.9436,83.8441,63.9279,67.872,95.2627,87.1329,78.5222,69.6177,56.3087,Bank of America Corp,0.1052779201826534,0.2985243298545654,0,0,0
BALL,70.9319,96.227,79.2611,77.6957,51.1647,84.0154,72.2451,91.0987,53.4791,29.8044,53.4008,Ball Corp,0.0796118957401084,0.2640915641780678,0,1,0
BAX,70.3666,62.3236,74.7439,84.4716,84.8657,62.2683,86.8376,98.8522,92.0149,89.4285,81.718,Baxter International Inc,-0.0020534767418732,0.2404223132156779,0,0,0
BBY,67.5246,70.1189,75.1753,76.8775,78.2361,74.5862,91.7137,76.8459,62.4817,82.4675,76.7737,Best Buy Co Inc,0.1726367806262128,0.387478911963637,0,0,0
BDX,71.4928,70.3844,73.8144,87.0681,67.1043,80.1464,92.8839,89.7873,86.2901,56.6342,69.7336,Becton Dickinson & Co,0.093969819194468,0.2100637986924352,0,0,0
BEN,50.2097,82.0224,47.9323,59.4573,48.0681,0.0,78.7173,60.044,44.7615,66.4894,42.6379,Franklin Resources Inc,-0.0619059173102259,0.3082202703571859,0,0,0
BF.B,56.0462,100.0,60.7836,54.6416,52.9442,56.6524,79.3023,68.1567,23.8412,33.1551,54.8584,Brown-Forman Corp,0.0451287417119645,0.2317957520299177,0,0,0
BG,59.1682,45.9724,83.6675,69.0503,76.6209,77.2097,74.6135,46.0069,76.7577,68.2464,78.0753,Bunge Global SA,0.0094238733075862,0.2937157086901095,0,0,0
BIIB,63.4873,68.1446,73.9647,77.9657,63.5902,56.3962,91.5316,88.864,82.3565,78.643,54.3891,Biogen Inc,0.0194052353096493,0.4013958244378025,0,0,0
BK,55.9107,56.2629,86.5946,80.3553,52.587,65.1184,95.7974,85.9155,48.775,71.918,39.3803,Bank of New York Mellon Corp,0.0871494004496457,0.2603730442391595,0,0,0
BKNG,35.165,60.2377,35.6399,33.8712,50.8948,23.4667,66.9942,39.7796,17.1396,62.6707,49.3094,Booking Holdings Inc,0.169755072560902,0.3111166099047869,0,0,0
BKR,77.723,84.8758,86.6133,84.6202,72.9422,85.5497,89.3075,82.305,77.3422,44.2842,79.6451,Baker Hughes Co,-0.0090622800332601,0.3972411276317671,1,0,0
BLK,60.4394,72.5276,65.4915,72.4708,63.4043,63.8019,78.3815,87.6198,41.9156,65.0111,63.1917,BlackRock Inc,0.1296384000294601,0.2651402922523994,0,0,0
BMY,68.8668,68.8539,77.9801,82.2822,70.2281,75.7478,90.4893,91.1065,72.4176,80.6916,62.6949,Bristol-Myers Squibb Co,0.042906120748049,0.244063356897246,0,0,0
BR,56.5658,100.0,48.0003,60.0086,58.1625,50.5604,79.8333,49.4813,61.3554,78.6978,58.5001,Broadridge Financial Solutions Inc,0.1850270569597193,0.2234061172600364,0,0,0
BRK.B,20.888,52.0976,22.252,23.0698,22.1273,30.1984,37.2689,7.6146,13.1515,16.9706,28.0998,Berkshire Hathaway Inc,0.1335916497023918,0.1854261704846836,1,0,1
BRO,34.4377,94.3193,7.8583,35.0334,46.6567,13.4592,48.335,32.1535,38.5469,79.1102,44.5967,Brown & Brown Inc,0.1754912810646493,0.2141502678884371,0,0,0
BSX,64.2314,62.7371,54.9749,81.3194,68.7127,60.5514,90.0173,87.5278,87.4976,51.3745,76.538,Boston Scientific Corp,0.2244252217263375,0.266871188285624,0,0,0
BWA,50.8614,99.1769,60.1415,47.4454,43.6951,41.8509,76.4707,40.558,37.7462,42.9185,40.3678,BorgWarner Inc,0.0016978915053872,0.3274458765921446,0,0,0
BX,25.8572,55.7264,32.531,62.1099,3.2668,29.8337,87.1856,50.2696,44.9569,1.2963,0.7319,Blackstone Inc,0.1995975958959756,0.3392750030327534,1,0,1
BXP,62.1885,99.4433,69.8085,60.8913,54.5164,10.4238,81.996,64.3697,39.4176,28.617,59.9202,BXP Inc,-0.0252153386015827,0.2900801449319411,0,0,0
C,47.4829,11.6959,92.7457,80.6987,83.3803,86.2621,90.1998,89.914,49.8082,64.159,86.9658,Citigroup Inc,0.0367713953285067,0.3137007546318004,0,0,0
CAG,64.6091,70.1327,64.7013,70.8408,79.6308,25.9332,94.7611,78.9413,89.6395,96.6724,74.6921,Conagra Brands Inc,0.0180101179751945,0.2459802959416391,0,0,0
CAH,47.3708,60.2352,51.931,54.5433,69.363,37.4954,79.5301,62.8659,38.348,83.8825,68.3485,Cardinal Health Inc,0.0866603351003595,0.2760936828105776,0,0,0
CARR,62.7215,100.0,48.9084,79.6589,57.0905,61.2815,98.2602,81.8527,81.4766,83.5699,42.5348,Carrier Global Corp,0.3896735149658121,0.3780750231365149,0,0,0
CAT,66.8107,73.2783,70.1903,75.8181,76.1345,69.141,91.5217,70.8757,71.8139,57.6972,82.4365,Caterpillar Inc,0.1185335299714566,0.2826848469606427,0,0,0
CB,45.6818,71.5642,49.9177,41.7302,58.4882,20.1477,62.7773,40.4163,33.4147,8.1325,75.6378,Chubb Ltd,0.103315903161032,0.2230306830979753,0,0,0
CBOE,50.804,88.9254,21.5648,51.3815,60.9493,1.0115,74.7363,42.0804,40.4316,76.888,61.3253,Cboe Global Markets Inc,0.1642429394927711,0.2391470524797715,0,0,0
CBRE,82.0015,91.8918,77.6705,84.7031,90.4702,81.6846,95.0093,84.822,61.5661,92.8742,90.0965,CBRE Group Inc,0.1569476908185308,0.312882273596052,0,0,0
CCI,52.0054,93.93,44.1719,50.6614,64.6033,45.8727,51.7088,58.5978,39.2177,73.9696,66.6794,Crown Castle Inc,0.029613622074801,0.2383298712308295,0,0,0
CCL,57.6844,57.8659,72.6376,71.1573,66.5849,79.0922,71.6647,91.7884,57.0332,78.4477,57.7928,Carnival Corp,-0.045498248617249,0.5214175299233069,0,0,1
CDNS,56.521,98.6422,37.9945,60.0063,59.4814,35.7483,74.1331,50.4418,59.8434,91.195,56.0232,Cadence Design Systems Inc,0.2540444939624514,0.3010238709503277,0,0,0
CDW,49.6048,100.0,23.0027,53.2698,64.0252,22.7339,87.9956,75.2893,45.8006,47.1843,74.2984,CDW Corp,0.2053171367316224,0.2826362769074,0,0,0
CE,51.6527,95.8182,47.6667,46.2162,68.1748,24.7229,68.3828,40.2451,75.8805,44.1645,80.4613,Celanese Corp,0.0835212311584207,0.3101048556380715,0,0,1
CEG,49.3738,100.0,44.9586,58.2499,45.3408,39.4109,59.7491,84.6774,14.8011,73.9667,28.7398,Constellation Energy Corp,0.6527114509089613,0.4246264763476607,1,0,0
CF,55.8037,97.4264,39.3251,58.2232,80.8161,63.7699,86.4989,44.9958,32.3399,68.274,87.4578,CF Industries Holdings Inc,0.05981436133476,0.3864837213555852,0,0,0
CFG,59.5317,93.4688,38.6923,55.4556,74.7898,0.0,83.5562,60.4804,66.6704,72.3211,84.3703,Citizens Financial Group Inc,0.0588800627338324,0.3762490657249369,0,0,0
CHD,59.6529,97.481,53.1756,59.7458,66.4482,59.5451,60.3439,42.4851,71.2088,22.8148,78.2185,Church & Dwight Co Inc,0.1138121943297753,0.2003171480311174,0,0,0
CHRW,34.9859,100.0,19.5381,50.1214,33.8473,2.3936,74.5704,65.3357,42.5648,35.2968,33.1713,C.H. Robinson Worldwide Inc,0.0403957403457069,0.2567470481147251,0,0,0
CHTR,26.3958,77.0016,22.3206,31.3006,21.6542,0.0,45.4188,43.8074,40.1811,26.5678,20.0771,Charter Communications Inc,0.1307778640828337,0.3058413926581467,0,0,0
CI,60.3647,63.5466,77.4757,76.2127,56.7013,75.5612,93.1972,91.7022,52.0583,83.1357,43.8306,The Cigna Group,0.1477870108529729,0.287253807369167,0,0,0
CINF,48.0919,99.6305,29.1735,43.521,63.1888,0.0,69.3033,50.1527,34.815,28.7716,79.1693,Cincinnati Financial Corp,0.1066411192120629,0.2645129830151861,0,0,0
CL,83.6377,89.0901,82.1975,87.9618,86.7974,80.5321,96.285,85.2244,91.6462,82.7682,88.4147,Colgate-Palmolive Co,0.047619407623681,0.1834382787323094,0,0,0
CLX,63.622,84.979,56.2602,67.4776,76.009,70.3054,86.3728,66.034,56.3346,78.1508,72.8904,Clorox Co,0.0667554047828592,0.2204203367737971,0,0,0
CMCSA,41.9343,34.6771,48.2134,59.5147,51.5228,65.003,92.6619,59.3822,30.9312,16.6219,65.6392,Comcast Corp,0.0690364017143621,0.24161880925012,0,0,1
CME,48.7027,85.8234,19.9559,62.6588,47.1007,15.2347,86.8335,56.1732,44.8436,59.7065,48.4221,CME Group Inc,0.1244716980410801,0.2370730587377872,0,0,0
CMG,45.4175,63.9214,35.1419,66.1324,41.0644,47.5832,64.3307,50.9668,82.9604,27.9603,45.9646,Chipotle Mexican Grill Inc,0.1924706007234725,0.3364401476904113,0,0,0
CMI,68.557,98.1426,61.6908,73.4401,69.8415,77.4103,92.417,78.5919,42.9122,81.1804,62.8845,Cummins Inc,0.0899984690009053,0.2614303267050584,0,0,0
CMS,48.1715,95.3487,42.97,44.4114,65.315,46.3522,77.0301,36.1321,14.1809,87.0197,55.3422,CMS Energy Corp,0.0856633327143353,0.2018289333191161,1,0,0
CNC,42.6478,72.1848,30.8351,50.8577,58.9831,17.3571,78.3529,55.3657,41.6899,56.4827,64.9543,Centene Corp,0.1535630771602436,0.3383400122977347,0,0,0
CNP,37.9594,95.2568,19.9695,29.8211,83.7328,2.6394,59.1672,22.0331,46.5665,69.4349,89.5215,CenterPoint Energy Inc,0.0318199882604414,0.2562311123055774,1,0,0
COF,61.9203,68.828,56.8786,74.5113,65.7449,53.1511,95.0635,73.5224,71.9452,50.3271,72.0622,Capital One Financial Corp,0.0832910518648874,0.338093696094711,0,0,0
COO,49.3483,100.0,25.3032,45.7127,65.3563,21.625,76.2923,45.7448,40.2827,73.7934,73.4764,The Cooper Companies Inc,0.12627557356933,0.2564767568623445,0,0,0
COP,58.5435,60.1836,70.4359,72.2995,62.0389,55.4056,96.957,93.0318,43.5437,69.1258,53.4929,ConocoPhillips,0.050717914251869,0.3611004282755685,1,0,0
COR,47.3966,45.109,38.5464,56.8667,80.8543,25.9909,72.0958,75.3538,58.3512,56.2056,92.1772,Cencora Inc,0.1424483732704779,0.2490209805333869,0,0,0
COST,58.0806,68.4371,80.8076,50.8028,66.87,61.9993,38.3312,50.2578,60.5288,29.4544,84.8977,Costco Wholesale Corp,0.1824901557685614,0.2065135632368997,0,0,1
CPB,79.2273,88.6902,79.8643,88.4663,68.8351,81.7877,97.2782,88.7907,88.5529,51.9922,69.8799,Campbell Soup Co,0.0215283165191767,0.2321929330765123,0,0,0
CPRT,40.6538,100.0,2.3692,51.8013,43.5211,21.2928,67.935,47.1026,53.2667,64.8725,43.6181,Copart Inc,0.2203130351407384,0.2584570788930668,0,0,0
CPT,52.3395,100.0,40.2207,55.2202,63.7736,23.092,81.8405,48.3772,34.6794,42.9669,77.3618,Camden Property Trust,0.0427889292825509,0.2323944108030163,0,0,0
CRL,52.6101,81.0824,43.539,80.5485,45.4752,47.5739,87.383,86.5862,76.4104,38.7833,52.6712,Charles River Laboratories International Inc,0.1319331048076656,0.317593995560568,0,0,0
CRM,58.0706,82.5678,69.6849,70.3186,49.3408,57.3046,95.538,87.3013,32.606,39.4832,46.0782,Salesforce Inc,0.1632343238230191,0.3442714509890608,0,0,0
CSCO,69.8272,54.3829,69.8066,92.2713,86.7409,79.6813,95.921,90.6383,94.3366,71.518,90.6212,Cisco Systems Inc,0.0849130563253634,0.2465314708443168,0,0,0
CSGP,54.7014,96.1196,16.9099,45.9756,73.5527,11.4402,65.9181,51.4783,34.242,56.267,88.2084,CoStar Group Inc,0.1736433379449435,0.3096824756907267,0,0,0
CSX,55.9677,80.9263,68.5137,58.4604,50.1241,38.7279,95.3366,61.8421,26.6024,78.0457,36.1579,CSX Corp,0.1355739146791103,0.2701218972493804,1,0,0
CTAS,61.5828,86.8297,54.2938,65.5064,72.6225,66.8299,75.5732,70.8315,43.0777,58.8974,84.1473,Cintas Corp,0.2516525522751484,0.2469581988450179,0,0,0
CTLT,45.2144,77.5373,49.5725,62.6212,32.6736,53.5221,82.7413,66.9539,49.374,32.7926,31.6899,Catalent Inc,0.1051839919820195,0.4096639840640492,0,0,0
CTRA,29.0196,67.4856,26.803,17.5834,52.6651,6.0172,43.4968,24.8646,0.0,54.5319,57.6647,Coterra Energy Inc,-0.0068139528658476,0.3607082349792328,1,0,0
CTSH,59.9418,64.2609,53.1165,82.4441,58.1601,82.441,92.1037,91.8488,63.5026,43.8166,61.7405,Cognizant Technology Solutions Corp,0.0569176535664425,0.2794224565001795,0,0,0
CTVA,45.7382,44.1636,49.5884,56.5421,71.8365,57.7747,71.826,51.1037,44.226,91.9988,60.9806,Corteva Inc,0.1363522914230311,0.3444950386446142,0,0,0
CVS,60.9452,40.9556,87.9325,88.0559,79.1841,84.254,93.7022,84.9855,87.2986,80.9437,77.0969,CVS Health Corp,0.0098423491265958,0.2541225552379116,0,0,0
CVX,53.2675,29.9205,74.948,78.2125,82.3919,81.6687,90.0608,73.6152,63.6688,86.3062,82.8304,Chevron Corp,0.0276511236436673,0.2806970904446702,1,0,1
CZR,43.0243,71.2977,37.3471,59.9712,46.7737,53.8519,76.1231,64.0835,51.6614,66.8982,38.7025,Caesars Entertainment Inc,0.185052277449038,0.572206935970553,0,0,1
D,73.1492,80.7697,77.5395,70.3763,80.2754,56.402,91.5213,58.4575,83.5644,75.3048,79.9544,Dominion Energy Inc,0.0091855733096993,0.2207313930430804,1,0,0
DAL,51.9956,40.4933,69.0665,77.7475,54.4307,73.6241,93.7065,68.0091,81.508,80.0259,41.3533,Delta Air Lines Inc,0.132238898467366,0.3931988719760372,0,0,0
DD,51.5731,48.521,67.4137,61.7229,70.9179,81.7659,71.2723,45.5909,28.4193,95.3256,58.4039,DuPont de Nemours Inc,0.0474767637956551,0.296314225817997,0,0,0
DE,61.7723,81.9498,73.825,73.6856,46.0288,54.1374,90.7741,76.7601,77.8746,57.5596,38.6671,Deere & Co,0.1281817011734449,0.2772138820300653,0,0,0
DFS,48.926,74.1033,16.6456,53.4042,72.4841,8.6436,67.1634,67.5575,52.5914,90.2086,76.7385,Discover Financial Services,0.1135399783009066,0.3630974100099155,0,0,0
DG,36.6516,66.9755,8.6065,46.6341,59.5124,37.5734,59.6598,35.8441,45.7465,43.8387,75.8503,Dollar General Corp,0.0545154255087644,0.2970662176747299,0,0,1
DGX,68.1408,90.2163,57.9702,73.8807,68.5347,31.7514,91.1463,73.0167,81.1334,52.2029,75.6709,Quest Diagnostics Inc,0.0823535215857707,0.2300615011004073,0,0,0
DHI,40.2642,97.8164,29.7707,27.0858,74.5518,14.2142,55.4712,30.9507,15.0434,80.0962,87.7989,D.R. Horton Inc,0.1782165518947857,0.3525381134041913,0,0,0
DHR,59.2005,85.7387,48.6302,72.1299,60.6603,66.024,72.1716,75.1834,75.2749,51.841,63.8804,Danaher Corp,0.1572292816864627,0.2247031881167734,0,0,0
DIS,43.6611,19.9667,57.8468,84.3816,49.3203,64.7552,96.5148,79.448,91.2608,59.4747,43.0512,The Walt Disney Co,0.0531731476153699,0.2642108670407132,0,0,1
DLR,58.8777,95.3935,64.1414,53.9074,57.4034,34.8566,55.5767,65.6607,40.3703,60.7738,57.0868,Digital Realty Trust Inc,0.0795049269083326,0.2737594682190731,0,0,0
DLTR,48.9983,67.9048,44.7906,58.4319,56.5183,56.1133,60.0666,46.3697,68.7503,90.1399,52.086,Dollar Tree Inc,0.0433389459281406,0.3294640762751182,0,0,1
DOV,58.9962,95.547,68.3094,43.6248,72.1514,40.9429,69.4541,23.4458,36.6948,59.8311,82.999,Dover Corp,0.1214034361957247,0.2573270610000146,0,0,0
DOW,69.0988,55.5314,87.7472,87.8025,90.1528,93.3666,90.3431,99.4018,58.8657,99.7672,85.4233,Dow Inc,-0.002991097327492,0.3631518469274316,1,0,0
DPZ,34.239,67.454,20.2681,48.4726,54.4406,17.6133,59.749,25.3017,67.5087,38.2098,63.5519,Domino's Pizza Inc,0.1892129638302948,0.283946023033839,0,0,0
DRI,54.0057,85.8255,48.0821,67.2341,42.2235,40.1815,66.8058,65.674,80.2756,18.8581,56.2315,Darden Restaurants Inc,0.115716006397734,0.3342203813992395,0,0,1
DTE,68.2605,90.3523,76.1948,55.8767,73.7565,3.6645,78.989,57.8251,82.1013,76.7343,70.2782,DTE Energy Co,0.071141401100833,0.2153384770332381,1,0,0
DUK,63.7262,76.0202,72.9512,68.4744,61.8254,54.2282,91.5052,73.3039,37.0107,60.7035,60.3347,Duke Energy Corp,0.0465265966349555,0.1977829673055131,1,0,0
DVA,57.7434,70.3698,62.9415,58.6294,70.4478,44.9451,89.0248,79.9901,25.9016,53.3764,78.8311,DaVita Inc,0.0806079966383339,0.3069407125289162,0,0,0
DVN,51.7665,86.4046,44.8918,59.2078,51.31,61.6992,70.9561,64.9972,27.077,76.5035,42.6161,Devon Energy Corp,-0.0265686181190628,0.4887886362631314,1,0,0
DXCM,38.9382,100.0,27.2782,56.8034,20.857,17.8198,60.6882,64.7041,81.1146,42.6241,13.1544,DexCom Inc,0.2547485605356927,0.4881929882003882,0,0,0
EA,48.7141,68.342,31.8366,53.9632,55.9935,15.1249,74.4132,77.6425,32.731,64.6942,61.415,Electronic Arts Inc,0.1980793639897814,0.2995025068471679,0,0,0
EBAY,49.8798,51.7741,44.866,60.3476,58.1101,38.6949,83.9806,72.0974,32.7211,44.0118,60.769,eBay Inc,0.0800571484876876,0.2897346573859076,0,0,0
ECL,69.8521,92.5283,66.9182,85.1571,51.4651,87.7688,94.2189,84.6549,70.4705,56.7469,41.9896,Ecolab Inc,0.1007481389050671,0.239285860969251,0,0,0
ED,61.3921,88.41,55.6069,57.7454,76.1476,11.6158,71.545,75.8597,50.9661,65.8264,82.9509,Consolidated Edison Inc,0.0481615137623637,0.2005579047430741,1,0,0
EFX,32.2658,58.6024,20.0861,33.9056,53.9618,0.0,59.0214,44.693,41.8996,43.8087,65.3295,Equifax Inc,0.1332182969809064,0.2754902853432504,0,0,0
EG,46.927,100.0,14.481,35.9868,72.4467,4.2969,58.8176,33.9657,33.9947,16.3562,93.5286,Everest Group Ltd,0.0972277048384044,0.2503582586915038,0,0,0
EIX,56.5262,62.9044,63.5134,66.4426,75.2426,58.3848,86.1388,60.2334,59.8827,66.0768,78.3896,Edison International,0.0479801606728358,0.2519741991654082,1,0,0
EL,59.3629,90.0143,74.6857,69.2558,27.2534,65.6652,83.5192,80.9495,56.9866,2.4816,25.683,The Estee Lauder Companies Inc,0.0073905151526504,0.3065809797100534,0,0,0
ELV,73.1536,80.2164,73.3026,76.9876,77.419,59.4125,88.5393,91.92,66.1939,68.2973,81.2399,Elevance Health Inc,0.1621063468359161,0.2801132707362648,0,0,0
EMN,70.0424,91.5449,73.834,69.6281,71.6614,58.9146,82.7212,70.7647,77.157,35.8967,80.5042,Eastman Chemical Co,0.0313468752547378,0.2916354012344198,0,0,1
EMR,62.4995,98.9976,66.3611,67.895,50.7916,55.0294,88.5018,74.8832,56.3679,44.0973,55.0298,Emerson Electric Co,0.0580596122131045,0.2637122697515976,0,0,0
ENPH,43.9165,87.3927,45.8278,62.007,32.3237,64.8177,69.1769,36.5904,74.537,17.9728,33.2657,Enphase Energy Inc,0.2616400819313938,0.7890176168515031,0,0,0
EOG,47.4475,95.7692,41.8675,40.3037,68.3713,25.8906,49.4143,59.5038,27.7481,87.1665,64.5907,EOG Resources Inc,0.056669711971905,0.38791083272847,1,0,0
EPAM,55.9999,100.0,15.8702,69.6194,56.3109,70.7053,77.7619,62.3508,62.3841,33.9201,67.6138,EPAM Systems Inc,0.1945217155608652,0.4533370879080876,0,0,0
EQIX,59.3945,92.935,59.3583,64.5408,54.7782,14.8543,85.2617,71.144,38.9556,67.9204,50.6302,Equinix Inc,0.1200045304617764,0.2641152808959968,0,0,0
EQR,55.5669,99.0219,52.358,67.1483,48.4371,20.8981,84.3072,63.7495,60.1281,44.4289,48.289,Equity Residential,0.0162939218630357,0.2386126311275995,0,0,0
EQT,41.6353,87.6991,38.4176,35.9047,56.5738,0.0,83.2517,56.3289,26.9111,62.7724,52.8948,EQT Corp,0.0097399856553507,0.4559481627555349,1,0,0
ES,67.9943,92.9151,77.3293,66.239,56.6026,39.7032,86.064,62.1909,78.6984,80.7948,46.482,Eversource Energy,0.0397028322386729,0.223594878126911,1,0,0
ESS,58.92,100.0,53.4338,47.0426,76.4722,25.4553,33.2496,62.031,52.8497,52.6043,89.0059,Essex Property Trust Inc,0.0528708654304086,0.2437337847413321,0,0,0
ETN,62.7897,72.7606,88.6801,73.4132,36.6113,83.7096,91.7664,80.9459,34.0541,28.567,30.6939,Eaton Corp PLC,0.1506395974453868,0.2725015077035216,0,1,0
ETR,56.2474,88.503,52.3017,59.4378,62.981,35.7206,90.3728,47.5394,69.2486,90.9568,50.7018,Entergy Corp,0.0680755892869577,0.2307037081473813,1,0,0
EVRG,47.0068,100.0,44.9082,35.3278,65.7571,32.2747,74.9884,14.9422,24.2619,77.3188,62.5772,Evergy Inc,0.0596345567851507,0.2218170431735827,1,0,0
EW,54.8551,68.0492,53.2317,73.2977,47.7363,45.949,91.0676,77.9429,78.3769,48.3524,43.5569,Edwards Lifesciences Corp,0.1252951912808561,0.3355263765210736,0,0,0
EXC,58.2662,78.5603,57.2706,55.7291,71.1842,2.8143,70.6751,58.0418,95.5908,77.3642,65.0404,Exelon Corp,0.0494123614818336,0.2394517467829378,1,0,0
EXPD,52.9741,94.2426,50.6663,49.7213,59.9721,17.0342,59.8064,50.8941,67.8963,81.2075,58.7386,Expeditors International of Washington Inc,0.0903864958638722,0.2315075073218011,0,0,0
EXPE,27.5658,67.9979,30.0937,33.781,16.536,16.6138,67.3776,45.8806,16.6962,26.3237,11.6085,Expedia Group Inc,0.0781903501056121,0.4222363597776117,0,0,0
EXR,27.228,100.0,18.2953,51.0236,15.308,0.0,55.2702,51.0077,59.9834,32.9318,11.7494,Extra Space Storage Inc,0.1248035180380779,0.2539842833164393,0,0,0
F,50.0535,26.6857,87.677,88.8136,39.8464,92.0125,89.4723,85.7689,86.366,36.2946,29.6268,Ford Motor Co,-0.0216446128545903,0.3423359583906959,0,0,0
FANG,43.0142,80.1954,31.9751,44.4949,76.0635,47.359,42.3564,49.752,29.8225,86.9745,75.0529,Diamondback Energy Inc,0.1871527123688211,0.4970898144067213,1,0,0
FAST,43.0578,97.406,44.9467,34.4305,52.1026,46.5091,9.2234,44.3653,37.3931,47.2696,61.857,Fastenal Co,0.1002541546822122,0.2602185546606155,0,0,0
FCX,74.9191,77.3004,78.8071,78.2676,87.8259,72.7634,95.089,74.1675,78.5507,76.3586,91.3341,Freeport-McMoRan Inc,0.0219512342498639,0.5112621616937778,1,0,0
FDS,56.8094,100.0,25.4959,55.8217,79.991,35.8244,76.3068,57.601,58.4267,71.6686,86.0952,FactSet Research Systems Inc,0.1380476704437759,0.2424390575331873,0,0,0
FDX,52.7677,33.3408,72.2499,65.4954,78.6805,14.7336,87.7121,69.2034,82.4609,74.6542,81.3274,FedEx Corp,0.0903828019364116,0.3058403406508602,0,0,0
FE,49.787,61.8634,57.9927,57.093,62.6853,55.8679,64.1142,55.7722,50.3265,71.439,58.1775,FirstEnergy Corp,-0.0005052705561714,0.2499710884235341,1,0,0
FFIV,59.1815,99.2907,27.9855,72.089,57.4255,36.2964,84.8743,67.1804,77.1898,91.3861,53.2719,F5 Inc,0.0703290665030012,0.2950634802511464,0,0,0
FI,36.5988,90.3074,15.8363,36.2574,53.5175,21.7283,73.7817,32.4339,13.5553,50.2106,60.3645,Fiserv Inc,0.194300507331715,0.2394134229670331,0,0,0
FICO,38.336,96.5858,13.0966,41.314,43.3434,3.1094,59.9026,53.7476,29.1752,72.1136,40.2428,Fair Isaac Corp,0.3236135165897171,0.3277949493940378,0,0,0
FIS,46.9827,81.7588,31.9367,76.1671,35.5831,35.5904,92.2868,71.0753,69.3441,23.36,37.2999,Fidelity National Information Services Inc,0.0770848406635575,0.2804763391529746,0,0,0
FITB,63.9131,82.9218,61.3166,65.7957,68.6739,28.4376,94.9523,63.7435,71.2683,52.9281,75.3976,Fifth Third Bancorp,0.0851285641075823,0.3411556769904869,0,0,0
FMC,58.2035,78.7283,66.4321,60.7235,72.8933,47.6095,74.5791,72.5171,59.448,36.8526,79.9143,FMC Corp,0.0172583560736829,0.3177211095142266,0,0,0
FOXA,49.7077,40.2639,36.4478,76.5294,59.2661,76.3054,85.268,76.8972,69.1053,57.4899,65.051,Fox Corp,0.0172292552894091,0.3280910904408796,0,0,0
FRT,60.5597,100.0,55.5416,51.8792,74.5642,16.4514,75.8766,47.8589,32.2401,36.4789,92.441,Federal Realty Investment Trust,0.0040078490636437,0.2737145039250235,0,0,0
FSLR,60.748,83.5869,61.254,75.0277,57.8438,67.7344,82.5667,65.3509,74.5707,82.25,49.0193,First Solar Inc,0.157112474874574,0.4968346058599304,0,0,0
FTNT,49.9976,99.0901,42.1064,63.9382,40.3606,40.0912,70.1333,46.1815,79.3941,49.3052,37.8442,Fortinet Inc,0.247247743312678,0.3946231583843883,0,0,0
FTV,51.248,100.0,37.0034,54.6243,63.9148,65.3865,53.6536,60.5497,36.7481,64.3819,64.2039,Fortive Corp,0.0817551766172838,0.2674024899854562,0,1,0
GD,54.9915,83.9682,36.1008,54.7605,69.9906,20.5365,73.597,66.1701,81.2616,85.628,76.2067,General Dynamics Corp,0.1196560307581196,0.215376234062354,0,1,0
GE,53.8533,29.7567,79.7706,73.8743,86.0846,84.7399,68.5528,69.3966,64.138,84.5396,84.6074,GE Aerospace,0.0404296510770727,0.340319217375537,0,1,0
GEN,69.5121,80.549,74.0678,72.8395,70.5178,71.1226,96.3606,84.6839,34.4335,83.3978,64.0207,Gen Digital Inc,0.0314380911769978,0.3569248309967632,0,0,0
GILD,61.1557,65.4167,53.3347,81.4546,80.1873,63.4203,94.465,81.1573,83.4077,51.0257,92.2955,Gilead Sciences Inc,0.0735283161830993,0.2665121847572008,0,0,0
GIS,64.6407,66.6914,81.9689,87.5191,44.7857,75.6395,95.6865,94.1109,87.6653,43.6219,36.0341,General Mills Inc,0.0424385475833705,0.2018105234294471,0,0,0
GL,45.3244,87.5046,25.3462,46.4079,59.3625,29.6415,68.7057,47.4685,29.6519,89.0962,56.5932,Globe Life Inc,0.0920602906856503,0.334342411465905,0,0,0
GLW,58.2655,89.1536,54.7515,58.4859,63.0793,21.3335,87.565,72.5658,48.7492,87.8823,59.0192,Corning Inc,0.1120466362363727,0.2850415706402125,0,0,0
GM,49.2301,24.6543,72.0046,82.5779,71.002,81.8519,85.3738,74.3732,90.7965,92.18,60.1262,General Motors Co,0.0473100553721806,0.3386196038031089,0,0,0
GNRC,24.707,57.0392,7.1366,37.8481,51.2555,54.1426,56.8721,23.7709,8.5814,50.1034,58.4743,Generac Holdings Inc,0.1326675483095759,0.4242291770236193,0,0,0
GOOGL,36.0811,3.2589,73.363,74.9078,62.4948,61.8552,76.2,89.7372,71.1655,15.0663,77.3807,Alphabet Inc,0.1902041947367812,0.2728787211615314,0,0,0
GPC,35.5555,96.8913,20.2962,34.2398,59.1623,35.0967,63.1715,31.9465,8.358,38.291,68.6484,Genuine Parts Co,0.0470399346111991,0.2573563484208437,0,0,0
GPN,27.5225,82.8589,26.9111,34.0195,28.2819,6.813,59.5467,48.2686,26.2421,12.6939,33.6405,Global Payments Inc,0.1277592143534497,0.3113266756219552,0,0,0
GRMN,52.3132,71.9461,45.5038,62.0862,61.1154,50.7855,73.7139,56.69,57.9525,51.3918,74.4424,Garmin Ltd,0.1309436515925105,0.2731049501958459,0,0,0
GS,42.3834,10.1805,91.3413,76.7812,70.9288,62.7672,96.1895,77.3715,44.7604,84.5248,64.3392,The Goldman Sachs Group Inc,0.1160904690445758,0.2731162512762438,0,0,0
GWW,64.8556,98.8864,56.4811,73.2161,63.9436,67.9029,94.94,71.8537,57.9393,80.9512,59.3765,W.W. Grainger Inc,0.1413894091323976,0.2675141066867804,0,0,0
HAL,67.233,56.8998,83.2628,88.7793,71.4475,82.7079,97.3742,87.4747,94.532,73.5261,70.205,Halliburton Co,-0.0215473645437852,0.4394786090661615,1,0,0
HAS,76.2194,93.002,50.9942,91.023,69.0439,78.8352,95.5503,94.635,92.8209,80.0069,64.9501,Hasbro Inc,0.0514673284372011,0.3099358842698896,0,0,0
HBAN,66.9645,92.6517,55.3874,67.4958,72.9746,23.9157,94.3368,71.2665,70.2094,79.1423,72.966,Huntington Bancshares Inc,0.0724984320200052,0.321331062056457,0,0,0
HCA,50.1791,78.48,40.0669,60.1234,52.4056,0.5913,82.9496,41.0167,83.6054,45.6766,58.2672,HCA Healthcare Inc,0.2059522451819393,0.3180614958012782,0,0,0
HD,53.5784,42.1554,84.1835,74.3845,58.2564,48.3736,90.3942,69.4292,78.2,74.7578,52.6409,The Home Depot Inc,0.154130349274871,0.2351271690706431,0,0,0
HES,73.0687,86.8172,70.9565,80.4332,67.0684,83.1384,96.7676,73.811,66.0828,32.5213,71.1348,Hess Corp,0.0796723711034395,0.41855568346515,1,0,0
HIG,67.2921,82.1135,73.5914,65.4312,78.2613,33.3301,91.1849,77.4042,40.8522,78.094,79.4491,The Hartford Financial Services Group Inc,0.1298828905261023,0.282135764108271,0,0,0
HII,38.1891,87.4537,18.0023,45.0896,44.0963,48.3822,60.7212,46.3985,12.7646,49.998,47.5184,Huntington Ingalls Industries Inc,0.1232855112422033,0.2790757295640818,0,1,0
HLT,72.2863,83.2726,82.4608,72.6352,75.5302,71.2247,93.0854,81.328,57.5545,67.8302,75.6457,Hilton Worldwide Holdings Inc,0.1544282515696185,0.2850526129083328,0,0,1
HOLX,56.0093,94.6172,33.7537,50.2729,73.9482,21.7341,71.8481,68.5298,44.6654,53.4688,86.9237,Hologic Inc,0.1177332463016308,0.2658333025707011,0,0,0
HON,60.5199,63.8377,69.547,67.0575,75.3322,68.4745,70.2835,64.4537,64.0766,87.223,79.7898,Honeywell International Inc,0.1033658421286259,0.2181709705809707,0,0,0
HPE,71.8528,78.2887,58.907,71.4115,88.7993,69.1413,87.6959,96.0181,38.0434,82.555,89.3686,Hewlett Packard Enterprise Co,0.081166686428656,0.3507652453238985,0,0,0
HPQ,66.2311,61.2588,58.2656,82.6419,83.0197,86.4167,90.3636,96.0507,57.0655,63.3626,86.3458,HP Inc,0.1413978397132741,0.3387119338514195,0,0,0
HRL,68.4535,88.8278,57.8837,90.0659,44.3366,83.7083,94.9673,90.5523,92.2775,49.9636,37.6288,Hormel Foods Corp,0.0557041009315017,0.2168225364825775,0,0,0
HSIC,52.9831,82.8684,55.8378,53.796,57.1517,34.0637,85.7484,66.5238,35.6578,75.6559,56.2891,Henry Schein Inc,0.0658587931453571,0.2467733315263768,0,0,0
HST,78.5434,100.0,79.0664,72.5445,83.5656,28.4829,81.3452,73.6761,70.9496,78.0813,88.1274,Host Hotels & Resorts Inc,0.0060177533075526,0.3193778615634613,0,0,1
HSY,67.2348,70.4881,85.0122,87.1759,49.4566,78.1329,93.1804,91.6427,87.8751,23.2858,50.7612,The Hershey Co,0.0744683793395061,0.2080154550097166,0,0,0
HUBB,55.5784,100.0,56.9299,47.0449,65.1447,34.4231,64.2223,46.1139,45.6666,44.6389,77.4056,Hubbell Inc,0.1243057975169802,0.2638016016524025,0,0,0
HUM,73.2768,81.0922,74.6868,78.9375,81.6824,55.7164,91.4641,81.9348,78.1111,63.6828,89.6762,Humana Inc,0.1131378683519286,0.3053664522640789,0,0,0
HWM,59.1769,75.6877,56.0059,75.5763,55.9955,85.0475,74.2318,81.3133,49.0979,66.9916,45.696,Howmet Aerospace Inc,0.2285768686932306,0.40684560950781,0,1,0
IBM,65.6274,66.1173,78.8128,95.7611,55.9612,83.6937,98.5787,98.171,97.0225,75.6768,46.5722,International Business Machines Corp,0.0088578521411938,0.2316903319438857,0,0,0
ICE,56.6537,87.2795,50.1067,56.9642,60.6517,59.8458,73.6621,48.3502,37.496,73.7283,61.3088,Intercontinental Exchange Inc,0.1541999940113,0.2233172600908946,0,0,0
IDXX,56.3119,98.029,46.4301,60.9387,54.8314,33.7014,75.0377,60.5392,72.1368,35.4591,64.9606,IDEXX Laboratories Inc,0.1846712578704283,0.2984071752521963,0,0,0
IEX,48.7367,97.2406,44.9807,42.9456,60.8367,27.447,70.1205,49.3841,28.2377,16.6835,76.279,IDEX Corp,0.1273761660960096,0.2207993615671895,0,0,0
IFF,72.3858,86.9914,78.147,72.9912,78.5031,79.1761,74.7886,67.3768,70.7489,72.7941,78.4276,International Flavors & Fragrances Inc,0.0312797191922199,0.2766259957238693,0,0,1
INCY,45.314,100.0,30.764,43.4946,58.7028,0.0,79.0767,63.8795,45.4959,37.016,71.9731,Incyte Corp,0.1268230021611275,0.3959624943016862,0,0,0
INTC,68.0764,49.8066,90.5043,86.0946,86.1686,94.1881,96.1036,97.0328,48.9386,68.4228,89.7422,Intel Corp,0.0069108714383994,0.3393011528632191,0,0,0
INTU,69.9263,78.0031,67.3761,82.5385,69.962,63.2275,86.3349,78.4602,85.2435,81.2869,71.3552,Intuit Inc,0.1950859303433095,0.2957818407947238,0,0,0
INVH,43.5682,100.0,22.4037,52.2861,60.0748,56.9584,55.5639,56.4287,40.0643,55.8982,68.0314,Invitation Homes Inc,0.0582629708245894,0.2675981570519299,0,0,0
IP,60.7625,80.9837,69.5425,68.7101,58.5638,78.3024,90.1525,60.0909,35.8013,82.4656,49.6269,International Paper Co,0.0317059962010438,0.2870270439299786,0,0,0
IPG,58.4779,85.1579,52.275,64.46,58.5315,70.0662,78.174,74.0731,41.6837,68.4512,52.8957,The Interpublic Group of Companies Inc,0.0786811928161204,0.2947998256197403,0,0,0
IQV,54.1456,96.7811,46.8457,77.4838,37.7484,61.5003,83.2756,95.9872,62.8081,16.5634,41.0876,IQVIA Holdings Inc,0.1397126237706038,0.2806051072236717,0,0,0
IR,45.1323,100.0,34.1368,59.2997,39.7519,37.8188,72.1352,75.9867,58.8624,40.6876,35.0725,Ingersoll Rand Inc,0.2001132592036492,0.3455927405823765,0,0,0
IRM,67.9551,92.0793,69.2292,70.2362,68.1523,44.2666,84.6686,82.1876,39.3476,44.8589,74.73,Iron Mountain Inc,0.1124127422613303,0.2839846874778251,0,0,0
ISRG,49.6661,94.5542,25.8043,38.2838,76.9044,17.0003,69.9917,60.9716,15.417,85.0802,85.1046,Intuitive Surgical Inc,0.1873544460008414,0.3188025444211304,0,0,0
IT,60.3182,100.0,26.9751,52.9448,76.6705,51.3261,65.1005,60.0237,32.9079,66.8093,86.7917,Gartner Inc,0.1998842106563243,0.2793594531131985,0,0,0
ITW,53.5736,98.2591,45.78,53.5799,65.0867,44.7817,72.9059,56.8158,45.8545,64.5404,70.0495,Illinois Tool Works Inc,0.1222903312690618,0.2222412909881078,0,0,0
IVZ,61.0326,98.2785,44.7434,64.5257,65.8979,1.0548,80.1805,74.4973,44.0173,68.9215,66.2437,Invesco Ltd,-0.0352140228605249,0.3630263339551078,0,0,0
J,62.031,82.9425,65.7807,72.1419,58.362,65.7138,77.7729,70.043,81.76,26.4544,68.1732,Jacobs Solutions Inc,0.098163502551909,0.2693313270356846,0,1,0
JBHT,58.3474,98.4485,50.1596,60.8561,64.9113,29.2246,88.321,63.1085,54.4964,83.4153,63.9248,JB Hunt Transport Services Inc,0.0919302281298038,0.2596600907318408,0,0,0
JCI,71.4497,71.5783,93.3702,91.7363,44.4107,85.8826,96.2879,96.5668,90.2452,71.3997,27.0698,Johnson Controls International PLC,0.0819768883907148,0.254024844327485,0,0,0
JKHY,38.4503,96.1196,11.7898,44.8288,40.9558,39.9982,56.0138,41.5197,34.242,87.4976,28.8885,Jack Henry & Associates Inc,0.1268803628586628,0.2169226197187855,0,0,0
JNJ,48.218,9.5026,91.9307,94.4851,68.6023,92.4145,94.98,96.283,94.8453,72.8023,62.5622,Johnson & Johnson,0.0689901535581665,0.1749080132601281,0,0,0
JNPR,65.501,84.5992,78.3065,68.811,61.4984,40.4636,73.1903,69.5023,75.0115,47.2469,64.7452,Juniper Networks Inc,0.0541982469644937,0.2790045981296529,0,0,0
JPM,43.2067,8.7472,76.3024,81.3031,78.0884,90.5299,86.5214,77.5265,72.3611,39.3898,88.5083,JPMorgan Chase & Co,0.1360093173878703,0.2597738697019903,0,0,0
K,67.9459,69.402,74.7768,83.8301,60.7718,68.4376,94.5802,80.9906,93.1879,29.5403,64.6397,Kellanova Co,0.0348355822546621,0.2082100533921313,0,0,0
KDP,63.4205,94.5442,63.9417,61.2766,68.9574,60.2143,74.8354,44.5425,67.5976,63.3414,68.5998,Keurig Dr Pepper Inc,-0.0278197875046374,0.5436048673690412,0,0,0
KEY,61.0744,79.1023,60.7887,65.6407,73.193,28.3313,92.3932,63.5696,74.3796,66.833,76.2937,KeyCorp,0.0568333520511676,0.3753131952196132,0,0,0
KEYS,72.8663,100.0,83.8664,88.0785,41.5948,80.4705,84.5792,96.972,95.7965,65.4976,26.3159,Keysight Technologies Inc,0.1675832069555276,0.3039981319025114,0,0,0
KHC,49.2978,45.1351,59.8896,62.3667,67.3244,63.1756,71.1198,48.3144,67.3751,76.3245,64.2129,The Kraft Heinz Co,-0.0264065766991901,0.2804196500874327,0,0,0
KIM,70.2305,100.0,63.367,74.524,74.2067,28.706,86.3892,83.5076,57.67,77.8029,73.0835,Kimco Realty Corp,0.0168332909190867,0.3478696677302612,0,0,0
KLAC,54.1135,98.8154,45.474,56.7729,60.0928,72.4197,67.6409,63.9105,9.5326,28.6981,69.7714,KLA Corp,0.2201904856987688,0.3730406142214263,0,0,0
KMB,68.7148,85.6246,60.7825,75.3245,77.1929,90.0006,83.5132,67.8995,63.936,41.7695,84.2882,Kimberly-Clark Corp,0.0411158306006643,0.1953666995180285,0,0,0
KMI,60.3329,72.4118,69.7793,70.4223,66.9895,63.0332,80.9709,79.9007,48.7795,27.7313,78.537,Kinder Morgan Inc,-0.0349033953999253,0.3000435122155051,1,0,0
KMX,50.2728,85.5395,30.3954,48.2384,68.0762,0.0,88.3252,55.5804,30.0055,90.024,69.9504,CarMax Inc,0.0550384978827338,0.3656140928215151,0,0,0
KO,51.704,30.6215,66.3558,83.1161,73.4416,88.8851,77.7567,81.1035,81.4053,65.3553,70.8464,Coca-Cola Co,0.0463173338579303,0.1754779975609559,0,0,0
KR,57.3849,46.0111,73.5609,77.1053,71.6309,54.4948,94.2049,65.3579,90.276,75.9341,71.3231,The Kroger Co,0.1231999145238518,0.2727527236217489,0,0,1
L,36.9596,99.5072,34.7738,31.7287,45.7874,0.0,50.0339,30.9294,33.7428,82.9853,41.5008,Loews Corp,0.0546840583014477,0.2415666543842081,0,0,1
LDOS,75.4663,89.8237,69.1361,87.0973,73.0243,55.3557,94.4137,85.5423,95.3884,55.2839,77.9271,Leidos Holdings Inc,0.1170894976192137,0.3050111251740444,0,0,0
LEN,23.7597,95.2873,21.8958,22.4119,28.2943,0.0,63.9647,21.7265,17.472,13.5283,36.698,Lennar Corp,0.123908705315159,0.3549003855966642,0,0,0
LH,62.3313,86.3732,41.099,74.7337,65.1234,63.9333,76.2024,71.9209,80.7852,73.5255,69.5396,Labcorp Holdings Inc,0.0934522707165978,0.2541229711724005,0,0,0
LHX,54.1319,100.0,42.9659,54.9363,61.23,54.4443,58.0451,69.1677,29.9593,41.6593,70.9889,L3Harris Technologies Inc,0.1349342468194951,0.2447838437676897,0,1,0
LIN,78.4232,85.1704,88.3864,90.6627,59.039,86.1183,94.5843,96.5404,88.9568,35.511,60.5506,Linde PLC,0.1185725912399352,0.2165121906343638,0,0,0
LKQ,28.0493,99.0247,18.9414,24.5938,46.694,13.7886,54.7243,19.5192,20.5273,57.1797,47.4505,LKQ Corp,0.0427925896923215,0.3237222692728976,0,0,0
LLY,60.7679,64.6335,77.4841,82.2267,39.9247,59.5444,94.8826,90.5979,92.3758,26.6647,35.3281,Eli Lilly and Co,0.2373506656820597,0.2610844339290357,0,0,0
LMT,67.0794,68.6162,81.1767,69.5689,66.9549,38.2386,88.2978,87.7031,80.0679,54.4588,65.3447,Lockheed Martin Corp,0.1493837455402036,0.2154690468049482,0,1,0
LNT,55.5174,98.3512,65.3832,39.1489,60.0246,0.0,69.2322,37.9654,44.1673,45.0484,67.1672,Alliant Energy Corp,0.0794598197442593,0.204480584756475,1,0,0
LOW,68.1178,80.3415,72.3628,78.6796,69.9287,61.7741,96.003,69.4753,78.8761,64.0039,71.0126,Lowe's Companies Inc,0.1674359930668181,0.2784162886022295,0,0,0
LRCX,56.4319,88.2442,58.5137,66.5127,49.1035,58.8153,66.1221,72.8813,73.4348,71.679,39.417,Lam Research Corp,0.2504594488354651,0.3927552139390263,0,0,0
LULU,41.874,80.0639,45.5798,36.2696,53.8814,36.5444,68.1535,34.7649,14.8474,64.1152,54.0382,Lululemon Athletica Inc,0.1241504139820112,0.3915997133415896,0,0,0
LUV,52.9451,46.7322,78.4802,71.2502,48.7227,54.8052,92.0667,78.1398,53.8844,63.2183,38.4209,Southwest Airlines Co,0.0907515298673611,0.3413671291092254,0,0,0
LVS,53.6218,83.6467,74.1867,47.4856,51.0124,27.2585,88.5653,75.3289,19.7317,34.9812,50.2479,Las Vegas Sands Corp,0.0050190792265981,0.3716886893286231,0,0,1
LW,57.244,100.0,52.2281,48.4043,78.0344,19.5646,55.2055,52.322,67.1068,88.79,75.888,Lamb Weston Holdings Inc,0.1024791294363948,0.3481943546154865,0,0,0
LYB,63.2904,91.8076,60.547,60.4152,78.4644,51.4438,57.6717,63.5574,78.7077,64.1494,85.2654,LyondellBasell Industries NV,0.0321808109832869,0.3369513908732098,0,0,0
LYV,31.1089,51.8171,13.923,40.4615,47.9567,0.0,77.2737,46.7617,31.7712,29.8125,62.3735,Live Nation Entertainment Inc,0.2108341410677693,0.3636721943493794,0,0,0
MA,46.2721,36.2698,60.507,67.7408,62.8215,52.5795,90.4629,88.9042,32.0393,30.734,73.1392,Mastercard Inc,0.194416774352418,0.2593712715484429,0,0,0
MAA,55.3104,100.0,38.9998,59.5253,70.382,18.7936,69.3088,54.1782,64.6893,82.2943,71.322,Mid-America Apartment Communities Inc,0.0701146116531825,0.2323091967642914,0,0,0
MAR,54.5065,42.9442,76.7356,77.702,65.847,92.3188,90.5291,91.0826,57.3891,47.7378,69.0889,Marriott International Inc,0.1611234248168145,0.3061668202537492,0,0,1
MAS,63.1311,98.0404,61.0443,62.8108,66.3455,56.4712,76.8897,53.2543,69.3875,46.0536,73.3127,Masco Corp,0.140953097550996,0.2863469093321797,0,0,0
MCD,38.4651,4.8811,80.4499,78.9614,50.4369,64.7754,76.7819,64.4093,93.7532,34.4859,54.2957,McDonald's Corp,0.1003723741811586,0.1938917839450067,0,0,0
MCHP,61.5171,99.8406,58.7517,64.8962,59.26,76.702,68.3217,48.4211,59.1667,47.1645,62.635,Microchip Technology Inc,0.1259677136420548,0.3534397618738423,0,0,0
MCK,54.609,55.1195,58.3915,60.229,68.5945,24.4966,82.6346,75.5893,66.0687,89.7768,60.8297,McKesson Corp,0.1425436772003514,0.2740525557298136,0,0,0
MCO,62.7256,89.265,49.3047,57.445,79.3975,26.7031,94.8313,82.5948,25.9027,81.0598,78.1411,Moodys Corp,0.1841123623649611,0.269558671239115,0,0,0
MDLZ,57.1069,43.3922,84.2424,81.7067,53.1635,63.2558,83.8745,87.0942,92.7473,78.0537,42.0387,Mondelez International Inc,0.079807645592099,0.2081106645653979,0,0,0
MDT,55.4575,40.9435,74.212,87.1846,51.1033,81.4115,97.3097,98.8305,76.2794,51.8588,49.9479,Medtronic PLC,0.0647788678979236,0.2217722061366201,0,0,0
MET,52.3726,64.2209,77.8715,68.7698,39.8147,13.0245,97.6597,64.8319,79.8811,27.0848,36.3822,MetLife Inc,0.0776410659414874,0.2940760788764416,0,0,0
META,27.9059,6.3799,42.7667,58.5142,44.8559,41.9296,66.4708,83.2792,41.5136,0.5671,53.9559,Meta Platforms Inc,0.2544901339560007,0.3833423978959616,0,0,0
MGM,53.0672,66.3241,80.2198,48.3989,65.8931,32.1121,93.3252,75.3532,17.2014,74.6778,63.3336,MGM Resorts International,0.0920097090544003,0.435876244942602,0,0,1
MHK,55.3404,92.5699,46.7222,62.1106,56.7269,65.1813,81.8424,55.5721,46.0182,66.412,51.4793,Mohawk Industries Inc,0.0309185466410458,0.3818827509175616,0,0,0
MKC,65.312,99.2457,75.8131,59.96,63.008,38.89,88.6137,61.1114,59.572,30.4882,73.4657,McCormick & Co Inc,0.0745684810538216,0.2184418750628131,0,0,0
MKTX,51.4465,100.0,18.605,65.488,49.9774,49.3748,77.7842,68.1101,44.5417,82.9508,40.464,MarketAxess Holdings Inc,0.1751892722799461,0.3193120676142945,0,0,0
MLM,38.4444,100.0,15.8793,33.5315,85.3241,17.7632,72.6353,22.6569,29.1301,74.9155,92.8036,Martin Marietta Materials Inc,0.1513067191930685,0.3082993646546729,0,0,0
MMC,50.3345,87.4787,37.0802,54.7423,52.7165,34.4697,78.7835,59.0208,34.0123,53.9495,52.6096,Marsh & McLennan Companies Inc,0.1539096833757356,0.1922336371916597,0,0,0
MMM,64.2706,43.8223,86.1839,94.0987,79.7883,91.8086,97.871,94.1986,94.3505,64.4833,81.5341,3M Co,0.0400456056330822,0.2443117259308295,0,0,0
MNST,31.0932,97.6277,13.8836,35.0156,44.5318,57.4449,32.3367,18.9201,23.0332,19.1564,58.892,Monster Beverage Corp,0.1485036480016719,0.2864991565532928,0,0,0
MO,63.7852,48.9564,83.9875,88.6349,73.4858,88.3289,91.5209,91.6729,84.5554,83.9395,68.9234,Altria Group Inc,0.0426432077862338,0.2184502708969367,0,0,1
MOH,40.7724,100.0,22.7106,33.1784,58.9161,23.6548,67.3985,25.6147,14.4659,52.3701,70.5296,Molina Healthcare Inc,0.2114528437035358,0.3667552163817635,0,0,0
MOS,64.0355,90.5265,48.7524,74.9783,83.6189,65.2361,95.0087,75.8825,73.279,58.1357,88.6855,The Mosaic Co,-0.0643073187687516,0.4220104857585274,0,0,0
MPC,61.0252,68.2483,61.0305,74.5532,68.3122,79.1596,77.7028,61.077,85.2106,80.4352,61.9564,Marathon Petroleum Corp,0.1267072891022971,0.3968130755137058,1,0,0
MPWR,32.4151,100.0,14.6498,36.361,47.2226,30.0319,52.4315,30.5595,38.3548,65.5798,48.2237,Monolithic Power Systems Inc,0.296445870347115,0.4105195930981573,0,0,0
MRK,62.9287,54.0246,77.5874,90.3531,55.0517,74.3164,99.2261,97.0608,96.6366,66.7216,43.663,Merck & Co Inc,0.0803247073323547,0.2107028945064427,0,0,0
MRNA,55.1111,55.183,65.7286,66.0906,64.8602,26.7877,77.3942,91.3025,46.1939,13.9534,82.7593,Moderna Inc,0.1828351808925887,0.7204273667347937,0,0,0
MRO,66.6615,91.7952,52.479,69.5989,87.018,57.3639,83.6019,86.4985,49.9394,61.6938,94.2787,Marathon Oil Corp,-0.0126000805091097,0.5080417280023148,1,0,0
MS,39.5208,15.6308,82.9833,73.2139,53.9742,72.609,94.588,65.1062,45.5262,90.0367,42.381,Morgan Stanley,0.1509412839629436,0.3022949575734668,0,0,0
MSCI,48.8608,97.0516,41.1294,50.0921,52.724,68.4102,52.9198,42.1361,26.025,63.4256,52.2412,MSCI Inc,0.2444456834596691,0.288640249360751,1,0,0
MSFT,50.7672,11.7811,77.3056,92.3643,92.2548,91.3962,90.041,96.7447,93.3724,79.1647,96.3247,Microsoft Corp,0.2282735142781657,0.2646055403904397,0,0,0
MSI,72.8679,74.2826,65.3562,84.9714,81.05,89.37,96.403,88.5212,70.9409,92.52,77.9767,Motorola Solutions Inc,0.1767077564622306,0.2378066452916877,0,0,0
MTB,49.4968,80.027,33.7421,50.1974,64.0645,0.0,77.1735,64.5514,36.855,62.0827,71.6195,M&T Bank Corp,0.0544248186298828,0.3031578056376998,0,0,0
MTCH,26.8397,59.7517,14.5759,46.5752,24.7187,52.6261,39.0906,23.3383,67.74,64.1826,14.5302,Match Group Inc,-0.2504885752963552,0.4722633443691703,0,0,0
MTD,61.1452,100.0,57.5989,51.9643,77.5639,29.7824,33.9965,60.7498,83.6375,64.8661,84.9926,Mettler-Toledo International Inc,0.1619366543933316,0.2676985936475033,0,0,0
MU,56.5105,72.831,53.5059,67.8744,60.089,67.8193,85.6596,81.4734,34.5493,66.9356,59.0626,Micron Technology Inc,0.2293176085983328,0.4506601785887116,0,0,0
NCLH,54.022,89.0777,60.0838,60.5077,38.8378,57.283,68.4684,53.1734,61.1855,72.3353,26.1974,Norwegian Cruise Line Holdings Ltd,0.0003077951801877,0.5634295231413827,0,0,1
NDAQ,65.7098,87.4601,42.3112,69.4321,73.9292,69.96,84.0663,72.4665,37.2436,18.8005,90.3755,Nasdaq Inc,0.1825638573982179,0.2353018076459268,0,0,0
NDSN,47.3368,100.0,39.2485,55.996,45.6896,52.5135,88.3093,34.0186,44.6898,38.1588,53.6719,Nordson Corp,0.1132464217710642,0.2753906293762553,0,0,0
NEE,66.0308,80.3658,74.5765,70.1728,73.6063,63.9022,74.9065,70.1123,70.7955,55.1093,79.7525,NextEra Energy Inc,0.1250896684503328,0.2315883506834698,1,0,0
NEM,81.02,85.5243,84.0771,77.2921,96.787,66.9113,95.7885,95.2627,26.3086,93.5477,97.262,Newmont Corp,-0.0030109757912736,0.3665735864177369,0,0,0
NFLX,20.4665,39.1436,13.1674,29.4203,25.6084,14.4915,30.1086,39.9305,30.1751,40.326,20.6449,Netflix Inc,0.3427830581983359,0.4576252527582599,0,0,0
NI,54.9284,71.3811,54.4911,53.9437,87.3417,22.838,74.0648,54.4564,74.618,69.6041,94.0333,NiSource Inc,0.1053929098770604,0.2271717079988947,1,0,0
NKE,56.1584,46.0102,79.9858,76.7488,49.771,67.1939,80.241,75.6144,86.4302,68.2858,36.4297,Nike Inc,0.0932597006873567,0.2854680983979363,0,0,0
NOC,73.0217,90.3064,72.8073,80.9849,63.3793,83.2801,91.798,84.9622,53.9793,67.1234,58.9369,Northrop Grumman Corp,0.1697263390715077,0.2322713075061188,0,1,0
NOW,38.4233,95.1367,22.6052,50.1394,33.0799,26.1918,65.2541,65.8833,32.9295,63.6922,23.9393,ServiceNow Inc,0.291137321143146,0.4005647853458884,0,0,0
NRG,69.7382,90.8554,77.2161,59.0231,76.7457,56.4161,80.0967,63.0926,17.2029,52.0243,83.2491,NRG Energy Inc,0.1126384699687972,0.3668934255154121,1,0,0
NSC,56.3717,62.1621,72.3754,55.0496,69.776,0.0,96.5383,75.1752,25.5344,70.6252,65.2622,Norfolk Southern Corp,0.1162375178251853,0.270226596699488,1,0,0
NTAP,53.627,94.6203,42.2074,50.6845,68.3907,46.7453,80.4552,29.5859,52.6605,54.1557,79.1498,NetApp Inc,0.1031437551869925,0.3232740329357438,0,0,0
NTRS,62.2362,97.7282,59.6673,77.2145,53.7204,64.3619,96.6922,78.2119,44.0173,82.9504,39.3898,Northern Trust Corp,0.0555674600643987,0.2844539900373611,0,0,0
NUE,53.1403,98.4691,50.8078,58.2724,48.0727,65.9743,73.3602,35.5011,63.6865,38.8195,54.3883,Nucor Corp,0.0985491261119223,0.3283436827530472,1,0,0
NVDA,61.9351,64.4033,66.9895,69.2976,84.4605,47.5544,83.8357,92.2996,67.4452,71.1169,89.3495,NVIDIA Corp,0.5121155383294375,0.4514911310227577,0,0,0
NVR,27.1475,100.0,3.8241,19.8225,68.9438,0.0,40.9325,29.7815,19.4738,76.6147,80.4313,NVR Inc,0.1932951290517516,0.2965943235521293,0,0,0
NWSA,40.315,37.9414,49.5677,41.2257,69.2856,9.1796,78.0729,39.7619,33.0427,22.9941,90.9342,News Corp,0.0482003115112663,0.2916952794140589,0,0,0
NXPI,72.3042,93.4645,65.8254,75.497,74.8105,90.8834,70.1498,66.8779,63.0606,81.0532,76.2,NXP Semiconductors NV,0.1817573915975286,0.3889501448254591,0,0,0
O,67.3094,100.0,68.3665,57.4001,75.3799,39.1236,64.9065,68.2211,36.2037,46.8644,90.3156,Realty Income Corp,0.0331077435451252,0.2557234158697276,0,0,0
ODFL,35.394,93.823,28.8405,38.3941,39.358,21.2403,80.7877,26.5159,21.858,42.0763,43.494,Old Dominion Freight Line Inc,0.2395178447913014,0.2933440632393612,0,0,0
OKE,60.9373,99.6109,64.3988,59.7033,58.6536,25.8739,92.3878,83.6635,44.04,73.099,51.4757,ONEOK Inc,0.074676755515549,0.4146224794631803,1,0,0
OMC,60.1653,99.2933,45.7629,54.0996,72.9525,35.6088,76.1945,56.0392,46.4788,79.0418,73.5491,Omnicom Group Inc,0.0571087894823539,0.2520780695602236,0,0,0
ON,68.3253,100.0,56.3306,79.9718,63.5023,83.8576,76.5607,76.9499,79.8639,41.6465,67.001,ON Semiconductor Corp,0.1916114708271945,0.4593391187118666,0,0,0
ORCL,47.3297,57.2859,76.2146,70.5142,27.0556,67.8802,93.3381,83.7245,32.7211,36.8801,17.4781,Oracle Corp,0.1344562213106086,0.2641366309757819,0,0,0
ORLY,39.3829,98.6518,9.5364,35.0353,59.1367,7.0628,46.2382,53.0471,25.5758,55.7371,71.4535,O'Reilly Automotive Inc,0.2153871168737247,0.2572358259918912,0,0,0
OTIS,63.4847,100.0,45.096,60.7712,89.1087,41.1636,77.884,42.3968,83.3952,84.247,93.0965,Otis Worldwide Corp,0.1704576012184224,0.2593787117616405,0,0,0
OXY,63.3762,75.3417,55.9659,78.5545,72.1525,78.9869,80.2478,71.4155,89.1887,76.8732,69.4569,Occidental Petroleum Corp,-0.0350010357200613,0.471258094602852,1,0,0
PANW,34.8639,95.0109,24.1296,55.302,20.4848,85.1933,57.5294,59.855,33.1663,20.3137,21.4046,Palo Alto Networks Inc,0.2584878491551861,0.3953336188076118,0,0,0
PARA,44.9927,58.9111,47.7351,62.8098,47.3503,47.7126,81.0208,75.3642,47.76,10.1957,61.3006,Paramount Global,-0.1078675961275745,0.4358901120177166,0,0,0
PAYC,34.4988,78.7618,15.6545,61.3031,30.3099,7.2617,66.0696,67.5772,80.4303,20.5408,36.038,Paycom Software Inc,0.244247054859224,0.4747116815517555,0,0,0
PAYX,45.7602,99.9153,40.1568,48.9297,45.6329,27.9189,79.5161,62.1523,25.3743,82.1186,37.1559,Paychex Inc,0.1246959125704659,0.2296372136591692,0,0,0
PCAR,58.0622,95.4317,73.0861,46.8413,55.9493,34.2633,85.2468,27.3245,38.5929,35.1301,67.9285,PACCAR Inc,0.101787457814188,0.2483503286072619,0,0,0
PCG,48.9649,15.8638,85.3597,87.1792,70.3585,70.5264,87.8723,94.7329,89.3435,59.3205,68.9125,PG&E Corp,-0.0602341869491265,0.5561294787645362,1,0,0
PEG,62.4121,93.8508,68.7127,54.5264,63.1799,26.0725,70.921,70.5033,50.7517,58.2469,63.9727,Public Service Enterprise Group Inc,0.0877845186692471,0.2128918856773505,1,0,0
PEP,71.1871,59.271,78.0939,84.2798,91.8585,76.2604,95.5257,91.5374,80.2687,74.318,96.2058,PepsiCo Inc,0.0736490632616305,0.1792365750983481,0,0,0
PFE,48.1715,23.6953,75.5382,81.9006,60.2231,76.3702,93.4183,84.4363,74.7316,65.2552,53.1402,Pfizer Inc,0.0114105648336661,0.2222350749151626,0,0,0
PFG,59.9672,99.8576,79.2281,70.2856,44.9654,42.9081,92.8043,74.1777,44.8216,46.164,41.5191,Principal Financial Group Inc,0.0878504221950097,0.3069471677036601,0,0,0
PG,51.478,48.7847,76.8369,67.0661,48.7776,73.0567,67.6978,74.4831,56.7944,68.2495,37.3654,Procter & Gamble Co,0.0733251976084879,0.1792705854374782,0,0,0
PGR,51.5545,100.0,15.9034,55.0007,61.8661,0.0,78.4478,78.2044,35.0372,65.0757,68.6053,Progressive Corp,0.2123572826510691,0.2242490370192638,0,0,0
PH,54.9426,86.3129,64.2444,55.2921,46.8685,64.2289,70.5404,43.4155,37.6443,58.7931,42.6975,Parker Hannifin Corp,0.1675099193735815,0.2945619367107017,0,1,0
PHM,43.2947,81.4624,37.155,45.2549,66.0794,37.5109,75.6868,48.9059,23.1974,63.8143,76.3667,PulteGroup Inc,0.1634179002556052,0.356037755928779,0,0,0
PKG,56.8376,78.542,64.3852,50.399,70.9292,53.1493,51.5711,30.3489,67.9541,85.3812,70.9744,Packaging Corp of America,0.1501065774635928,0.2721277263970083,0,0,0
PLD,73.3289,100.0,73.5595,76.6488,69.9428,47.9561,96.2892,69.5911,65.8535,84.5515,64.025,Prologis Inc,0.0939470617281422,0.252532339460309,0,0,0
PM,58.8946,40.9355,86.3713,80.9243,71.4247,89.5577,83.5429,89.4568,64.378,83.48,67.9346,Philip Morris International Inc,0.0346495223554785,0.2233461005311918,0,0,1
PNC,70.0372,82.489,65.5885,70.9214,82.7148,19.407,99.3284,78.8548,71.073,87.4863,83.3089,PNC Financial Services Group Inc,0.096880175847005,0.2779296788333038,0,0,0
PNR,54.3502,98.7485,61.6446,61.0532,36.9698,63.722,86.0383,49.2746,40.9483,27.2988,37.5401,Pentair PLC,0.0899901461928235,0.2823043868589064,0,0,0
PNW,64.9679,100.0,72.8471,62.9644,54.1778,35.1653,93.1422,55.2497,69.0202,39.3332,55.4431,Pinnacle West Capital Corp,0.0417430094359143,0.220292353544965,1,0,0
PODD,52.2809,83.4156,36.7026,52.4006,65.5387,12.1481,69.8032,59.2877,67.1377,76.6508,66.8466,Insulet Corp,0.2025635201849896,0.4166446772595471,0,0,0
POOL,45.9899,100.0,13.514,32.0011,77.2488,21.4568,63.8203,39.2829,16.7852,79.9074,91.901,Pool Corp,0.1797999371151483,0.2868455822088407,0,0,0
PPG,70.6008,88.2267,80.3719,65.5229,72.9938,61.6271,89.0623,69.9307,43.2192,76.4532,71.5433,PPG Industries Inc,0.0495285716645497,0.2530918352780003,0,0,0
PPL,51.7272,85.2848,39.5887,57.8842,69.0447,52.1175,74.8711,50.8438,56.741,67.434,70.5908,PPL Corp,0.0132203383903718,0.2209747678893664,1,0,0
PRU,65.2,87.3287,80.0237,73.1103,56.7366,7.8957,97.2191,82.1923,79.3972,68.8963,49.8391,Prudential Financial Inc,0.0653383935279121,0.3103459919352934,0,0,0
PSA,42.4703,100.0,37.0791,48.025,43.5449,1.6968,51.0343,52.0044,51.739,48.9934,44.4267,Public Storage,0.0672905738200628,0.2193561259962856,0,0,0
PSX,58.9663,61.0406,73.6702,62.6394,64.2028,47.3024,77.7948,66.2664,75.0102,68.8312,61.7446,Phillips 66,0.0656033869732513,0.3343130788513721,1,0,0
PTC,41.3599,100.0,4.5273,40.7022,52.9761,8.7148,53.5085,54.7281,32.0801,24.8947,70.5357,PTC Inc,0.17535303273248,0.3071670171240455,0,0,0
PWR,42.3942,98.8521,27.7439,38.8847,67.7869,38.7118,61.0159,28.8462,20.4293,52.2967,83.5433,Quanta Services Inc,0.2018704041167282,0.3239555957459628,0,0,0
PYPL,52.8713,48.6922,54.9337,70.4073,77.0789,67.8622,91.5395,83.8068,27.9923,91.423,73.6879,PayPal Holdings Inc,0.0798158471706325,0.3842011214084475,0,0,0
QCOM,43.284,19.9414,64.5712,77.5249,53.2023,80.6667,76.9811,83.3707,65.6909,65.4074,42.299,Qualcomm Inc,0.0792667987554273,0.3457761718522767,0,0,0
QRVO,53.4728,100.0,43.1596,51.8786,68.4791,31.2194,67.0266,60.1833,64.3665,91.1229,67.3409,Qorvo Inc,0.0020899727949035,0.4337870627135503,0,0,0
RCL,73.8008,88.8993,75.7165,75.3874,74.9598,70.61,84.649,77.7972,71.1604,68.1953,77.1901,Royal Caribbean Group,0.1473709694319697,0.490637282948108,0,0,1
REG,69.0322,99.5497,64.9295,77.2742,66.0804,37.1871,89.1191,79.4217,68.473,53.693,72.7076,Regency Centers Corp,0.0344473469580991,0.2810085010194734,0,0,0
REGN,55.761,92.1339,57.9859,83.9899,28.5582,50.8671,95.7332,87.4742,76.2657,19.7315,26.4025,Regeneron Pharmaceuticals Inc,0.130109237280606,0.3297494516479111,0,0,0
RF,57.38,87.5598,56.5847,59.6867,60.2714,29.5897,84.4997,54.4248,70.1646,57.1164,62.1486,Regions Financial Corp,0.0989987866483608,0.3436540202313086,0,0,0
RJF,52.5491,82.0176,44.691,58.9993,54.5977,25.339,84.23,45.2849,44.886,62.6177,59.6339,Raymond James Financial Inc,0.1428687051455975,0.295946551265118,0,0,0
RL,58.713,89.0234,64.6241,63.4298,48.882,50.408,79.6723,59.8746,70.6463,2.0516,61.0113,Ralph Lauren Corp,0.0221640034535295,0.3612915271175659,0,0,0
RMD,66.7585,98.6754,63.8621,76.8392,54.8372,65.1997,88.6097,80.9554,74.1576,86.7482,46.6634,ResMed Inc,0.1479754938966616,0.3072282049141005,0,0,0
ROK,51.5489,99.8091,58.3937,58.2492,34.5501,33.0529,90.4514,80.6614,36.9315,54.4671,23.2636,Rockwell Automation Inc,0.0962892663738879,0.2884559739521133,0,0,0
ROL,22.9439,100.0,3.1358,30.3785,27.3099,0.0,73.7493,25.1472,27.367,36.8847,27.2103,Rollins Inc,0.1648308067354283,0.2370267167215629,0,0,0
ROP,51.7827,99.2726,40.6657,45.5304,60.5018,45.6213,63.6513,28.5773,31.1735,49.0647,73.0175,Roper Technologies Inc,0.1313591468054107,0.2204542525896625,0,0,0
ROST,48.2937,93.579,38.7458,50.6057,50.4988,49.3702,65.8201,48.6956,36.7361,8.4961,63.717,Ross Stores Inc,0.1385719919640891,0.3041161058522809,0,0,0
RSG,66.0908,92.6765,75.7977,54.5564,76.8058,30.5527,92.2816,73.124,19.6042,70.4531,78.7394,Republic Services Inc,0.161214470343774,0.1804616821820369,0,0,0
RTX,54.1818,52.659,70.8915,60.2455,68.9367,32.7277,75.2441,69.5214,81.6209,36.7091,82.1958,RTX Corp,0.0687715703514536,0.2533401343875894,0,1,0
RVTY,60.7493,92.0081,56.8015,67.4445,60.3183,47.9367,69.9313,84.3807,71.0437,66.9915,59.3991,Revvity Inc,0.1123025534804632,0.2730279535300804,0,0,0
SBAC,48.3778,100.0,38.658,55.5361,52.9967,18.5713,55.0454,78.169,35.1098,63.042,53.805,SBA Communications Corp,0.0959183582806653,0.2597002519953922,0,0,0
SBUX,53.6646,42.2398,80.7475,70.1925,56.1623,77.5375,69.1589,70.2713,67.4628,73.9921,43.7737,Starbucks Corp,0.1082457880200067,0.266832031371744,0,0,0
SCHW,47.3286,71.8025,22.533,62.878,46.1569,0.0,93.9433,50.8048,46.3195,41.4272,54.2372,Charles Schwab Corp,0.1309879831705096,0.3303662683905666,0,0,0
SHW,63.4452,79.0281,72.1538,60.6966,79.177,58.0312,76.7327,56.2244,54.7371,55.8228,86.1596,Sherwin-Williams Co,0.1628276408391152,0.2537583800295271,0,0,0
SJM,62.7383,94.4192,56.1051,68.3125,60.4036,61.0664,65.9651,56.4744,86.1101,20.7719,69.5787,JM Smucker Co,0.0195115897595888,0.2199053681459312,0,0,0
SLB,67.984,78.2903,77.9171,69.8541,75.1772,58.873,91.6598,84.232,23.8051,64.1645,79.3781,Schlumberger Ltd,-0.0495233282525699,0.3736675439573305,1,0,0
SNA,42.3065,100.0,23.0127,49.8493,55.5698,60.8025,44.4966,53.3867,38.4695,47.8812,67.4246,Snap-on Inc,0.1190424476801313,0.2567505283584775,0,0,0
SNPS,56.7136,94.4373,40.2802,54.5464,63.5099,43.1023,74.8147,56.621,31.8771,80.1351,64.8511,Synopsys Inc,0.2348531131293559,0.2778391167478263,0,0,0
SO,59.6916,77.3333,56.5131,56.5334,78.285,18.5834,89.8864,53.9867,57.9122,96.4173,71.923,Southern Co,0.0595763304708756,0.2069875969432502,1,0,0
SPG,60.921,97.3393,58.5323,64.2483,60.5839,6.7505,93.4244,62.4672,40.2714,73.0267,52.2386,Simon Property Group Inc,0.0092500197384845,0.3454563337434531,0,0,0
SPGI,71.2664,73.7658,74.2399,81.8819,77.6265,69.9175,89.3348,93.4349,77.1184,71.1063,78.3971,S&P Global Inc,0.1827460283462558,0.2532697929817486,0,0,0
SRE,63.3114,72.2235,67.0833,73.9344,66.3031,73.131,84.4239,80.2793,51.7171,79.8096,60.5653,Sempra,0.0690632266505431,0.2256615537701395,1,0,0
STE,49.9007,100.0,47.066,76.1503,16.6616,74.885,62.0317,68.4903,93.7579,17.432,17.3344,Steris PLC,0.1572072343850453,0.2442728494142961,0,0,0
STLD,46.8793,97.575,47.9199,33.9375,66.5979,11.7764,66.0042,36.6033,51.916,68.8317,68.7284,Steel Dynamics Inc,0.189178868878724,0.3732057707673127,0,0,0
STT,77.7102,83.4029,85.7977,80.4424,84.74,90.9203,89.7397,90.1923,44.4559,64.2746,89.1531,State Street Corp,0.0552049257179354,0.3132401789987674,0,0,0
STX,52.8056,80.4285,43.7322,65.2875,52.3338,71.0631,70.3606,78.6917,38.5884,32.7137,52.1404,Seagate Technology Holdings PLC,0.0957632283403684,0.3849087795701689,0,0,0
STZ,36.6734,77.2588,34.5694,46.5316,21.07,14.2647,76.3685,31.4946,78.6042,21.4124,16.9769,Constellation Brands Inc,0.1543054780741669,0.2697779515726285,0,0,0
SWK,51.3746,71.3519,63.7093,68.021,41.1423,76.2341,73.4026,60.9232,57.7792,10.0592,44.079,Stanley Black & Decker Inc,0.018046850254056,0.3206224681100883,0,0,0
SWKS,51.9692,100.0,41.6017,51.1316,65.7923,53.538,57.5869,55.6485,35.1504,59.4504,72.4136,Skyworks Solutions Inc,0.1194964854838894,0.3811472314762387,0,0,0
SYF,58.7259,98.0332,18.9617,67.5673,63.5561,54.1295,77.2203,66.6797,71.0002,91.2047,63.6191,Synchrony Financial,0.0855330284144524,0.3779876749572688,0,0,0
SYK,53.7838,67.7704,28.1131,58.5604,77.9118,38.301,88.1938,69.7436,43.7594,50.9642,96.412,Stryker Corp,0.1592501226170633,0.2438692016005215,0,0,0
SYY,63.0417,76.3444,68.8556,68.9147,64.6285,64.3805,67.3752,67.1967,74.2764,48.352,68.696,Sysco Corp,0.0723501409832978,0.2793555634793626,0,0,0
T,37.782,8.5509,76.1374,77.4349,45.195,62.1599,90.4625,84.285,77.8606,33.7092,40.1619,AT&T Inc,-0.0150083017977944,0.2190639604192853,0,0,0
TAP,53.2404,64.6482,59.492,63.8901,60.0038,57.3897,63.2711,71.7359,65.6032,45.5779,58.7074,Molson Coors Beverage Co,0.019765219407643,0.2753383325520665,0,0,0
TDG,30.7876,98.7482,16.8611,29.4408,42.8259,10.9571,39.0794,26.5725,58.1012,20.4118,54.6146,TransDigm Group Inc,0.1888039730969466,0.3226324564073521,0,1,0
TDY,36.9115,100.0,19.1331,39.6402,57.0674,38.7339,48.2575,39.3785,20.9193,49.5319,64.9924,Teledyne Technologies Inc,0.162512660658945,0.2619455538093023,0,1,0
TECH,55.856,100.0,24.3507,78.0796,56.6113,56.9215,77.0646,70.8138,88.3719,64.5004,59.0255,Bio-Techne Corp,0.1242561624511652,0.2871027363837569,0,0,0
TEL,64.0758,98.6566,54.9385,71.5438,65.9934,77.262,88.8816,80.7117,37.7574,47.4301,69.7917,TE Connectivity PLC,0.1160269884799326,0.2579360768868721,0,0,0
TER,47.6091,100.0,26.8226,57.2435,56.6562,46.8782,64.9566,69.4642,54.134,63.4975,57.6563,Teradyne Inc,0.1528090944408157,0.3758271519141045,0,0,0
TFC,53.5033,88.2567,18.3535,57.7002,65.8436,2.4628,87.6641,62.1542,67.3813,49.527,75.3319,Truist Financial Corp,0.0299014018504858,0.3109246667831991,0,0,0
TFX,55.9093,91.4809,32.4899,74.366,47.7035,66.2762,87.1767,71.8433,72.0085,25.366,56.6472,Teleflex Inc,0.0905916636546608,0.2722298689073676,0,0,0
TGT,58.841,34.9995,89.7425,88.9772,70.4021,67.3355,98.1999,87.2454,89.9228,55.1675,72.8486,Target Corp,0.0796636154060444,0.2962264505692635,0,0,0
TJX,60.9485,81.6726,77.9396,81.0705,36.8368,85.8337,83.6821,91.7314,66.0179,55.4292,24.2067,TJX Companies Inc,0.1395750375306239,0.2551498327397123,0,0,0
TMO,64.5174,90.0163,65.3516,74.7686,54.1197,59.4021,85.0384,81.8507,74.5897,49.1401,53.1061,Thermo Fisher Scientific Inc,0.1818585884135584,0.2388309187259532,0,0,0
TMUS,35.5029,45.4258,54.7681,50.0348,33.8542,56.2408,83.9328,45.2791,30.5046,26.3543,34.0252,T-Mobile US Inc,0.2066715971252141,0.2889889275549138,0,0,0
TPR,56.7266,99.0897,57.3643,69.3823,42.3457,56.8965,84.3476,76.7282,55.0784,55.6926,34.9741,Tapestry Inc,-0.0135503870445778,0.4098941293819897,0,0,0
TRGP,46.7368,99.5721,51.9833,37.4684,53.7977,5.5098,72.2074,56.7181,23.101,51.2491,56.0976,Targa Resources Corp,0.0929032650852339,0.5300494793223033,1,0,0
TRMB,50.8084,100.0,48.735,61.9359,41.8483,55.85,61.2414,46.8244,75.4757,40.6511,47.3673,Trimble Inc,0.0582074684178701,0.3340381704608505,0,0,0
TROW,54.4204,100.0,50.4915,66.1552,48.5197,25.6353,80.1278,73.5781,44.0173,57.1039,43.8539,T. Rowe Price Group Inc,0.0435345332132631,0.276679327396241,0,0,0
TRV,55.504,95.9975,39.4873,62.6897,56.1924,43.7849,90.3363,68.7246,34.0123,62.7219,54.0942,The Travelers Companies Inc,0.102807139639462,0.2294312563445441,0,0,0
TSCO,71.3125,100.0,72.8953,68.5145,73.638,42.0498,68.1389,62.0033,91.5111,75.7045,80.7522,Tractor Supply Co,0.148775261013734,0.2798654446061435,0,0,0
TSLA,31.9608,23.8627,61.3007,47.95,45.2195,36.7237,63.9023,49.9295,49.6192,39.2018,46.9271,Tesla Inc,0.3941871870647147,0.5687732230782878,0,0,0
TSN,42.6615,26.0676,53.5765,61.7753,60.769,44.1398,61.8372,59.8504,79.4061,24.6664,69.0734,Tyson Foods Inc,0.0906742314566673,0.2805807085883029,0,0,0
TT,72.3839,97.9321,63.1864,81.1994,72.6918,78.3002,87.1948,89.962,70.9925,20.0063,89.7339,Trane Technologies PLC,0.1912020528481142,0.2606872301516789,0,0,0
TTWO,40.4626,95.8954,11.5712,55.1087,36.6437,36.5579,66.2767,44.3763,57.6349,71.8001,30.5142,Take-Two Interactive Software Inc,0.2248389572284514,0.3403428868852549,0,0,0
TXN,83.182,94.5397,95.7768,88.4922,59.3064,80.8855,97.5302,92.9226,88.0513,42.9896,61.3773,Texas Instruments Inc,0.1562622375183343,0.2700289483864172,0,0,0
TXT,65.5753,88.5709,53.4098,61.9138,79.9647,41.5218,84.2344,63.0886,69.4939,69.2505,89.1561,Textron Inc,0.0983145365633126,0.3236579139736769,0,1,0
TYL,52.1805,96.1196,27.71,51.1456,60.4128,34.0074,65.1422,65.194,32.7868,68.1991,61.5835,Tyler Technologies Inc,0.210590411860205,0.2863570622249652,0,0,0
UAL,46.2755,47.3387,52.2025,53.3424,55.6992,61.2766,77.2434,41.4767,37.8308,85.2937,48.8232,United Airlines Holdings Inc,0.1016646029401558,0.4822826264703084,0,0,0
UDR,50.87,93.3112,38.7931,59.2807,58.9146,0.0,72.184,72.1667,39.3476,25.2351,72.1093,UDR Inc,0.0461997945159138,0.2418175311412533,0,0,0
UHS,36.335,92.1647,15.1822,49.972,30.5469,0.0,81.7186,58.4418,42.856,10.8699,41.062,Universal Health Services Inc,0.1199917382262645,0.3252299891060398,0,0,0
ULTA,46.7764,100.0,16.5115,53.5821,54.3469,54.6579,73.6887,60.3021,25.5876,31.6274,67.3115,Ulta Beauty Inc,0.111121385330807,0.3803499366641081,0,0,0
UNH,51.8214,62.8043,60.3408,50.8501,73.3423,39.4376,67.9432,70.088,29.4869,59.5892,81.5244,UnitedHealth Group Inc,0.1981496634749448,0.2499811189543809,0,0,0
UNP,58.5286,70.9025,47.7357,77.7037,73.542,34.1291,91.1209,95.0387,76.3376,70.9609,71.8553,Union Pacific Corp,0.1088901139613788,0.2453075923283104,0,0,0
UPS,51.9453,47.8294,68.0345,65.9394,65.1657,31.9136,95.982,90.9484,21.7724,8.4158,78.6174,United Parcel Service Inc,0.0476599651197942,0.241172697804951,0,0,0
URI,65.038,94.3262,59.9325,70.1893,62.0295,65.2904,80.5108,82.876,48.561,38.0103,67.6574,United Rentals Inc,0.2374578896460849,0.4157706113891102,0,0,0
USB,48.2142,67.0508,63.2153,60.5046,44.7082,21.0356,85.271,59.5564,71.8585,55.2627,47.3603,U.S. Bancorp,0.0314906147179594,0.2771250533890091,0,0,0
V,45.5057,42.5104,41.3241,66.605,48.2634,51.2817,88.7378,86.3267,32.68,25.973,51.6284,Visa Inc,0.1702713015126352,0.239239150931576,0,0,0
VICI,53.9852,100.0,37.48,51.1528,75.9007,47.943,73.6275,35.5495,40.6383,98.3963,76.3442,VICI Properties Inc,0.0750327409615719,0.322339011505635,0,0,1
VLO,50.4171,65.3419,52.6499,46.3737,79.1865,23.3207,82.9054,61.7267,28.5952,62.3721,85.243,Valero Energy Corp,0.1163512416724355,0.3868199983225866,1,0,0
VMC,45.0952,88.3114,55.4788,40.4358,33.6615,0.0,88.1001,38.0181,63.3286,58.5039,26.0218,Vulcan Materials Co,0.1364560974967956,0.2998039908245681,0,0,0
VRSK,60.6225,95.9105,58.6437,74.1542,49.5639,48.3152,84.9625,67.2665,77.7363,30.6135,55.1517,Verisk Analytics Inc,0.1394586565296433,0.2217534292377923,0,0,0
VRSN,46.3528,96.3576,14.161,48.0173,55.2572,10.1699,71.8007,55.5467,31.6092,72.6352,58.5567,VeriSign Inc,0.1259761265310539,0.2473786177502993,0,0,0
VRTX,47.7312,96.3398,34.1903,76.9712,30.1175,38.6619,90.6868,79.2379,69.0279,33.8448,29.2099,Vertex Pharmaceuticals Inc,0.2012370621686394,0.3843439632362802,0,0,0
VTR,73.694,100.0,75.6768,73.6803,71.3935,55.082,88.0054,82.6412,45.0029,42.0518,80.5154,Ventas Inc,0.0099529610991056,0.3365319987601695,0,0,0
VTRS,40.1872,31.5632,47.2065,65.3755,52.5982,48.9569,83.9152,68.5698,66.2036,87.6326,40.7776,Viatris Inc,-0.0734855907237064,0.3652420528562043,0,0,0
VZ,44.9697,21.9067,68.3717,72.1875,64.6356,57.5686,68.9719,75.0752,84.043,75.1013,57.0828,Verizon Communications Inc,-0.0057516751154941,0.1911345072812557,0,0,0
WAB,44.6516,81.1334,44.9371,61.0035,40.9362,49.2408,75.0995,49.6241,70.7779,55.8636,37.1292,Westinghouse Air Brake Technologies Corp,0.1213697175254618,0.2983339645131841,0,0,0
WAT,65.2909,100.0,61.157,59.5548,74.7726,26.1547,68.9771,64.3014,76.5697,82.2646,79.0523,Waters Corp,0.1246545246269364,0.2695227481510282,0,0,0
WBA,54.063,38.8948,66.2245,73.9228,81.6794,68.3486,90.5022,83.9581,58.5644,84.7795,82.5898,Walgreens Boots Alliance Inc,-0.117760004249299,0.3167882977258098,0,0,1
WBD,43.3605,87.8081,16.543,54.6128,38.6209,35.6088,76.8274,65.2812,40.3241,8.3713,54.8967,Warner Bros. Discovery Inc,-0.4391138586191079,0.5494144346942778,0,0,0
WDC,46.6076,85.2947,47.1163,50.8641,48.3003,47.0182,58.8448,62.3195,39.6454,39.8617,46.8843,Western Digital Corp,0.0352287565895627,0.4271146380653008,0,0,0
WEC,63.1384,97.8271,63.1537,64.2525,62.9661,56.2314,89.0987,52.7714,62.24,89.5173,51.2001,WEC Energy Group Inc,0.078777318191463,0.2123735584077815,1,0,0
WELL,66.6515,100.0,77.7084,67.527,52.9297,42.12,80.8877,77.6099,40.7397,33.0666,55.7603,Welltower Inc,0.0659289523970635,0.3040274697306241,0,0,0
WFC,42.6738,12.9319,78.0841,74.9877,72.114,39.7472,88.3032,86.0304,71.1811,67.6489,72.3697,Wells Fargo & Co,0.0518276126718809,0.2921360346564227,0,0,0
WM,74.0712,75.6664,77.7501,83.7076,87.3294,64.6604,96.6932,84.8124,95.8124,91.091,88.0119,Waste Management Inc,0.155687740416906,0.1836272569760665,0,0,0
WMB,56.0453,75.4298,61.7945,51.2173,78.1875,16.2711,81.9153,84.8588,18.7446,76.8071,82.7885,Williams Companies Inc,0.0351483483614162,0.3970732266526116,1,0,0
WMT,41.0632,5.2376,78.9391,76.5334,78.4763,78.5497,91.3649,84.3448,59.1777,63.5567,83.4855,Walmart Inc,0.1074377086361763,0.2000804728598328,0,0,1
WRB,45.2107,96.0536,37.0121,44.8322,50.326,0.0,65.7416,42.7024,55.2482,52.8836,54.2681,WR Berkley Corp,0.136566130625669,0.2259794228364442,0,0,0
WST,75.4465,100.0,40.9702,76.6596,89.9381,63.7143,91.7159,77.8289,74.1695,73.9185,95.1742,West Pharmaceutical Services Inc,0.2063172080678857,0.2857593172271668,0,0,0
WTW,50.2724,78.3473,27.2768,47.1242,74.4335,23.7044,58.7957,59.3578,33.2785,83.9287,83.6615,Willis Towers Watson PLC,0.1009426352501294,0.224483013684965,0,0,0
WY,75.0531,84.7775,81.5869,82.8194,75.8458,89.3017,93.3406,84.5278,62.6586,86.6145,69.5395,Weyerhaeuser Co,0.0056949082275757,0.3035615038850013,1,0,0
WYNN,49.2882,75.1484,54.732,59.3427,49.1964,39.1574,80.0743,61.1206,55.9074,39.3299,51.6703,Wynn Resorts Ltd,-0.0177870531844938,0.4655256834494598,0,0,1
XEL,66.6771,71.4058,77.5469,69.6379,84.6154,51.5634,90.9434,63.2851,74.1099,77.3176,86.8442,Xcel Energy Inc,0.0753074970089111,0.2057165421963308,1,0,0
XOM,43.0425,9.4326,84.0913,75.3784,67.7935,55.9061,93.1351,81.1581,90.6651,43.7432,71.6149,Exxon Mobil Corp,0.0219199081660043,0.262946381753554,1,0,0
XYL,73.7064,100.0,71.7705,71.7629,78.5778,64.2376,76.8393,86.2115,63.6147,61.0931,80.6571,Xylem Inc,0.1242485689235217,0.2646467011370753,0,0,0
YUM,59.5701,51.0775,78.8148,83.4816,55.6135,65.3163,76.6069,87.8698,93.1802,68.6269,49.5483,Yum Brands Inc,0.0852785819624761,0.2352123718253682,0,0,0
ZBH,55.2813,89.7955,32.7105,66.5618,53.1751,51.8028,76.4395,71.3535,67.6349,58.5852,57.4384,Zimmer Biomet Holdings Inc,0.0415105865841093,0.2599493879760292,0,0,0
ZBRA,32.9721,93.4577,8.9038,48.9329,46.9699,51.1013,67.728,25.0834,47.2043,16.33,63.2563,Zebra Technologies Corp,0.1894620297066916,0.3781738017726277,0,0,0
ZTS,59.7009,100.0,49.4457,68.473,54.1118,66.9773,74.0422,72.3463,59.977,61.365,52.8597,Zoetis Inc,0.1507418499385884,0.254814509457079,0,0,0
