ticker,baseline_pca,tuned_pca,baseline_if,tuned_if,baseline_ae,tuned_ae,diff_pca,diff_if,diff_ae
A,0.05088241885014897,1.1989789326512537e-31,0.5161773294906634,0.5468132324288765,0.1736004845854658,0.20314856605951687,-0.05088241885014897,0.030635902938213055,0.02954808147405108
AAPL,0.0428600899929243,4.986407710558953e-32,0.5063671468088312,0.5374095643704901,0.08149811599279265,0.3456929882068848,-0.0428600899929243,0.03104241756165893,0.26419487221409216
ABBV,0.05605394077882329,3.249569069802463e-32,0.4743732219749912,0.504078381782737,0.05948197790967653,0.18625128583348421,-0.05605394077882329,0.029705159807745796,0.1267693079238077
ABNB,0.41004623605760904,1.7964357768906879e-31,0.6450580690511181,0.6660373870347975,0.45475708687903166,0.8166245092147794,-0.41004623605760904,0.02097931798367947,0.3618674223357477
ABT,0.0678430394762155,2.1570415377137042e-32,0.46460615508387515,0.49674666273542306,0.038084687556784895,0.09195140470900189,-0.0678430394762155,0.03214050765154791,0.05386671715221699
ACGL,0.03211045147525906,5.140482106109932e-32,0.4865893038267519,0.5195602216106128,0.14450192974921997,0.28684464757932476,-0.03211045147525906,0.032970917783860854,0.1423427178301048
ACN,0.052042971457966575,5.49065118690761e-32,0.4821951192358869,0.5157511127362774,0.010273398808318375,0.18634584044648275,-0.052042971457966575,0.03355599350039046,0.17607244163816438
ADBE,0.015144796692079866,2.2690956435689614e-32,0.4583339256366465,0.4780130170201473,0.019260012205428504,0.3248195678014599,-0.015144796692079866,0.019679091383500824,0.3055595555960314
ADI,0.10669422394887387,2.241082117105147e-32,0.4174724328064741,0.4461040846611206,0.1782228060646633,0.22202729351150066,-0.10669422394887387,0.0286316518546465,0.04380448744683735
ADM,0.05644878591133955,1.904919799539375e-32,0.4133610751509525,0.44408293759467715,0.030459272763894495,0.09876006852484864,-0.05644878591133955,0.030721862443724657,0.06830079576095414
ADP,0.2032944715005188,2.577244434670919e-32,0.4379193462631941,0.46219286816658334,0.14941714649792004,0.3359194787210628,-0.2032944715005188,0.024273521903389217,0.18650233222314277
ADSK,0.12443570197906065,6.387084033749669e-32,0.4995733706204429,0.5252201323517715,0.031001127538677745,0.23920699423188363,-0.12443570197906065,0.02564676173132857,0.2082058666932059
AEE,0.15234568593095818,6.341999764596969e-32,0.5033586977932503,0.5283220251554762,0.15890771074047538,0.3602075584708901,-0.15234568593095818,0.02496332736222595,0.2012998477304147
AEP,0.1738407743825225,4.510177760674109e-32,0.45514326509078507,0.489001614916592,0.09568065826350437,0.6183805362132543,-0.1738407743825225,0.03385834982580693,0.5226998779497499
AES,0.07488148245771596,6.078935242647712e-32,0.5033752618634405,0.5343714936360476,0.13975554307751742,0.28394669189025484,-0.07488148245771596,0.03099623177260713,0.14419114881273742
AFL,0.06055815034422278,4.573208195217691e-32,0.42962319219038103,0.4589687453593508,0.20181961494886613,0.2027584707373156,-0.06055815034422278,0.02934555316896975,0.0009388557884494608
AIG,0.03829519051213151,8.123922674506158e-33,0.4354637407185409,0.47060255915109694,0.052437551686350246,0.06466924013403895,-0.03829519051213151,0.03513881843255606,0.012231688447688703
AIZ,0.20954570385281227,4.1249917717966616e-32,0.4423025338698819,0.47382448037862507,0.13293926630206795,0.2628409612939992,-0.20954570385281227,0.03152194650874318,0.12990169499193124
AJG,0.051111802041385296,3.221555543338649e-32,0.4315698217659227,0.46264545819342756,0.11446625755378537,0.09143482700358602,-0.051111802041385296,0.031075636427504882,-0.02303143055019935
AKAM,0.08734048154765335,5.182502395805652e-32,0.42142588327435493,0.45707233733088426,0.0904841189375145,0.11882747352960833,-0.08734048154765335,0.03564645405652933,0.028343354592093833
ALB,0.14958210698852162,7.087422195345028e-32,0.45275249307611826,0.4728330406994842,0.1387043203069505,0.3657405647493809,-0.14958210698852162,0.02008054762336592,0.22703624444243037
ALGN,0.00958477479155022,6.03691495295199e-32,0.4646588586973798,0.5015242780911287,0.010186822471423778,0.08747901973325432,-0.00958477479155022,0.03686541939374888,0.07729219726183055
ALL,0.17160025438071802,3.389636702121535e-32,0.4377680568955222,0.4671525818355013,0.10874827390015161,0.23402438462852623,-0.17160025438071802,0.029384524939979118,0.12527611072837463
ALLE,0.15104623813642049,2.724315448605945e-32,0.44728191324242056,0.4706414500555982,0.02076991362751009,0.26372105946189267,-0.15104623813642049,0.02335953681317765,0.24295114583438257
AMAT,0.08670954203875317,4.5942183400655515e-32,0.44129751591696287,0.4793593968526933,0.050765063464712414,0.15711498682892164,-0.08670954203875317,0.03806188093573043,0.10634992336420923
AMCR,0.1774978063804509,4.8463400782398806e-32,0.440709311733482,0.4677643616892682,0.24421967679851378,0.3228111410771675,-0.1774978063804509,0.027055049955786226,0.07859146427865374
AMD,0.02508850418374486,6.723246351315441e-33,0.41415860116114184,0.4423051953306378,0.028796153369718,0.1254081303830261,-0.02508850418374486,0.028146594169495942,0.09661197701330809
AME,0.1042854406083137,6.254019783046552e-32,0.4874778466776003,0.509454202407871,0.0879103865189578,0.16296567378178609,-0.1042854406083137,0.02197635573027068,0.07505528726282829
AMGN,0.006291158893493457,5.602705292762868e-33,0.40435871115197614,0.42937036796883393,0.020019864869726213,0.013544499145639089,-0.006291158893493457,0.025011656816857797,-0.006475365724087124
AMP,0.4164368844202629,3.277582596266278e-32,0.45968913750515317,0.4999595494543193,0.17569304281591108,0.5007995644473219,-0.4164368844202629,0.04027041194916614,0.3251065216314108
AMT,0.13870614935837802,2.6892985405261764e-32,0.42609487830095005,0.4569828875895094,0.11965773311403564,0.22756961671928397,-0.13870614935837802,0.030888009288559337,0.10791188360524832
AMZN,0.023801248933970176,5.602705292762868e-32,0.4795849014667211,0.5001041437145098,0.09021146235145015,0.3441039418881309,-0.023801248933970176,0.020519242247788727,0.25389247953668076
ANET,0.08330503869758828,3.249569069802463e-32,0.47780544021969884,0.502538625727325,0.22452918611770192,0.5264335155054244,-0.08330503869758828,0.024733185507626154,0.3019043293877225
ANSS,0.05273766871793721,2.605257961134734e-32,0.43956301948053617,0.4709357778749718,0.02925298480563,0.12282402601355814,-0.05273766871793721,0.03137275839443565,0.09357104120792814
AON,0.06279520063218406,3.389636702121535e-32,0.42183875763619066,0.453368646411303,0.18619272800690137,0.18743922830059417,-0.06279520063218406,0.031529888775112314,0.0012465002936928038
AOS,0.15085529292308367,4.913309914942437e-32,0.4959812270489615,0.5168265604630656,0.5563407984151257,0.5122408847530517,-0.15085529292308367,0.020845333414104106,-0.044099913662074
APA,0.18264740330644508,1.7928656936841178e-32,0.4298792622599837,0.46053212484437595,0.06388872819979921,0.22751692800053158,-0.18264740330644508,0.03065286258439226,0.16362819980073237
APD,0.07817007257072099,3.3616231756577205e-32,0.4757641379627932,0.4986072412923125,0.26348789209006257,0.3579593321641257,-0.07817007257072099,0.022843103329519276,0.0944714400740631
APH,0.048645625947902144,4.061961337253079e-32,0.4462620882146032,0.4737667656314207,0.07482845417064189,0.48018386405194957,-0.048645625947902144,0.027504677416817502,0.4053554098813077
APTV,0.07922693588373947,3.053474384555763e-32,0.4110012953109725,0.4312057264279852,0.056976153299632154,0.12079029348908267,-0.07922693588373947,0.0202044311170127,0.06381414018945052
ARE,0.2831058954009893,3.055225229959751e-32,0.464001117242489,0.48046456077072863,0.2461007124849489,0.3320963867038151,-0.2831058954009893,0.01646344352823964,0.08599567421886617
ATO,0.1643821690275777,4.7132758275367625e-32,0.4956614988905568,0.5197450435032809,0.07917116137909944,0.26242715123812027,-0.1643821690275777,0.024083544612724106,0.18325598985902083
AVB,0.02233732351782149,2.0169739053946326e-32,0.4247268853112942,0.45175238314921723,0.03227156701390052,0.1696313347942102,-0.02233732351782149,0.027025497837923018,0.13735976778030967
AVGO,0.02351286527245897,3.445663755049164e-32,0.4757755390622841,0.4978129586436751,0.06971160963768545,0.4289791723978318,-0.02351286527245897,0.022037419581390993,0.3592675627601463
AVY,0.1913726285272028,2.044987431858447e-32,0.44469658373143706,0.46641850257154455,0.15724288724879434,0.3632332902449884,-0.1913726285272028,0.02172191884010749,0.20599040299619406
AWK,0.017420400390739606,5.93886761032864e-32,0.4549126609471456,0.4832027489974733,0.045876680544609,0.15593099204793404,-0.017420400390739606,0.028290088050327677,0.11005431150332504
AXON,0.02517935341174927,1.2052929188893869e-31,0.5667936723414342,0.5931073167213605,0.04805858352383854,0.3013780869275907,-0.02517935341174927,0.026313644379926338,0.2533195034037522
AXP,0.26386835266299546,2.0169739053946326e-32,0.4420898152284846,0.47699198469637766,0.11642469306637827,0.32779197113591557,-0.26386835266299546,0.03490216946789304,0.2113672780695373
AZO,0.10520846215213955,2.4932038552794765e-32,0.4186576582359778,0.4470378869320052,0.08033818898246779,0.16785879187613859,-0.10520846215213955,0.02838022869602741,0.08752060289367079
BA,0.01635642901757421,4.405127036434805e-32,0.45773390358794813,0.48499235366523386,0.016049222572405795,0.17420182892384115,-0.01635642901757421,0.027258450077285723,0.15815260635143535
BAC,0.04952673128835372,3.844856507158518e-32,0.48833647012985615,0.5130673658714346,0.0921339105440615,0.22803807424949224,-0.04952673128835372,0.024730895741578496,0.13590416370543074
BALL,0.293059205107453,2.381149749424219e-32,0.48789563742358044,0.5064640081516195,0.1430835094652753,0.3090214867666897,-0.293059205107453,0.018568370728039074,0.16593797730141444
BAX,0.08090095756723335,2.241082117105147e-32,0.492586160549531,0.5194726832991101,0.07449410379615917,0.197727793335915,-0.08090095756723335,0.02688652274957909,0.12323368953975583
BBY,0.02836543035550345,1.904919799539375e-32,0.41827713451134974,0.4549249552483667,0.043776558943053,0.027364170433840315,-0.02836543035550345,0.036647820737016945,-0.016412388509212682
BDX,0.010700031773617643,1.7928656936841178e-32,0.4432504420629649,0.4718071193832654,0.010330482742396055,0.03498701073720076,-0.010700031773617643,0.02855667732030054,0.0246565279948047
BEN,0.1551156717938479,5.182502395805652e-32,0.4474054686308632,0.47879858770700556,0.0744870027267769,0.317544432823664,-0.1551156717938479,0.03139311907614234,0.24305743009688713
BF.B,0.10497609626600433,3.977920757861636e-32,0.4352026954285329,0.4606646278537569,0.026993479015184493,0.31700172750431793,-0.10497609626600433,0.025461932425223988,0.2900082484891334
BG,0.22659745276244897,2.1850550641775185e-32,0.47313185519550693,0.5044060004029945,0.17087319428490183,0.4996035939772453,-0.22659745276244897,0.031274145207487614,0.32873039969234347
BIIB,0.028505102128102686,1.0084869526973163e-32,0.42280625299147145,0.4505868570376165,0.022914457205778446,0.08325987762373904,-0.028505102128102686,0.02778060404614502,0.060345420417960594
BK,0.04562075335545913,3.277582596266278e-32,0.45787091981189926,0.4932659669943863,0.05846494286294508,0.20255018484615145,-0.04562075335545913,0.03539504718248704,0.14408524198320638
BKNG,0.03334272598719937,6.21199949335083e-32,0.49357269746080495,0.5300787384129731,0.038871023812621565,0.0877282201195794,-0.03334272598719937,0.036506040952168195,0.04885719630695783
BKR,0.042575339694191285,3.9218937049340074e-32,0.47663081926003015,0.5000121194773606,0.018352435782985167,0.08661736394639453,-0.042575339694191285,0.023381300217330425,0.06826492816340937
BLK,0.11024689680062459,1.3726627967269025e-32,0.4117727228712277,0.4387812374452195,0.05563162136404387,0.15452136719866788,-0.11024689680062459,0.027008514573991838,0.09888974583462401
BMY,0.01786275067245964,1.232595164407831e-32,0.42965801524793273,0.46117296303442856,0.055439971317982596,0.0401865124934468,-0.01786275067245964,0.03151494778649583,-0.015253458824535798
BR,0.06104005641915173,2.044987431858447e-32,0.4098573726893454,0.4343602581601392,0.14964350415600908,0.23772684012328707,-0.06104005641915173,0.024502885470793767,0.08808333596727799
BRK.B,0.26539840691245614,2.077903325453429e-31,0.6585379061473682,0.6655682644815933,0.11308047506984033,0.5505633191314181,-0.26539840691245614,0.007030358334225162,0.4374828440615778
BRO,0.027459200676686335,8.025875331882809e-32,0.5041795202231146,0.5438315959647485,0.14569367160930682,0.2607542509609097,-0.027459200676686335,0.039652075741633874,0.11506057935160288
BSX,0.11805390997116588,1.7928656936841178e-32,0.43732756340015244,0.4592835125977459,0.125422362450459,0.19974931100824567,-0.11805390997116588,0.021955949197593472,0.07432694855778665
BWA,0.19168534771983456,3.1655284904110206e-32,0.44841657282109876,0.4787980183702077,0.19576280244698988,0.27198379186165494,-0.19168534771983456,0.030381445549108932,0.07622098941466507
BX,0.12796376821706743,1.3533268977966058e-31,0.6082681893005207,0.6219966519305462,0.24072510544844927,0.4627837508818729,-0.12796376821706743,0.013728462630025473,0.22205864543342363
BXP,0.20382739830605773,3.433407837221245e-32,0.44768008829627726,0.4748860499853485,0.2650392481104199,0.35633297065908687,-0.20382739830605773,0.027205961689071245,0.09129372254866697
C,0.04435544605152705,8.859277744181285e-32,0.5312024084839008,0.5475241672486479,0.13705893870747962,0.6600130940524016,-0.04435544605152705,0.016321758764747174,0.522954155344922
CAG,0.2409958182788297,3.1655284904110206e-32,0.47259615497157575,0.5059242998998736,0.016130448407303807,0.4182446416485616,-0.2409958182788297,0.03332814492829789,0.4021141932412578
CAH,0.0009750668496020282,1.5127304290459744e-32,0.42377529499154404,0.46245497487659665,0.0027447757734890207,0.01913004273451572,-0.0009750668496020282,0.03867967988505261,0.016385266961026698
CARR,0.10903884795466179,2.5212173817432905e-32,0.4632108884819171,0.49215176767150026,0.19894818089778762,0.4908973899033789,-0.10903884795466179,0.028940879189583157,0.2919492090055913
CAT,0.031858861136466604,1.0084869526973163e-32,0.41868999694604625,0.4452681248064451,0.03663819744703516,0.06384675889940529,-0.031858861136466604,0.02657812786039887,0.027208561452370127
CB,0.09548768919023165,3.594485614388177e-32,0.4876551041048793,0.516534582632721,0.3618569033268667,0.5179680530106361,-0.09548768919023165,0.02887947852784173,0.15611114968376938
CBOE,0.12943821165647337,3.789732233892321e-32,0.4565801973881621,0.4795798496699197,0.061216282321041815,0.2567303845789573,-0.12943821165647337,0.0229996522817576,0.1955141022579155
CBRE,0.060079969881835484,5.826813504473383e-32,0.5014059230183937,0.5432441859221472,0.11876213924448104,0.1298762996567716,-0.060079969881835484,0.041838262903753476,0.011114160412290575
CCI,0.19070599713630865,3.109501437483392e-32,0.430781479621476,0.4500320013624131,0.21184712214267104,0.26713983274741726,-0.19070599713630865,0.01925052174093711,0.05529271060474622
CCL,0.2153926589682354,8.964328468420589e-33,0.43644612313759895,0.46865762140130296,0.1731285041903778,0.23581140422594002,-0.2153926589682354,0.03221149826370401,0.0626829000355622
CDNS,0.017920740710060865,1.820879220147932e-32,0.4240083938928938,0.44969454751018967,0.1614998573422707,0.3547877550940385,-0.017920740710060865,0.02568615361729587,0.19328789775176777
CDW,0.2661931642969603,3.648761821911818e-32,0.44066921668549824,0.47094881862324767,0.2823369185422088,0.3256122890323414,-0.2661931642969603,0.030279601937749423,0.04327537049013258
CE,0.12409621544174797,5.238529448733282e-32,0.44754402927310594,0.4779712797677682,0.10065272848785033,0.29533948030592055,-0.12409621544174797,0.030427250494662272,0.19468675181807021
CEG,0.4640516688738744,2.857379699309063e-32,0.4998559356845112,0.5345386841019286,0.48900554486286185,0.8236274698896531,-0.4640516688738744,0.03468274841741742,0.3346219250267912
CF,0.2523289297600407,5.406610607516168e-32,0.4536936325259057,0.47951481011312524,0.23305023194880697,0.24141116540583096,-0.2523289297600407,0.025821177587219524,0.008360933457023989
CFG,0.2859112251993912,3.949907231397822e-32,0.4471015964070397,0.4749310094570541,0.08830545361113146,0.3608799412781962,-0.2859112251993912,0.02782941305001435,0.27257448766706477
CHD,0.06503554018280365,2.857379699309063e-32,0.45997160150864874,0.47714947666253554,0.02410986328393698,0.37455168383110865,-0.06503554018280365,0.0171778751538868,0.35044182054717166
CHRW,0.1836436334802084,3.14145436610618e-32,0.49002916362672905,0.5238895299825376,0.13620034156435293,0.27684927705099577,-0.1836436334802084,0.033860366355808524,0.14064893548664284
CHTR,0.11791731964052476,1.2087836669135887e-31,0.5797191825445156,0.596598872929368,0.13151485586201156,0.12362620770532748,-0.11791731964052476,0.016879690384852375,-0.00788864815668408
CI,0.05550037828610602,3.389636702121535e-32,0.44792256070173897,0.4753615677910865,0.09680225001493716,0.1829800209499527,-0.05550037828610602,0.027439007089347545,0.08617777093501554
CINF,0.09473496094252899,5.686745872154311e-32,0.45892668275299797,0.4923369997986549,0.22534569309882163,0.14361880269743138,-0.09473496094252899,0.033410317045656945,-0.08172689040139025
CL,0.011819138799108248,5.154488869341838e-32,0.5135392115576682,0.5397152508233349,0.04897804544485147,0.12173107816951219,-0.011819138799108248,0.026176039265666695,0.07275303272466072
CLX,0.07300425754057173,2.241082117105147e-32,0.41215114121197494,0.4413545951730914,0.09676338496639349,0.09094301049749962,-0.07300425754057173,0.029203453961116455,-0.005820374468893871
CMCSA,0.12390428542606302,6.58317871899637e-32,0.4849683480255016,0.5197583100699983,0.5018567847827563,0.9727594752669467,-0.12390428542606302,0.03478996204449669,0.4709026904841904
CME,0.21173927645925775,2.87138646254097e-32,0.44713208046416175,0.4782361634569476,0.13396247982195778,0.3340354475306428,-0.21173927645925775,0.03110408299278583,0.20007296770868502
CMG,0.03439369589443093,5.49065118690761e-32,0.47626887895232733,0.5124003532325112,0.040408888496202465,0.2919033314714501,-0.03439369589443093,0.03613147428018387,0.25149444297524765
CMI,0.13037601667411083,3.053474384555763e-32,0.4250792407521588,0.45437121687359844,0.1890401441195902,0.3165972848704001,-0.13037601667411083,0.029291976121439633,0.12755714075080993
CMS,0.2105076199212915,7.40257436806294e-32,0.47205823508921735,0.49692272072843885,0.28783907177122897,0.3900836734574638,-0.2105076199212915,0.0248644856392215,0.10224460168623484
CNC,0.078179590307503,2.829366172845248e-32,0.4336162494198946,0.4657238959962704,0.09255161910322528,0.09559450942190653,-0.078179590307503,0.032107646576375826,0.0030428903186812545
CNP,0.1065041721948854,7.537389464170046e-32,0.5416893836300304,0.5684033124939347,0.0757934476912828,0.2376772121689525,-0.1065041721948854,0.026713928863904335,0.1618837644776697
COF,0.0855743522264323,7.843787409868015e-33,0.42104603403348256,0.4435185235462277,0.0972283798642979,0.11094252939795082,-0.0855743522264323,0.022472489512745164,0.013714149533652922
COO,0.05274689691284447,1.7998690753000713e-32,0.4316680721797067,0.4626293352777825,0.036852318556642,0.1147306032552703,-0.05274689691284447,0.030961263098075786,0.07787828469862831
COP,0.013300697090111757,1.6808115878288603e-32,0.43880231052021174,0.4700699467441335,0.006795983116950089,0.21050157251841675,-0.013300697090111757,0.03126763622392176,0.20370558940146666
COR,0.20456013017136254,4.202028969572151e-32,0.4749536564633493,0.5115571915564443,0.3700636174146413,0.4904959867665459,-0.20456013017136254,0.036603535093095,0.1204323693519046
COST,0.5337645123414675,3.4736772815129783e-32,0.5174242743725936,0.5395743895902958,0.36293606608305207,1.205462356541303,-0.5337645123414675,0.02215011521770216,0.8425262904582509
CPB,0.009490500130661897,2.1290280112498898e-32,0.4796736308473777,0.5040905879648911,0.011208638033851763,0.026016064439324492,-0.009490500130661897,0.02441695711751346,0.014807426405472729
CPRT,0.16279977317983574,2.5212173817432905e-32,0.47557353891452847,0.5105568406196164,0.1668627644262553,0.32489022916811244,-0.16279977317983574,0.0349833017050879,0.15802746474185714
CPT,0.06136052724558383,3.697785493223493e-32,0.41897969091044945,0.4537807967008476,0.10849018249639159,0.11703924942887954,-0.06136052724558383,0.034801105790398135,0.008549066932487956
CRL,0.17102030968844206,7.003381615953586e-33,0.4416040884274605,0.4719868097036827,0.15530084319516874,0.16641019825600922,-0.17102030968844206,0.030382721276222158,0.011109355060840487
CRM,0.014208390902306477,4.874353604703695e-32,0.44751217056207104,0.4721627118828246,0.012767281651611128,0.39860498288014506,-0.014208390902306477,0.02465054132075356,0.38583770122853395
CSCO,0.07705244788757967,1.1429518797236251e-31,0.5116879155435109,0.5333526253840714,0.07504055346303334,0.21060092548067547,-0.07705244788757967,0.02166470984056046,0.13556037201764212
CSGP,0.09226165976570218,4.2317933414399535e-32,0.4562006835507988,0.492806852134893,0.11504797322227693,0.09809823197426498,-0.09226165976570218,0.03660616858409421,-0.01694974124801195
CSX,0.08772395553026946,2.857379699309063e-32,0.45355770032085696,0.49605135314679843,0.1703905638764522,0.5602227430384809,-0.08772395553026946,0.042493652825941475,0.3898321791620286
CTAS,0.08078776436635116,1.568757481973603e-32,0.4182412872298733,0.4429941974647444,0.02168568272663245,0.09852298144024609,-0.08078776436635116,0.024752910234871084,0.07683729871361364
CTLT,0.011239368823653546,1.988960378930818e-32,0.4619043587859762,0.4985527806362948,0.012305563862024926,0.09018660035717704,-0.011239368823653546,0.036648421850318635,0.07788103649515211
CTRA,0.12172565602887957,6.290787536530307e-32,0.594575272056683,0.6098954871811045,0.06753576622547722,0.2008467297930766,-0.12172565602887957,0.015320215124421499,0.1333109635675994
CTSH,0.124123981533014,1.568757481973603e-32,0.44317634701704756,0.4724491419163551,0.1269247711648944,0.21321755007821672,-0.124123981533014,0.029272794899307564,0.08629277891332232
CTVA,0.0653971898690179,2.633271487598548e-32,0.45563127091743205,0.48408270024729794,0.08774810117420165,0.06992510546027239,-0.0653971898690179,0.028451429329865885,-0.017822995713929257
CVS,0.016399453000986223,2.717312066989991e-32,0.4705959087359733,0.5095982198069302,0.019492374411150107,0.1074844951071002,-0.016399453000986223,0.03900231107095692,0.0879921206959501
CVX,0.040810082994433644,5.154488869341838e-32,0.4633343380413025,0.4968484403572254,0.052663359714403765,0.14583784638225095,-0.040810082994433644,0.033514102315922945,0.09317448666784718
CZR,0.04931119340429114,1.400676323190717e-32,0.4307619109602287,0.4719794710005239,0.07979127912517382,0.07181993001449621,-0.04931119340429114,0.0412175600402952,-0.007971349110677609
D,0.14530147280119785,1.6808115878288603e-32,0.4433375221037847,0.47647219339152386,0.12149712374297024,0.223451844517824,-0.14530147280119785,0.03313467128773917,0.10195472077485375
DAL,0.06429635011185683,3.6137449138320496e-32,0.45610392894695817,0.4886668069219302,0.09467860057957317,0.07961801631491791,-0.06429635011185683,0.03256287797497204,-0.015060584264655258
DD,0.4290301181058121,4.230042496035965e-32,0.48454042719252766,0.5267152870075879,0.3795525810492269,0.3931980275609586,-0.4290301181058121,0.042174859815060195,0.013645446511731718
DE,0.03325080581996234,1.568757481973603e-32,0.43787255435227324,0.4573122933142942,0.04680327991183411,0.09615953319333098,-0.03325080581996234,0.019439738962020947,0.04935625328149687
DFS,0.2696534067168883,3.734553246707249e-32,0.47051000809293886,0.5010457234072812,0.20378541519942522,0.3958341414390513,-0.2696534067168883,0.030535715314342293,0.1920487262396261
DG,0.12000335594066175,4.370110128355037e-32,0.49175989984940827,0.5284026456086773,0.16798373853476517,0.3263108969706447,-0.12000335594066175,0.03664274575926907,0.15832715843587952
DGX,0.15034356999464052,2.241082117105147e-32,0.43019950064053497,0.45994541643310155,0.06349962551505088,0.16333090020854568,-0.15034356999464052,0.02974591579256658,0.0998312746934948
DHI,0.041678378720931115,6.765266641011163e-32,0.5246600957166088,0.5514454210026124,0.029810590670656167,0.05991369594544926,-0.041678378720931115,0.026785325286003636,0.030103105274793096
DHR,0.0509046733181904,1.3726627967269025e-32,0.4136897822139472,0.44032850480825014,0.06585348614506827,0.12054346129496812,-0.0509046733181904,0.026638722594302944,0.05468997514989986
DIS,0.15090438095803418,6.618195627076138e-32,0.5083292376917945,0.5394874411795753,0.13513327637412778,0.2654686243909614,-0.15090438095803418,0.031158203487780756,0.13033534801683364
DLR,0.2792118284571664,3.977920757861636e-32,0.43011655136216104,0.46118271782510467,0.2958745872610743,0.312568702350208,-0.2792118284571664,0.031066166462943634,0.01669411508913371
DLTR,0.058533339919347255,5.042434763486581e-32,0.45077277695572227,0.47473062937501775,0.23072156434192329,0.3430773817441157,-0.058533339919347255,0.02395785241929549,0.11235581740219239
DOV,0.3840708523475546,4.6502453929931806e-32,0.4713591605086719,0.5022641477861928,0.34197369541611505,0.38427753068562076,-0.3840708523475546,0.03090498727752089,0.04230383526950571
DOW,0.11910581157889881,4.1460019166445224e-32,0.5451322402122715,0.5759026964002971,0.09358102477877729,0.12712506897926265,-0.11910581157889881,0.030770456188025652,0.03354404420048536
DPZ,0.12038341923374275,6.786276785859024e-32,0.49713870363260404,0.522473197351894,0.1129285013398425,0.40354635017672785,-0.12038341923374275,0.025334493719289974,0.29061784883688535
DRI,0.04370414593738459,2.2690956435689614e-32,0.45031554143850744,0.4798475354808952,0.08582827070523248,0.15056552160451475,-0.04370414593738459,0.029531994042387766,0.06473725089928227
DTE,0.43657243339105506,2.9488613716674565e-32,0.4659503957517009,0.4965569966954094,0.28278887549089704,0.6439029589365285,-0.43657243339105506,0.03060660094370854,0.36111408344563145
DUK,0.03862842566359281,8.964328468420589e-33,0.4121199725142471,0.44744226149354166,0.044170536500531404,0.19584679667941138,-0.03862842566359281,0.03532228897929457,0.15167626017887997
DVA,0.009927491509583906,2.0730009583222612e-32,0.4279074357099673,0.46930443820238393,0.0745750199022323,0.2903816915547175,-0.009927491509583906,0.041397002492416624,0.21580667165248518
DVN,0.1995207456694668,1.9329333260031894e-32,0.42400857609001485,0.4608193044644151,0.23393677694424578,0.3276001472561879,-0.1995207456694668,0.03681072837440025,0.09366337031194213
DXCM,0.12081769724103703,7.332540551903404e-32,0.5435829026564897,0.5659280414092391,0.1590256312419555,0.31657097510464366,-0.12081769724103703,0.02234513875274946,0.15754534386268815
EA,0.17542055112065602,1.7648521672203035e-32,0.43538166730330163,0.4835867770875713,0.15358977747720573,0.26871016047108326,-0.17542055112065602,0.04820510978426967,0.11512038299387753
EBAY,0.044000763399749926,2.857379699309063e-32,0.42662573243221397,0.4612065128496863,0.14962652984803004,0.2823589729103689,-0.044000763399749926,0.03458078041747231,0.13273244306233883
ECL,0.08524763202072853,2.2690956435689614e-32,0.47027701473223904,0.4940312624347676,0.14734885390309,0.1768358082418395,-0.08524763202072853,0.02375424770252854,0.02948695433874951
ED,0.18008951103026163,3.98492413947759e-32,0.4321032869031474,0.4654365253751339,0.1671722698238343,0.20527509036769614,-0.18008951103026163,0.03333323847198649,0.038102820543861854
EFX,0.11954932949624458,5.532671476603332e-32,0.5033678919913731,0.5347254872537636,0.21439326985105522,0.24501918981179802,-0.11954932949624458,0.03135759526239046,0.030625919960742792
EG,0.06315710681337289,4.391120273202898e-32,0.5190621006297995,0.5481668290624169,0.30822549387727016,0.24696070779365661,-0.06315710681337289,0.029104728432617355,-0.06126478608361355
EIX,0.03988033899041331,1.1205410585525735e-32,0.41208450261905016,0.4437344175095214,0.05030988723194532,0.0629660920033523,-0.03988033899041331,0.031649914890471254,0.012656204771406984
EL,0.08208678566211247,3.6562029148787685e-32,0.5292258821271109,0.5423828511283244,0.0648759079386394,0.24403008188833056,-0.08208678566211247,0.013156969001213548,0.17915417394969116
ELV,0.026942665245300843,2.465190328815662e-32,0.42704147701136363,0.45314292993387556,0.024553839838128352,0.03145184978525901,-0.026942665245300843,0.026101452922511925,0.006898009947130655
EMN,0.03352067765387164,3.6137449138320496e-32,0.4286244158296464,0.4537856162778817,0.056745379411526436,0.0957731229461293,-0.03352067765387164,0.025161200448235332,0.039027743534602866
EMR,0.014886348930141515,1.904919799539375e-32,0.4176553207220036,0.4379373253879455,0.018861319168973545,0.08190332873451987,-0.014886348930141515,0.020282004665941877,0.06304200956554633
ENPH,0.13531078742604688,6.471124613141112e-32,0.49928771271086636,0.5335867585666436,0.08311039350539097,0.2794530800385325,-0.13531078742604688,0.034299045855777255,0.19634268653314152
EOG,0.22692218597360067,2.381149749424219e-32,0.47199342808415307,0.4973524599804174,0.2809678530799218,0.3768716973671616,-0.22692218597360067,0.025359031896264317,0.0959038442872398
EPAM,0.32914265264186365,6.169979203655109e-32,0.45028017902046075,0.47689706074381333,0.30434450259019397,0.365966974163077,-0.32914265264186365,0.02661688172335258,0.06162247157288303
EQIX,0.08329712970344913,2.605257961134734e-32,0.4245637415180206,0.4554572785118875,0.05864418192420457,0.3551740216074794,-0.08329712970344913,0.030893536993866877,0.29652983968327484
EQR,0.08532589976222037,3.7328024013032607e-32,0.4288603173202612,0.45497009042602016,0.03814501251944204,0.15308455960314024,-0.08532589976222037,0.02610977310575896,0.1149395470836982
EQT,0.11871440839871834,3.928897086549961e-32,0.46851843186889996,0.49880525111555074,0.09288274452974812,0.3355178514837696,-0.11871440839871834,0.030286819246650776,0.2426351069540215
ES,0.13828519865047798,3.0814879110195774e-32,0.44725105665932635,0.4725407263942646,0.22998059435895507,0.4321294045868276,-0.13828519865047798,0.025289669734938236,0.2021488102278725
ESS,0.4444809005789576,6.555165192532556e-32,0.49129239246655854,0.5245396027164744,0.5004572056165028,0.7402785866612088,-0.4444809005789576,0.03324721024991584,0.23982138104470607
ETN,0.2442169819916783,3.3336096491939065e-32,0.5231127422066146,0.548634348963719,0.12029683559529197,0.6392519795155077,-0.2442169819916783,0.025521606757104354,0.5189551439202158
ETR,0.13838228021965612,2.9414202787005055e-32,0.4310598418009012,0.46386377680072755,0.1555839802447108,0.42346575236191203,-0.13838228021965612,0.03280393499982637,0.2678817721172012
EVRG,0.33422158508636074,5.373344544840388e-32,0.48515327233205324,0.512450659196085,0.37767256929010495,0.3977966295261854,-0.33422158508636074,0.02729738686403177,0.020124060236080432
EW,0.07746991984780556,9.804734262335018e-33,0.4268654665677328,0.4612312477514058,0.03174086928257813,0.0801173868179304,-0.07746991984780556,0.034365781183673005,0.04837651753535227
EXC,0.3604094197097288,4.599580304115266e-32,0.4765242056888312,0.5127528233191085,0.1477264831967386,0.7278700995438293,-0.3604094197097288,0.03622861763027735,0.5801436163470908
EXPD,0.08452261033939086,4.4261371812826656e-32,0.4360844628828714,0.46391440096175146,0.1597557001077987,0.38650837706022434,-0.08452261033939086,0.027829938078880068,0.22675267695242565
EXPE,0.029327218521997656,1.2907232318202456e-31,0.5856845136790191,0.6045080839530718,0.0451485922689595,0.2570796632523169,-0.029327218521997656,0.01882357027405268,0.2119310709833574
EXR,0.13611882385706175,8.642172914086724e-32,0.5711788554993521,0.5907027753382009,0.12943857701511557,0.20595801579348247,-0.13611882385706175,0.019523919838848824,0.0765194387783669
F,0.024526594266962288,6.646209153539952e-32,0.5538233263861184,0.576442174966444,0.015803001313851584,0.22404728360303136,-0.024526594266962288,0.02261884858032559,0.20824428228917977
FANG,0.27544526125027086,3.1935420168748346e-32,0.49352889103543135,0.5180518823009294,0.24821840029635392,0.41813100827710736,-0.27544526125027086,0.024522991265498006,0.16991260798075344
FAST,0.9750907480760126,4.62923524814532e-32,0.508843445186886,0.5343422736896911,0.8157552472610191,1.4077749390112062,-0.9750907480760126,0.02549882850280516,0.5920196917501871
FCX,0.039033615085376165,4.5942183400655515e-32,0.46794450459182807,0.4969213542865406,0.03573839258180301,0.06122946351647469,-0.039033615085376165,0.028976849694712536,0.025491070934671678
FDS,0.10627007326979009,3.4736772815129783e-32,0.43672460796403817,0.4686171125525415,0.08717018863590584,0.170070711390413,-0.10627007326979009,0.031892504588503345,0.08290052275450716
FDX,0.41242219821728854,2.381149749424219e-32,0.4762312336459195,0.5060683714955251,0.30438297454473245,0.5204473014855446,-0.41242219821728854,0.029837137849605566,0.21606432694081218
FE,0.08127662610082585,1.48471690258216e-32,0.4216140799295309,0.44516903263474955,0.0677234356108713,0.11511407651420763,-0.08127662610082585,0.023554952705218624,0.047390640903336334
FFIV,0.16074231661866809,3.865866652006379e-32,0.4539996557745192,0.48021858061772027,0.19415497610997823,0.6090327109440138,-0.16074231661866809,0.026218924843201097,0.41487773483403556
FI,0.08197056627750406,3.1795352536429276e-32,0.4836193797468805,0.51691381360747,0.11753443271035523,0.1508679789928743,-0.08197056627750406,0.0332944338605895,0.03333354628251907
FICO,0.08465357261367268,4.981155174346987e-32,0.4885688848834309,0.5193304776299563,0.1061855423750114,0.2860885824365088,-0.08465357261367268,0.0307615927465254,0.1799030400614974
FIS,0.23474788555180404,1.8769062730755607e-32,0.48236195596629616,0.513844585048368,0.2072281580639623,0.27655268656239157,-0.23474788555180404,0.03148262908207189,0.06932452849842927
FITB,0.1924822181679945,1.7088251142926748e-32,0.4199872562262382,0.45468189912093804,0.13556781905321813,0.19519735048358608,-0.1924822181679945,0.03469464289469981,0.05962953143036795
FMC,0.04213757527761999,5.602705292762868e-33,0.41622268831315207,0.4512802800303318,0.11041514339923672,0.15959574835081033,-0.04213757527761999,0.03505759171717976,0.049180604951573614
FOXA,0.2130274747286677,4.706272445920809e-32,0.4506989180102604,0.47740708272709587,0.24958816917934945,0.3605627867057017,-0.2130274747286677,0.02670816471683546,0.11097461752635224
FRT,0.08489184255878351,5.693749253770264e-32,0.45906623838811494,0.48958241758516124,0.1991511282063481,0.1666092865070443,-0.08489184255878351,0.0305161791970463,-0.0325418416993038
FSLR,0.03720553287512143,2.717312066989991e-32,0.4234030221299023,0.4450724112108983,0.18351094146430114,0.2067321202888922,-0.03720553287512143,0.021669389080996027,0.02322117882459107
FTNT,0.025046832655325143,5.322570028124725e-32,0.45219459410260354,0.4887620654741493,0.05324978910666731,0.21166603115433824,-0.025046832655325143,0.03656747137154576,0.15841624204767094
FTV,0.31638339506168656,3.669771966759678e-32,0.43568486727489797,0.45823659753507834,0.2503132577474089,0.35630764307569684,-0.31638339506168656,0.02255173026018037,0.10599438532828792
GD,0.16599434396080334,2.5562342898230583e-32,0.43765951229346084,0.47967315140978295,0.06728903591223007,0.4239557867632062,-0.16599434396080334,0.04201363911632211,0.35666675085097616
GE,0.1137226821786182,3.3616231756577205e-32,0.4919219884582681,0.5332705932403545,0.03243287013670976,0.4195098422394336,-0.1137226821786182,0.04134860478208641,0.38707697210272385
GEN,0.07077654680430145,3.8378531255425647e-32,0.43815132601465895,0.4689044334035003,0.08714398667228904,0.3087651051359536,-0.07077654680430145,0.03075310738884135,0.22162111846366458
GILD,0.1707815219166955,2.3531362229604046e-32,0.4619795169465906,0.48923435834100126,0.23320097258479267,0.3115218621126808,-0.1707815219166955,0.027254841394410645,0.07832088952788813
GIS,0.006873711887800971,2.633271487598548e-32,0.4883300867398798,0.5148741846866544,0.008385894381100184,0.009412175167102231,-0.006873711887800971,0.026544097946774536,0.0010262807860020474
GL,0.03543192276642063,3.949907231397822e-32,0.44570012606066883,0.47672458487076924,0.10797653396627789,0.17449389559068854,-0.03543192276642063,0.031024458810100408,0.06651736162441065
GLW,0.04708552480787262,2.6892985405261764e-32,0.4152210702429944,0.45548250610977614,0.015709779154035406,0.3076084702937742,-0.04708552480787262,0.04026143586678177,0.29189869113973876
GM,0.020273517282444618,5.805803359625522e-32,0.48357332374895623,0.5166926523716314,0.042841739384809036,0.20103386038882995,-0.020273517282444618,0.03311932862267519,0.1581921210040209
GNRC,0.31058237995469323,1.0540089332010145e-31,0.5780542477629725,0.5936759116039937,0.20379195220517657,0.4468909202669051,-0.31058237995469323,0.01562166384102115,0.2430989680617285
GOOGL,0.1082613727311974,8.992341994884404e-32,0.5340472615237815,0.5541456823685988,0.6882482184449986,1.5349556067033545,-0.1082613727311974,0.02009842084481739,0.8467073882583559
GPC,0.1071587082261707,3.874620879026321e-32,0.4995920603710785,0.530162106052293,0.07322479305014812,0.18445833117026822,-0.1071587082261707,0.030570045681214464,0.1112335381201201
GPN,0.04677462203217138,6.535905893088683e-32,0.548645591748233,0.5598132894388749,0.1384153943134896,0.17451715158661363,-0.04677462203217138,0.011167697690641853,0.036101757273124035
GRMN,0.019761097918785334,1.4567033761183457e-32,0.40843194290973817,0.4399126594424306,0.026862770901991198,0.08304783831695,-0.019761097918785334,0.03148071653269241,0.05618506741495881
GS,0.06736886636131943,5.161492250957792e-32,0.5107636952918344,0.5354056663503869,0.13274120243570112,0.2863839302889893,-0.06736886636131943,0.02464197105855248,0.15364272785328817
GWW,0.07733675990769388,1.3446492702630882e-32,0.4225764914312243,0.44899444823766893,0.16553957418466395,0.26804672185414025,-0.07733675990769388,0.026417956806444653,0.1025071476694763
HAL,0.016494600368312903,2.3531362229604046e-32,0.4685668049326575,0.5039666579339391,0.013601462113485417,0.06381235285085941,-0.016494600368312903,0.03539985300128162,0.050210890737373996
HAS,0.1676587461130371,5.266542975197096e-32,0.500859821224218,0.5284053916438013,0.2412199190790136,0.3666477779094114,-0.1676587461130371,0.027545570419583276,0.12542785883039778
HBAN,0.14057537308766713,4.622231866529366e-32,0.4273625704722524,0.4554669945364511,0.009169245417465227,0.28020385610531245,-0.14057537308766713,0.02810442406419872,0.27103461068784723
HCA,0.457694810682246,4.5012662311374023e-32,0.47152176948288355,0.4978660785283354,0.19609859841920677,0.5231683525074122,-0.457694810682246,0.026344309045451875,0.3270697540882055
HD,0.12330259232233307,3.5016908079767924e-32,0.4392685967996896,0.4809145384106137,0.08845274050990887,0.1239630040930256,-0.12330259232233307,0.04164594161092411,0.035510263583116736
HES,0.08283417806059609,2.605257961134734e-32,0.4512781625089478,0.4834446127491733,0.080174675945166,0.16501050302804043,-0.08283417806059609,0.032166450240225464,0.08483582708287443
HIG,0.04342702516065943,3.6137449138320496e-32,0.43119766982714414,0.4616093716846058,0.04013144199237929,0.1681887804257799,-0.04342702516065943,0.03041170185746167,0.1280573384334006
HII,0.2026704116390169,4.2580560224997797e-32,0.4875340010800788,0.5181506418822205,0.10541621139357821,0.2479973001872233,-0.2026704116390169,0.03061664080214166,0.1425810887936451
HLT,0.04151057209799801,2.577244434670919e-32,0.4208616125324489,0.46393949731888434,0.04011503396830432,0.0665824263334613,-0.04151057209799801,0.04307788478643543,0.02646739236515698
HOLX,0.08829522758446738,2.724315448605945e-32,0.43305635055450387,0.46906278588755457,0.12105651443005008,0.102598174786023,-0.08829522758446738,0.0360064353330507,-0.018458339644027086
HON,0.07415310905147048,2.3531362229604046e-32,0.4303041914562958,0.4656283574907146,0.09383022712311485,0.16870282765841538,-0.07415310905147048,0.03532416603441879,0.07487260053530052
HPE,0.14267344641416546,3.4736772815129783e-32,0.4741828294831171,0.516844159684545,0.0944746520504231,0.2192843580553004,-0.14267344641416546,0.04266133020142793,0.12480970600487729
HPQ,0.1566295963318915,2.3531362229604046e-32,0.469813759943297,0.5083028420317037,0.1379974221628727,0.24820218563689922,-0.1566295963318915,0.038489082088406734,0.11020476347402652
HRL,0.0727223417884201,2.857379699309063e-32,0.5160424839910006,0.5267771734794018,0.12012563770698304,0.1477606833062092,-0.0727223417884201,0.010734689488401172,0.027635045599226166
HSIC,0.012526048651141203,1.2606086908716453e-32,0.41391710916065055,0.4485652045905289,0.02187144792539166,0.1783526780940848,-0.012526048651141203,0.034648095429878345,0.15648123016869314
HST,0.14455405475380548,7.395570986446986e-32,0.4717584603132277,0.514186551797016,0.1409922469697125,0.257237465484184,-0.14455405475380548,0.04242809148378829,0.11624521851447153
HSY,0.011151863169284765,2.7803425015335734e-32,0.4920172298699595,0.5127786830614408,0.0344702086162219,0.08726039126641998,-0.011151863169284765,0.020761453191481316,0.052790182650198074
HUBB,0.07881370392953756,2.465190328815662e-32,0.42878137020212287,0.4642126359108019,0.07331923722442749,0.09995667908672802,-0.07881370392953756,0.03543126570867905,0.026637441862300534
HUM,0.02688361843169435,1.904919799539375e-32,0.4383622513747319,0.4707921906677069,0.020614116261823256,0.039733523723660596,-0.02688361843169435,0.032429939292974996,0.01911940746183734
HWM,0.2545637579540461,9.244463733058732e-33,0.44152475309930267,0.47037196554754646,0.23495332525797294,0.2666055400140294,-0.2545637579540461,0.028847212448243786,0.03165221475605648
IBM,0.01879307926193068,8.123922674506158e-33,0.5231087050653062,0.5613903355446989,0.07174450023137346,0.0839209334601954,-0.01879307926193068,0.0382816304793927,0.012176433228821934
ICE,0.1422484524517299,1.3726627967269025e-32,0.41006771004731063,0.430967783911557,0.16220711666379373,0.1690374804319016,-0.1422484524517299,0.02090007386424636,0.006830363768107861
IDXX,0.03564431404067338,8.123922674506158e-33,0.41176470331763587,0.4418773662131821,0.0317381987195128,0.05869839190709063,-0.03564431404067338,0.030112662895546205,0.02696019318757783
IEX,0.0198786621838188,3.3616231756577205e-32,0.451409439944231,0.4810809950986225,0.16335470899001392,0.20923814338976604,-0.0198786621838188,0.029671555154391516,0.04588343439975212
IFF,0.12413415678541341,2.9134067522366915e-32,0.4357066639194218,0.4649886081616266,0.14402199646839312,0.21027634149653968,-0.12413415678541341,0.029281944242204816,0.06625434502814656
INCY,0.22930643270078044,2.5212173817432905e-32,0.45556547508120765,0.4788761737200889,0.27671523857937763,0.26485785763589925,-0.22930643270078044,0.023310698638881244,-0.01185738094347838
INTC,0.06909640781632526,3.4736772815129783e-32,0.5378629592304898,0.5607696162354864,0.010733343166083747,0.2686507940433036,-0.06909640781632526,0.02290665700499661,0.25791745087721984
INTU,0.011495779447352195,1.904919799539375e-32,0.4267895318137598,0.45212447885331664,0.04965132668693901,0.12417574339491964,-0.011495779447352195,0.025334947039556854,0.07452441670798063
INVH,0.2348236029642873,6.338060362437994e-32,0.43701883400446495,0.47024135001014694,0.18790878307461326,0.2714396845568427,-0.2348236029642873,0.03322251600568199,0.08353090148222944
IP,0.24941975698393534,2.3531362229604046e-32,0.4351717003339869,0.46749193767479513,0.32942074088835793,0.40367065721356765,-0.24941975698393534,0.032320237340808244,0.07424991632520972
IPG,0.12993457054925522,3.6137449138320496e-32,0.4113106382277705,0.4333966487803177,0.12476615680483584,0.18053121836959338,-0.12993457054925522,0.02208601055254722,0.05576506156475754
IQV,0.145028239935246,2.752328975069759e-32,0.4951522416193702,0.5143897687041796,0.15309053130140285,0.18208050581217036,-0.145028239935246,0.019237527084809414,0.028989974510767513
IR,0.10156936029979721,8.964328468420589e-33,0.4506635319492679,0.4864405039539786,0.11079207213645642,0.1271179534073259,-0.10156936029979721,0.035776972004710694,0.01632588127086948
IRM,0.03914624398249298,3.1935420168748346e-32,0.42104446684895586,0.45048069229595294,0.050836379552317346,0.1565119329898013,-0.03914624398249298,0.02943622544699709,0.10567555343748394
ISRG,0.06413657093751345,3.7678193093830285e-32,0.4858418084213058,0.5116597733714213,0.05041567550048094,0.18242459765973848,-0.06413657093751345,0.025817964950115513,0.13200892215925752
IT,0.1530387104836221,2.96943380516432e-32,0.4393549299005232,0.47737976467788446,0.11604071425208745,0.16156875073663848,-0.1530387104836221,0.03802483477736124,0.04552803648455103
ITW,0.021315677124162467,8.964328468420589e-33,0.40004544898490624,0.4303032237721526,0.024732198636598327,0.040282925627943555,-0.021315677124162467,0.03025777478724634,0.015550726991345229
IVZ,0.20289762227821762,4.4452049820104766e-32,0.43842565325861294,0.46641551836429523,0.11447092610092911,0.37452287088093,-0.20289762227821762,0.0279898651056823,0.2600519447800009
J,0.005910663808374614,9.244463733058732e-33,0.4298398833619242,0.4524074151643604,0.02467168640757594,0.14342472385188942,-0.005910663808374614,0.022567531802436203,0.11875303744431348
JBHT,0.035538921371129295,2.6892985405261764e-32,0.4092539279024304,0.44384255261990935,0.022534593747163486,0.24534048965233654,-0.035538921371129295,0.03458862471747892,0.22280589590517305
JCI,0.04676707112340925,3.4176502285853497e-32,0.5587371936620448,0.5660914052435018,0.21215497209743378,0.16988531992628603,-0.04676707112340925,0.007354211581456993,-0.042269652171147754
JKHY,0.16825929110727422,6.050921716183897e-32,0.50137966197431,0.5386588827096939,0.45584059677010363,0.5007781261294109,-0.16825929110727422,0.03727922073538381,0.04493752935930723
JNJ,0.029446381676149658,7.710723159164897e-32,0.556935661329863,0.592273432342183,0.05814324171181819,0.30799311499490584,-0.029446381676149658,0.03533777101231994,0.24984987328308764
JNPR,0.13432063502872207,1.0365004791611306e-32,0.4216592902805846,0.4521788650493433,0.1482048183420617,0.15957979567121597,-0.13432063502872207,0.030519574768758717,0.011374977329154268
JPM,0.04052590605709798,9.728134775910527e-32,0.5240970145364843,0.5476293544236202,0.31946754976154035,1.1108668766706862,-0.04052590605709798,0.023532339887135878,0.7913993269091458
K,0.051274000807126074,4.3981236548188515e-32,0.46392839224391175,0.49310658867636653,0.07904495033436384,0.15464749809902814,-0.051274000807126074,0.029178196432454784,0.0756025477646643
KDP,0.13284380915062685,1.9329333260031894e-32,0.41905235144518177,0.44215287605083936,0.1465363200713018,0.2277808490415643,-0.13284380915062685,0.02310052460565759,0.08124452897026249
KEY,0.17296795997608774,2.044987431858447e-32,0.41555337923223196,0.4478462405968091,0.07508997467437417,0.18540626101245675,-0.17296795997608774,0.03229286136457715,0.11031628633808258
KEYS,0.08885313831719523,4.7342859723846233e-32,0.5590607897624278,0.5715151935123723,0.3858497327234223,0.36794041191311533,-0.08885313831719523,0.012454403749944554,-0.017909320810306995
KHC,0.062069672556760214,2.717312066989991e-32,0.43305275930059467,0.4628470618764558,0.056938674232491965,0.19910893207607663,-0.062069672556760214,0.02979430257586113,0.14217025784358467
KIM,0.08165178302624924,2.717312066989991e-32,0.4296890337367568,0.4662738821688787,0.05868347306359418,0.23873265939941435,-0.08165178302624924,0.0365848484321219,0.18004918633582018
KLAC,0.3210964703912014,4.329840684063304e-32,0.47548849655755165,0.49868797074017446,0.026355572570367067,0.553178026882586,-0.3210964703912014,0.023199474182622803,0.526822454312219
KMB,0.12859557025126386,3.8378531255425647e-32,0.4585519949752526,0.4840470801241885,0.055952481174285064,0.23123557812324344,-0.12859557025126386,0.025495085148935892,0.17528309694895838
KMI,0.01774711665124588,2.717312066989991e-32,0.4260480967433341,0.4579979713092466,0.08382825521163466,0.2714434223681709,-0.01774711665124588,0.03194987456591247,0.1876151671565362
KMX,0.13809702666174023,2.9414202787005055e-32,0.46865393327290034,0.49778593606861793,0.0398136212672384,0.3857982269446516,-0.13809702666174023,0.029132002795717593,0.3459846056774132
KO,0.04717819658808298,6.106948769111526e-32,0.47651244464535425,0.5013710366085824,0.04279164278653543,0.38026807057333534,-0.04717819658808298,0.02485859196322815,0.3374764277867999
KR,0.14210279624433755,2.381149749424219e-32,0.4403877022253417,0.47080960973962965,0.07389271927323228,0.2140317694644067,-0.14210279624433755,0.03042190751428797,0.1401390501911744
L,0.09678899972220689,5.693749253770264e-32,0.5112586609065582,0.54625163485076,0.22473990152595677,0.3850941560778496,-0.09678899972220689,0.034992973944201755,0.1603542545518928
LDOS,0.07653582577986595,2.3531362229604046e-32,0.47547668572816004,0.49673662922904327,0.019539391204352583,0.11990054910064775,-0.07653582577986595,0.021259943500883227,0.10036115789629517
LEN,0.09606276563520176,1.27951782123472e-31,0.5984801961766317,0.5942268595466229,0.1957921267924437,0.22119355873428959,-0.09606276563520176,-0.004253336630008819,0.02540143194184588
LH,0.08457134747841948,2.381149749424219e-32,0.42580175306022094,0.4494904518667863,0.13964008350011076,0.24828270580090867,-0.08457134747841948,0.023688698806565378,0.10864262230079791
LHX,0.21575891113855825,1.316635743799274e-32,0.4245921814833896,0.4575864040593136,0.09128924036402922,0.24128535050016245,-0.21575891113855825,0.03299422257592399,0.14999611013613323
LIN,0.013889215922607638,1.1485545850163879e-32,0.5225942473310218,0.5404603508782,0.014098132027019433,0.0237869108721125,-0.013889215922607638,0.017866103547178214,0.009688778845093069
LKQ,0.061917123507770636,8.621162769238863e-32,0.5306243034069935,0.5553109419990242,0.06031954989212538,0.08166271828162422,-0.061917123507770636,0.024686638592030685,0.02134316838949884
LLY,0.07053821211211043,3.389636702121535e-32,0.49952730118640976,0.523830016982885,0.0643139936854842,0.08772388825542,-0.07053821211211043,0.02430271579647525,0.023409894569935807
LMT,0.18466332492160806,1.6808115878288603e-32,0.4354018216968044,0.46418742308010996,0.1587380567596954,0.1879623865218447,-0.18466332492160806,0.028785601383305548,0.02922432976214928
LNT,0.3498251785182854,6.331056980822041e-32,0.46718736311201603,0.49724198031949257,0.35682381828967713,0.36768960321013694,-0.3498251785182854,0.03005461720747654,0.010865784920459809
LOW,0.06323548927614592,1.0084869526973163e-32,0.4176380958648424,0.449270705819686,0.04528931734861988,0.08024778339913308,-0.06323548927614592,0.03163260995484357,0.0349584660505132
LRCX,0.08565018952003339,1.820879220147932e-32,0.43234358694548203,0.455831682273004,0.26110349563423024,0.26466288880246513,-0.08565018952003339,0.023488095327521996,0.0035593931682348923
LULU,0.14270440203278878,4.0129376659414044e-32,0.4728452052069389,0.5020904116963959,0.1133743811665451,0.18701047423536601,-0.14270440203278878,0.029245206489457,0.07363609306882092
LUV,0.036886411560901756,2.829366172845248e-32,0.440288885015253,0.4745202505297722,0.04244925018274103,0.11743795817421582,-0.036886411560901756,0.03423136551451922,0.07498870799147478
LVS,0.14489976420910036,6.282033309510366e-32,0.4717705939572989,0.49970440901316787,0.21702425010109774,0.6391473661165906,-0.14489976420910036,0.02793381505586895,0.4221231160154929
LW,0.10079055971068947,4.7132758275367625e-32,0.45549422994516137,0.49140107145414713,0.20663370223125999,0.5033742082415155,-0.10079055971068947,0.035906841508985765,0.2967405060102555
LYB,0.06845549513953537,2.0169739053946326e-32,0.4450908012619549,0.4719037563084267,0.11746567084863456,0.383610195448982,-0.06845549513953537,0.026812955046471798,0.26614452460034743
LYV,0.25141435196526646,5.889843939016965e-32,0.5219796196816632,0.5410748152229261,0.5269331030821431,0.5064889566689881,-0.25141435196526646,0.019095195541262933,-0.020444146413155062
MA,0.03909356387778728,3.7257990196873074e-32,0.4580241381474336,0.496172064638014,0.36464925572076184,0.7751331991989923,-0.03909356387778728,0.03814792649058041,0.4104839434782304
MAA,0.04638932035840257,3.0814879110195774e-32,0.41945527433485064,0.45455903465503367,0.044514005179326625,0.28185534930387535,-0.04638932035840257,0.03510376032018303,0.23734134412454871
MAR,0.058766349397590754,3.7257990196873074e-32,0.4592023013714009,0.48660372224902465,0.04612203429220044,0.34693769643891864,-0.058766349397590754,0.02740142087762376,0.3008156621467182
MAS,0.049560941237822446,1.2606086908716453e-32,0.4160031978646089,0.43801547744369757,0.03592650366485262,0.10073318982699497,-0.049560941237822446,0.02201227957908869,0.06480668616214236
MCD,0.09408215105455636,9.423487675616546e-32,0.5352321172062893,0.5475360442575035,0.21539772432941076,0.8685575520774292,-0.09408215105455636,0.012303927051214192,0.6531598277480185
MCHP,0.2044465488368599,3.7538125461511215e-32,0.4332509109388491,0.46006573190932853,0.14236787358577402,0.2675842164334472,-0.2044465488368599,0.026814820970479436,0.1252163428476732
MCK,0.12227124997936566,2.9414202787005055e-32,0.43164304849173374,0.4707556552577847,0.0391444586566928,0.1856814294214917,-0.12227124997936566,0.03911260676605094,0.1465369707647989
MCO,0.052518277271285954,3.4176502285853497e-32,0.45480593656925977,0.4936098427200945,0.03390023154743678,0.3740262505089756,-0.052518277271285954,0.03880390615083473,0.3401260189615388
MDLZ,0.05118427144780632,1.5967710084374173e-32,0.4687272089432918,0.5091560320694271,0.07159586000243358,0.1048311562834491,-0.05118427144780632,0.04042882312613527,0.03323529628101553
MDT,0.026143462788012096,3.949907231397822e-32,0.4865909882667085,0.5170501468818253,0.04168136031086347,0.1226490081703103,-0.026143462788012096,0.030459158615116777,0.08096764785944682
MET,0.5133683681316193,3.137514963947206e-32,0.5063240386805992,0.5348182566486176,0.4265588093370592,0.5607473952182184,-0.5133683681316193,0.02849421796801843,0.13418858588115917
META,0.1746582673714734,1.054402873416912e-31,0.5754655167130498,0.5889662883877915,0.7633381656638284,1.535294682846278,-0.1746582673714734,0.01350077167474173,0.7719565171824495
MGM,0.12656139338670983,6.898330891714281e-32,0.4745299655740804,0.49856770643582476,0.1495770590164612,0.5433788830437659,-0.12656139338670983,0.024037740861744372,0.3938018240273047
MHK,0.12015967924267339,1.3726627967269025e-32,0.4106160279698976,0.43809492856245597,0.1573819596696316,0.17908823952479158,-0.12015967924267339,0.027478900592558364,0.021706279855159993
MKC,0.14690426650579183,2.829366172845248e-32,0.4346351729977034,0.45921184472012727,0.20571355795400095,0.1936083409407705,-0.14690426650579183,0.024576671722423893,-0.012105217013230446
MKTX,0.22272232865379335,2.6892985405261764e-32,0.4443780261199912,0.48039350374418865,0.3772752585579226,0.5308982241268395,-0.22272232865379335,0.036015477624197434,0.1536229655689169
MLM,0.1991141502256646,5.553681621451193e-32,0.5370588765029888,0.5544509035886465,0.2017020863080272,0.16781407907506485,-0.1991141502256646,0.01739202708565768,-0.03388800723296234
MMC,0.011583825571196065,1.232595164407831e-32,0.41037258205030386,0.44767687511535587,0.015052834370527575,0.08582757515061502,-0.011583825571196065,0.03730429306505201,0.07077474078008744
MMM,0.024754712817167235,2.6892985405261764e-32,0.5276302037668122,0.5707788531651663,0.045456621655631156,0.19829390539776728,-0.024754712817167235,0.043148649398354055,0.15283728374213612
MNST,0.39067524869632186,1.3420230021571058e-31,0.5697197242492502,0.5868298122106377,0.06343256389020546,0.6577769115400335,-0.39067524869632186,0.017110087961387466,0.594344347649828
MO,0.014031721912209782,5.070448289950395e-32,0.4678159169647048,0.502883282271443,0.03325261115470847,0.05199528155012081,-0.014031721912209782,0.03506736530673815,0.018742670395412338
MOH,0.07799590585632514,4.944387420863231e-32,0.4837490776570766,0.513600232502556,0.07591329830196264,0.09161746520122095,-0.07799590585632514,0.029851154845479455,0.015704166899258312
MOS,0.1567670334484186,2.577244434670919e-32,0.44030011655794465,0.4681112274505695,0.15635627078762018,0.167911371206625,-0.1567670334484186,0.027811110892624835,0.011555100419004816
MPC,0.06115231832755614,4.2580560224997797e-32,0.4360091162552387,0.46474585459946877,0.13991855299197678,0.26467872523954483,-0.06115231832755614,0.028736738344230073,0.12476017224756805
MPWR,0.06609711141130575,5.497654568523564e-32,0.48454960716378137,0.5239321859324217,0.1184472950720628,0.1720537161240678,-0.06609711141130575,0.039382578768640375,0.05360642105200501
MRK,0.028064202737049217,2.9134067522366915e-32,0.5077820246006067,0.5453301450891225,0.009075772691741986,0.04190417552308883,-0.028064202737049217,0.037548120488515746,0.032828402831346845
MRNA,0.23816022527496739,3.977920757861636e-32,0.4735988836986753,0.5080644588339979,0.6596528636514178,0.8066271647354171,-0.23816022527496739,0.03446557513532256,0.14697430108399923
MRO,0.08089578760137757,4.370110128355037e-32,0.45045206024619683,0.4848060337007659,0.0829320002674313,0.09860527552671788,-0.08089578760137757,0.03435397345456909,0.01567327525928658
MS,0.12194766917827482,8.095909148042344e-32,0.5193185318181571,0.5464691392574307,0.1648756247093962,0.18208736514928275,-0.12194766917827482,0.027150607439273555,0.017211740439886547
MSCI,0.42475435617832685,4.6782589194569947e-32,0.4605172928558762,0.4821936319488818,0.31945611229936416,0.4481520529180377,-0.42475435617832685,0.021676339093005592,0.12869594061867357
MSFT,0.10519838488057585,4.8463400782398806e-32,0.5801967508906846,0.6038373816300523,0.20323070321143397,0.6876996915459732,-0.10519838488057585,0.02364063073936773,0.4844689883345392
MSI,0.10513129603063014,2.9134067522366915e-32,0.4770829099318555,0.5131454011026744,0.16458433044955023,0.1470365827534947,-0.10513129603063014,0.03606249117081889,-0.01754774769605552
MTB,0.1591877062419513,2.6612850140623624e-32,0.44012237166990437,0.4688777652536779,0.1304168642484111,0.2164986618238296,-0.1591877062419513,0.028755393583773547,0.0860817975754185
MTCH,0.14254191100947727,1.7102257906158654e-31,0.6087345079324248,0.6311974060621374,0.3395900218810399,0.6018622767001411,-0.14254191100947727,0.022462898129712583,0.2622722548191012
MTD,0.3614159393624213,5.994894663256268e-32,0.49747983136471785,0.5201995401115794,0.5498881276102382,1.0988597234103912,-0.3614159393624213,0.022719708746861578,0.548971595800153
MU,0.09388909946515495,1.48471690258216e-32,0.4110092127604991,0.44230566761804724,0.05372811490476483,0.2010371043990637,-0.09388909946515495,0.03129645485754812,0.14730898949429885
NCLH,0.13710522073400958,3.221555543338649e-32,0.46567478602479273,0.48895305950464296,0.36842892157454527,0.3464228466652321,-0.13710522073400958,0.02327827347985023,-0.022006074909313167
NDAQ,0.12453808155482063,4.2860695489635937e-32,0.46709245868818333,0.49647521456751903,0.2061847062919019,0.43931434878778697,-0.12453808155482063,0.029382755879335698,0.23312964249588508
NDSN,0.28327902618967804,1.4286898496545314e-32,0.4470870580607926,0.47484037523124883,0.2787774910642749,0.3439097437130751,-0.28327902618967804,0.02775331717045626,0.06513225264880018
NEE,0.03817065304805324,1.4567033761183457e-32,0.41297763793365494,0.4412902302490768,0.030335245389982172,0.1068505022866502,-0.03817065304805324,0.02831259231542188,0.07651525689666804
NEM,0.08547764696615363,1.0336991265147492e-31,0.5571826170592756,0.5880471817905584,0.03912881735001512,0.31710570373278696,-0.08547764696615363,0.03086456473128274,0.27797688638277185
NFLX,0.23426531503641723,1.2977266134361994e-31,0.6215423525380572,0.6518714159086311,0.2154153292874744,0.418774283012616,-0.23426531503641723,0.03032906337057384,0.2033589537251416
NI,0.13393310205704,5.406610607516168e-32,0.46904633741176693,0.5031439632332748,0.10024227190443778,0.30290165406301844,-0.13393310205704,0.03409762582150788,0.20265938215858065
NKE,0.04952913410238064,2.745325593453805e-32,0.45609892659153595,0.4904101589902471,0.08371571835235826,0.09531455719979089,-0.04952913410238064,0.034311232398711144,0.011598838847432624
NOC,0.09976790028928216,1.7928656936841178e-32,0.4313708514468425,0.46111066354264824,0.11740732382779222,0.18703338399573866,-0.09976790028928216,0.02973981209580573,0.06962606016794644
NOW,0.10582578628699953,3.8938801784701933e-32,0.4867826566277676,0.5262937009955894,0.16241872503136198,0.31562126930849627,-0.10582578628699953,0.03951104436782177,0.15320254427713428
NRG,0.19770829419996752,3.80983959907875e-32,0.467039074408762,0.4984169614603351,0.10591285367520843,0.3816569988789322,-0.19770829419996752,0.03137788705157307,0.27574414520372376
NSC,0.2655654226416999,5.630718819226682e-32,0.47414173293177203,0.5267032884398531,0.27110828970735273,0.6667617678289374,-0.2655654226416999,0.052561555508081115,0.39565347812158463
NTAP,0.21449022739702076,4.8463400782398806e-32,0.44552106277868586,0.47475473264637086,0.1896496498976828,0.22082108776308837,-0.21449022739702076,0.029233669867684997,0.031171437865405577
NTRS,0.07210920731614096,3.5016908079767924e-32,0.44945323964886186,0.47469349448963843,0.22297487765421276,0.5231946326526287,-0.07210920731614096,0.025240254840776577,0.3002197549984159
NUE,0.20242659515422823,5.74277292508194e-32,0.43794790381188103,0.46777487113127425,0.1561363918037975,0.27351358381453356,-0.20242659515422823,0.029826967319393216,0.11737719201073607
NVDA,0.10019800511090823,3.3616231756577205e-32,0.4453247101210327,0.4807880775446494,0.11359109423956468,0.15205088876147205,-0.10019800511090823,0.03546336742361672,0.03845979452190737
NVR,0.08134778733139192,5.956485492206273e-32,0.5986596530734634,0.6160849861642334,0.09746987498581729,0.18705226767416994,-0.08134778733139192,0.01742533309076999,0.08958239268835265
NWSA,0.24982996262611906,3.902634405490135e-32,0.5325950621839135,0.5463064179918403,0.8564454831805381,0.9614723415994636,-0.24982996262611906,0.013711355807926817,0.10502685841892545
NXPI,0.26821012616823725,5.042434763486581e-32,0.4607437275489947,0.4943663663925153,0.33184098630365005,0.3889705856349197,-0.26821012616823725,0.033622638843520625,0.057129599331269654
O,0.15331636635018364,3.7538125461511215e-32,0.44856396729238596,0.48806978403527534,0.12956587687834908,0.1859263555556211,-0.15331636635018364,0.03950581674288939,0.05636047867727201
ODFL,0.16437991693532647,8.558132334695281e-32,0.4974711071765243,0.5233429726912875,0.19898747479459047,0.29655887194582153,-0.16437991693532647,0.02587186551476317,0.09757139715123106
OKE,0.06529329084034513,2.96943380516432e-32,0.4299344713952403,0.4670939138367751,0.04143318665288475,0.44189869466946957,-0.06529329084034513,0.037159442441534796,0.4004655080165848
OMC,0.00306402452069432,4.2860695489635937e-32,0.4129412902033698,0.4431411798815609,0.030717832742763983,0.09581976574637013,-0.00306402452069432,0.030199889678191094,0.06510193300360614
ON,0.08333025693936645,4.930380657631324e-32,0.4533189363987422,0.4733735257598519,0.07183800848533732,0.15632037053777362,-0.08333025693936645,0.02005458936110971,0.0844823620524363
ORCL,0.06615273772180333,6.450114468293252e-32,0.5360168162692714,0.5501571041999797,0.029686617009903226,0.5151033242953947,-0.06615273772180333,0.014140287930708206,0.4854167072854915
ORLY,0.17083968063602206,4.240547568459896e-32,0.49356517772460945,0.5334093174275472,0.1851644671381468,0.2049268685700147,-0.17083968063602206,0.03984413970293771,0.019762401431867888
OTIS,0.1073545236387016,4.930380657631324e-32,0.4895660978697305,0.5271398671427946,0.05065208833161597,0.45260227198604536,-0.1073545236387016,0.037573769273064106,0.40195018365442936
OXY,0.049561093265829775,3.9218937049340074e-32,0.4370697158983723,0.4663871534160236,0.10438076297967647,0.25006373954641586,-0.049561093265829775,0.029317437517651312,0.1456829765667394
PANW,0.5191859377324656,4.608225103297459e-32,0.5610531879198717,0.5824189677020345,0.2672177309781443,0.5644793305208364,-0.5191859377324656,0.021365779782162808,0.29726159954269216
PARA,0.03228414579424883,1.9206774081752708e-32,0.44698959872635763,0.48536399339862285,0.2887296894986214,0.47289191749467574,-0.03228414579424883,0.03837439467226522,0.18416222799605436
PAYC,0.3787092063140807,6.737253114547349e-32,0.5208988450736909,0.5565314756574888,0.33655343769877566,0.4046679042679413,-0.3787092063140807,0.03563263058379795,0.06811446656916564
PAYX,0.01997375006135267,3.221555543338649e-32,0.44867383275054334,0.48933636087879384,0.10440267936575283,0.46816541733787936,-0.01997375006135267,0.0406625281282505,0.36376273797212655
PCAR,0.48278136377741904,2.0730009583222612e-32,0.47301916124956617,0.493981315451126,0.5222227092629329,0.5677252459180298,-0.48278136377741904,0.020962154201559835,0.04550253665509685
PCG,0.06513319962082026,7.731733304012757e-32,0.49900840138556496,0.5282572621059637,0.14442567625517214,0.42708221539664015,-0.06513319962082026,0.02924886072039873,0.28265653914146804
PEG,0.15442984575272287,2.1290280112498898e-32,0.415757866748326,0.44671848272246834,0.16332461533119405,0.18571370616699606,-0.15442984575272287,0.030960615974142347,0.02238909083580201
PEP,0.01653285854291768,1.6808115878288603e-32,0.49945752016944817,0.521015317035772,0.029177935730353714,0.08225146494525236,-0.01653285854291768,0.02155779686632381,0.05307352921489865
PFE,0.00951788224075357,6.450114468293252e-32,0.45661956556937683,0.4861258089680426,0.03374448745320296,0.12650158565354686,-0.00951788224075357,0.029506243398665755,0.09275709820034389
PFG,0.08283439623275662,2.4371768023518476e-32,0.4514289967791817,0.4784875043869299,0.10354564646679204,0.36067181971453705,-0.08283439623275662,0.027058507607748195,0.257126173247745
PG,0.2095914781059088,3.4176502285853497e-32,0.45561960624595593,0.49068074175803267,0.18062226451056365,0.21422031972173017,-0.2095914781059088,0.035061135512076735,0.033598055211166516
PGR,0.34482662544095527,3.445663755049164e-32,0.4588064516026451,0.4836144015413959,0.24903656932977072,0.5045077201617848,-0.34482662544095527,0.024807949938750795,0.2554711508320141
PH,0.3077268681795758,4.958394184095138e-32,0.4448418485572138,0.4659834187999434,0.2943464814526114,0.3392854668300695,-0.3077268681795758,0.021141570242729613,0.04493898537745811
PHM,0.037821699842313976,2.0730009583222612e-32,0.4425437594887177,0.4773458917880934,0.049413317935514005,0.07487345560474679,-0.037821699842313976,0.03480213229937568,0.02546013766923278
PKG,0.2650270534191402,2.1570415377137042e-32,0.48086233357356595,0.5087593123939532,0.3669054229576236,0.6777113174374375,-0.2650270534191402,0.027896978820387275,0.31080589447981394
PLD,0.04885285853061758,2.6892985405261764e-32,0.43603688454285044,0.4743283470222391,0.10989248078842097,0.3107008834851182,-0.04885285853061758,0.03829146247938864,0.20080840269669725
PM,0.09046112290017233,3.053474384555763e-32,0.46218494278907934,0.5049061956085251,0.04873826955343044,0.1258941992989492,-0.09046112290017233,0.042721252819445776,0.07715592974551877
PNC,0.22965638433219737,3.4806806631289316e-32,0.47310636531354683,0.5091945038704384,0.044341259532283614,0.34211098695769454,-0.22965638433219737,0.03608813855689158,0.2977697274254109
PNR,0.19677354983296477,2.2971091700327757e-32,0.47108039703271287,0.49264344385582837,0.16815603743859267,0.3489386979100948,-0.19677354983296477,0.021563046823115495,0.18078266047150213
PNW,0.21694938327792046,1.5967710084374173e-32,0.44125048987028415,0.470160869830973,0.19090710571574096,0.2698635521769537,-0.21694938327792046,0.028910379960688848,0.07895644646121272
PODD,0.10759620609612029,2.4721937104316157e-32,0.42260015321953226,0.4573923163353219,0.035885790938361264,0.24872942569071121,-0.10759620609612029,0.03479216311578964,0.21284363475234996
POOL,0.06052217497748907,4.5802115768336444e-32,0.5139941731301639,0.5484739489454775,0.05807150801586254,0.07332206800125882,-0.06052217497748907,0.034479775815313585,0.015250559985396275
PPG,0.10270778474284253,2.829366172845248e-32,0.4212448979412088,0.4473960105866475,0.12299866356471277,0.18812516424737885,-0.10270778474284253,0.026151112645438734,0.06512650068266608
PPL,0.048537176623759455,5.09846181641421e-32,0.40725360620569734,0.4357204962447396,0.049696663745781036,0.0783331556656659,-0.048537176623759455,0.028466890039042236,0.028636491919884863
PRU,0.40214113601165596,4.834084160411962e-32,0.47762201488361034,0.5017961778647002,0.16203107373970457,0.6029237439592868,-0.40214113601165596,0.024174162981089875,0.44089267021958223
PSA,0.15250892251696335,3.3970777950884856e-32,0.472079590698375,0.5052013574829611,0.18407410415772374,0.22422585206586704,-0.15250892251696335,0.033121766784586115,0.0401517479081433
PSX,0.0812635136642578,1.0084869526973163e-32,0.41131971038729553,0.44228214858330356,0.07470464888128515,0.12473960189249055,-0.0812635136642578,0.030962438196008024,0.05003495301120539
PTC,0.16706052085840645,6.221738570910515e-32,0.501450107877814,0.5347655165677035,0.263247777839928,0.2053345081992462,-0.16706052085840645,0.03331540868988958,-0.057913269640681775
PWR,0.10827018205081423,3.7328024013032607e-32,0.4861814523965057,0.5077194002426121,0.05065248948589189,0.11655446493567827,-0.10827018205081423,0.02153794784610641,0.06590197544978638
PYPL,0.10040709031697773,2.0169739053946326e-32,0.45562828456267407,0.4998087687068917,0.08723176649037673,0.2302930582177803,-0.10040709031697773,0.04418048414421766,0.14306129172740356
QCOM,0.0564600197976979,6.387084033749669e-32,0.4795186874165127,0.508353755402349,0.03156144725957955,0.1956581692862055,-0.0564600197976979,0.028835067985836238,0.16409672202662595
QRVO,0.03091149935996468,3.1935420168748346e-32,0.4239786194442859,0.45757375255918964,0.12817533292466737,0.33813527549328987,-0.03091149935996468,0.03359513311490375,0.2099599425686225
RCL,0.024929501681649143,3.249569069802463e-32,0.421283148245909,0.45041481454281435,0.04286869224591482,0.04820964514638022,-0.024929501681649143,0.029131666296905334,0.0053409529004654
REG,0.06115956267740053,2.9134067522366915e-32,0.4203517381814019,0.4576969738990892,0.03496098434253104,0.08655410335487329,-0.06115956267740053,0.037345235717687275,0.05159311901234225
REGN,0.061065831227925686,2.4161666575039868e-32,0.526147235943582,0.5382408468303496,0.0400868586574542,0.13610822281478477,-0.061065831227925686,0.012093610886767525,0.09602136415733056
RF,0.10672194215935195,5.602705292762868e-33,0.40340148378650487,0.4396633146615154,0.049166571545717755,0.13389462975061642,-0.10672194215935195,0.03626183087501056,0.08472805820489866
RJF,0.1001904733808984,2.1290280112498898e-32,0.42215891680417705,0.44737821404499195,0.08589386111394835,0.14525430869857045,-0.1001904733808984,0.025219297240814897,0.0593604475846221
RL,0.06209653177874319,4.62688254963371e-33,0.452862931584765,0.48395845039256596,0.1697541010790299,0.24329929749518134,-0.06209653177874319,0.03109551880780098,0.07354519641615143
RMD,0.019829990657178193,2.2690956435689614e-32,0.44422016662542296,0.4645172951009633,0.22839252980315444,0.3551744249878427,-0.019829990657178193,0.020297128475540327,0.12678189518468824
ROK,0.03366748066515392,3.592734768984189e-32,0.4883724337662938,0.5201571526226602,0.044898558360740665,0.5316899586305651,-0.03366748066515392,0.031784718856366356,0.4867914002698245
ROL,0.16203437392928738,9.968547735445683e-32,0.5796106907814178,0.5942123241521841,0.14238261506788505,0.26806801074304987,-0.16203437392928738,0.014601633370766254,0.12568539567516482
ROP,0.15880471680564645,5.014421237022767e-32,0.44187805174307215,0.4810897304007224,0.09069116498324133,0.16590347605184347,-0.15880471680564645,0.03921167865765024,0.07521231106860214
ROST,0.03575492031840244,2.5212173817432905e-32,0.44944598214793074,0.478780103147738,0.0490003083701896,0.22903556834643385,-0.03575492031840244,0.029334120999807256,0.18003525997624426
RSG,0.06991100513066299,6.219002874966784e-32,0.4622185301237609,0.49087803714773764,0.09121478713477228,0.41486235250446823,-0.06991100513066299,0.028659507023976738,0.32364756536969597
RTX,0.19912348941973182,1.2606086908716453e-32,0.44150232231267467,0.48724296267981604,0.33848278577595486,0.5201708044682236,-0.19912348941973182,0.04574064036714137,0.18168801869226875
RVTY,0.1049826365333122,1.904919799539375e-32,0.41145908170251533,0.44586670693828195,0.16340902025649795,0.18573257770668591,-0.1049826365333122,0.034407625235766626,0.022323557450187964
SBAC,0.3132595311321947,2.9134067522366915e-32,0.44605983746762595,0.4755494735058673,0.3320265397549877,0.38528946522630975,-0.3132595311321947,0.02948963603824134,0.05326292547132205
SBUX,0.17552821338566535,3.277582596266278e-32,0.45236968541619066,0.4898914158514303,0.17395534884031005,0.22704321142450923,-0.17552821338566535,0.03752173043523965,0.053087862584199175
SCHW,0.46699656343456336,3.14451834556316e-32,0.4897250945245145,0.5124941109719954,0.40543706315055467,0.5794380259801021,-0.46699656343456336,0.02276901644748086,0.1740009628295474
SHW,0.07990653391873619,8.964328468420589e-33,0.43203549142142816,0.46243281163609007,0.06278296420571437,0.12883268279066964,-0.07990653391873619,0.030397320214661905,0.06604971858495527
SJM,0.01346737411340705,4.2860695489635937e-32,0.4546033744284403,0.47650155417623064,0.0160135408854199,0.2928245761804708,-0.01346737411340705,0.021898179747790347,0.2768110352950509
SLB,0.05250524512309956,2.752328975069759e-32,0.4420167493129992,0.47186603228874974,0.017054656471444996,0.32401425601911965,-0.05250524512309956,0.029849282975750513,0.30695959954767466
SNA,0.33448276755460515,4.881356986319649e-32,0.4688508776520023,0.4965327316401212,0.2210607729220545,0.43061273923084536,-0.33448276755460515,0.0276818539881189,0.20955196630879086
SNPS,0.04690708480323387,4.7622994988484376e-33,0.40551903901392616,0.44117726016450276,0.08922586018464297,0.15327166655143068,-0.04690708480323387,0.0356582211505766,0.06404580636678771
SO,0.14117736227430183,1.771855548836257e-32,0.4584758598032984,0.48854872919827136,0.055976477032998885,0.27668703973903525,-0.14117736227430183,0.030072869394972945,0.22071056270603637
SPG,0.14705138680633845,4.82532993339202e-32,0.4421388803867269,0.47611196637877373,0.07932049636427294,0.539403359072891,-0.14705138680633845,0.03397308599204685,0.4600828627086181
SPGI,0.018612449730008914,1.568757481973603e-32,0.43682947712443315,0.4623591871736346,0.020549999515190955,0.028980865598955737,-0.018612449730008914,0.02552971004920146,0.008430866083764782
SRE,0.06777055969356936,2.241082117105147e-32,0.41251991060022775,0.44954274494506485,0.08882516165686263,0.09589050223015438,-0.06777055969356936,0.03702283434483711,0.007065340573291751
STE,0.07816112729539701,6.912337654946189e-32,0.5726156238830221,0.5879773005038099,0.16563590746428644,0.2249966552560325,-0.07816112729539701,0.0153616766207878,0.05936074779174605
STLD,0.13715418476535954,3.648761821911818e-32,0.45595696824033244,0.4795463282007712,0.1177328177224144,0.22265880567905602,-0.13715418476535954,0.02358935996043876,0.10492598795664163
STT,0.1506803629402777,7.87180093633183e-32,0.49422104732807326,0.5281435465360417,0.026398657876704444,0.21443697455119715,-0.1506803629402777,0.033922499207968415,0.1880383166744927
STX,0.19055318161127,1.7368386407564892e-32,0.4293727425900172,0.4659514609072676,0.07866031914664816,0.2774072457819965,-0.19055318161127,0.0365787183172504,0.19874692663534832
STZ,0.28179320458059787,6.422100941829437e-32,0.5648012534085057,0.5838130117188699,0.15133438700266935,0.32361471327620767,-0.28179320458059787,0.01901175831036417,0.17228032627353831
SWK,0.09352953857925671,5.154488869341838e-32,0.4766417500234134,0.5079060447988608,0.025465679749247284,0.3220375601346863,-0.09352953857925671,0.0312642947754474,0.296571880385439
SWKS,0.15341718684750788,1.48471690258216e-32,0.4208747811294226,0.44468351973013065,0.08558290380108588,0.16877358026317865,-0.15341718684750788,0.023808738600708035,0.08319067646209277
SYF,0.23457876281704293,4.5451946687538766e-32,0.444956189222117,0.4730640557271117,0.3696014011973036,0.5668295574783123,-0.23457876281704293,0.028107866504994694,0.1972281562810087
SYK,0.21462963803179777,2.0730009583222612e-32,0.4612554510838334,0.5000843098437883,0.38795048572250734,0.35642834149935926,-0.21462963803179777,0.03882885875995484,-0.031522144223148085
SYY,0.058149281203926255,5.8828405574010116e-33,0.41600580642459145,0.444491032786139,0.04987155724151382,0.18527692269806478,-0.058149281203926255,0.028485226361547544,0.13540536545655096
T,0.06156956440364962,6.86375169498551e-32,0.5090895029665443,0.5339389184265745,0.2261079617919932,0.5033304245728616,-0.06156956440364962,0.024849415460030166,0.2772224627808684
TAP,0.07315167351316533,1.0084869526973163e-32,0.42171511745465834,0.45172668791587584,0.06410299035102589,0.19292127447737428,-0.07315167351316533,0.030011570461217496,0.12881828412634838
TDG,0.03262323422767292,9.113150327759602e-32,0.5538869490744792,0.5632044146374136,0.07716360071246686,0.30604760550721655,-0.03262323422767292,0.009317465562934335,0.22888400479474968
TDY,0.1585643190824982,4.944387420863231e-32,0.48433796868937473,0.5098910948658443,0.06962813876740265,0.17410119987098693,-0.1585643190824982,0.025553126176469543,0.10447306110358429
TECH,0.23703806363739235,4.482164234210294e-32,0.4556095475215302,0.48040952955216487,0.26940154698432217,0.47766463722395697,-0.23703806363739235,0.02479998203063466,0.2082630902396348
TEL,0.13378402045017504,2.0169739053946326e-32,0.42590980441993886,0.4566215055676356,0.060877331340396815,0.24505818090000042,-0.13378402045017504,0.030711701147696724,0.18418084955960362
TER,0.15224202623747016,1.820879220147932e-32,0.4201870904818352,0.45437388686767133,0.19336970939969042,0.21853393984530645,-0.15224202623747016,0.034186796385836105,0.025164230445616026
TFC,0.4855042733201428,3.636505904083899e-32,0.46242223305796337,0.4867339670410439,0.3249673977941389,0.48392875275256003,-0.4855042733201428,0.024311733983080508,0.15896135495842112
TFX,0.172475441430482,3.004450713244088e-32,0.4432442824176931,0.47414642060884243,0.17695384504685518,0.2069715919371867,-0.172475441430482,0.030902138191149342,0.030017746890331515
TGT,0.08348612520997532,3.949907231397822e-32,0.4881433928561029,0.5178950851025325,0.13824143501481434,0.2630593919502392,-0.08348612520997532,0.02975169224642954,0.12481795693542486
TJX,0.14670679723744087,2.241082117105147e-32,0.5021113422650926,0.5193137883924166,0.20911978187175653,0.2114151752364681,-0.14670679723744087,0.017202446127324023,0.002295393364711573
TMO,0.005611236009362819,1.2606086908716453e-32,0.41602894942583507,0.441737305053714,0.014507784380204876,0.01499534591212524,-0.005611236009362819,0.02570835562787893,0.0004875615319203646
TMUS,0.15004844855474134,7.115435721808842e-32,0.5203106505677491,0.5483535969973192,0.22632376917715788,0.5000198981582238,-0.15004844855474134,0.02804294642957017,0.2736961289810659
TPR,0.02501050887473294,1.400676323190717e-32,0.44005424212353317,0.4657812718048218,0.07646927407752838,0.17648907739813613,-0.02501050887473294,0.02572702968128865,0.10001980332060775
TRGP,0.11237563026257011,4.5802115768336444e-32,0.4590656202845772,0.49200969115484405,0.11914888909524243,0.2792947696934987,-0.11237563026257011,0.03294407087026685,0.16014588059825627
TRMB,0.049965253065669686,3.137514963947206e-32,0.4502814730074553,0.4743519575388184,0.08303909324113226,0.21602357231138136,-0.049965253065669686,0.024070484531363123,0.1329844790702491
TROW,0.046924582040334645,1.2886222173354596e-32,0.42493221554564203,0.4545697984003642,0.0439427794166455,0.22559081784101512,-0.046924582040334645,0.029637582854722178,0.1816480384243696
TRV,0.05039650999061512,1.0084869526973163e-32,0.41313975130853464,0.45084497905088994,0.058798594326365944,0.2632031175734941,-0.05039650999061512,0.037705227742355296,0.20440452324712818
TSCO,0.09077943297401883,3.249569069802463e-32,0.463534267231405,0.4975902427321697,0.1719041441607837,0.4602576367645947,-0.09077943297401883,0.03405597550076467,0.288353492603811
TSLA,0.09916516545840749,6.870317365250467e-32,0.5162984801145122,0.5521817317191043,0.1660299037906724,0.44028732437130347,-0.09916516545840749,0.03588325160459216,0.2742574205806311
TSN,0.07297203469517276,3.424653610201303e-32,0.4811228441484773,0.5184479922822096,0.28469754798562624,0.9064454152757953,-0.07297203469517276,0.03732514813373233,0.6217478672901691
TT,0.043919867314396926,5.49065118690761e-32,0.4866906496105037,0.508177298890419,0.10181705387576984,0.18358950027388063,-0.043919867314396926,0.021486649279915282,0.08177244639811079
TTWO,0.09981267290561448,3.844856507158518e-32,0.48793688409669195,0.5167625954718535,0.24154459531512495,0.3664354544432454,-0.09981267290561448,0.0288257113751616,0.12489085912812042
TXN,0.049342980849622624,4.061961337253079e-32,0.5452110402343675,0.5540450269622879,0.06604143595455879,0.06375178672346447,-0.049342980849622624,0.008833986727920351,-0.002289649231094315
TXT,0.04470539905741927,1.820879220147932e-32,0.42827228424024016,0.4609807779780292,0.01764340332633751,0.08000761126471037,-0.04470539905741927,0.03270849373778906,0.062364207938372856
TYL,0.10035325450616489,2.2130685906413328e-32,0.4178444132169578,0.4520242134044205,0.10922801430352598,0.16247571723516369,-0.10035325450616489,0.034179800187462694,0.053247702931637705
UAL,0.18759188256131443,5.014421237022767e-32,0.45964740647156904,0.487705590071882,0.23229612745187248,0.16127385088337515,-0.18759188256131443,0.02805818360031298,-0.07102227656849733
UDR,0.2467882612818272,4.657248774609134e-32,0.45184280918658537,0.4754341168496744,0.3846751975329896,0.3310204335164382,-0.2467882612818272,0.023591307663089034,-0.05365476401655145
UHS,0.26034680119608467,5.527418940391367e-32,0.5125081547926853,0.5358092777122831,0.3439487024511854,0.3857170014584522,-0.26034680119608467,0.02330112291959785,0.04176829900726681
ULTA,0.21798031728192077,3.0324642397079025e-32,0.44505622619948776,0.4778201011360277,0.1872607439618287,0.30572599546499507,-0.21798031728192077,0.03276387493653993,0.11846525150316636
UNH,0.08070876883804506,1.988960378930818e-32,0.44125124464645904,0.4717210739900484,0.0712562438097794,0.21334140422036807,-0.08070876883804506,0.030469829343589383,0.14208516041058866
UNP,0.2950886015893303,3.389636702121535e-32,0.44911038091144956,0.4722386585901034,0.19350957128247728,0.31321088444501927,-0.2950886015893303,0.02312827767865383,0.11970131316254198
UPS,0.10570592543921918,5.721762780234078e-32,0.5122990492243075,0.5438107382506219,0.7880685844761469,1.3025770741818528,-0.10570592543921918,0.031511689026314404,0.5145084897057058
URI,0.05445875168605174,1.4567033761183457e-32,0.41936613096706427,0.44384249782282525,0.016545174647137853,0.09886658101023077,-0.05445875168605174,0.02447636685576099,0.08232140636309292
USB,0.19538516585119625,1.652798061365046e-32,0.4418865280701954,0.4748650189533808,0.10763395356743623,0.1978743468802027,-0.19538516585119625,0.032978490883185385,0.09024039331276647
V,0.10978530242838623,3.053474384555763e-32,0.46318531674241303,0.5018036950721275,0.31065782545959014,0.6440970291964934,-0.10978530242838623,0.03861837832971449,0.3334392037369032
VICI,0.1391102363164323,3.1935420168748346e-32,0.4647393806576242,0.4903850588420845,0.25459394685437503,0.30518082565181975,-0.1391102363164323,0.025645678184460285,0.05058687879744472
VLO,0.04095291744915824,2.5002072368954297e-32,0.45989823053180257,0.485715971135494,0.14902905640575817,0.17218332964864907,-0.04095291744915824,0.025817740603691408,0.023154273242890905
VMC,0.4514193106028387,6.807286930706884e-32,0.5304615826179496,0.5484987976123115,0.28355857091109815,0.6658077858882898,-0.4514193106028387,0.01803721499436184,0.38224921497719166
VRSK,0.03129548485117703,5.8828405574010116e-33,0.4283924971052465,0.45538970717085453,0.020430832739740824,0.04451153445369037,-0.03129548485117703,0.026997210065608013,0.024080701713949545
VRSN,0.09706028692607688,2.2971091700327757e-32,0.44086216099273634,0.47494737939406273,0.07458408194245335,0.23700866961544287,-0.09706028692607688,0.03408521840132639,0.1624245876729895
VRTX,0.176328607922423,2.2130685906413328e-32,0.4960497315762151,0.5212591761207126,0.11678052630094699,0.2579469225834187,-0.176328607922423,0.025209444544497472,0.14116639628247174
VTR,0.028177874505206025,3.697785493223493e-32,0.4395150926552189,0.46443098274085215,0.032624460815088775,0.12523743440554339,-0.028177874505206025,0.024915890085633274,0.09261297359045462
VTRS,0.03888062164990831,3.6137449138320496e-32,0.4677133704666219,0.5098030593145025,0.03634519196424014,0.053325407213076124,-0.03888062164990831,0.04208968884788061,0.016980215248835986
VZ,0.04240125433345492,5.658732345690497e-32,0.4645036330388137,0.5019005712891043,0.04420180706835503,0.3263012772649806,-0.04240125433345492,0.03739693825029056,0.28209947019662557
WAB,0.03277205461517902,2.2690956435689614e-32,0.44144261336213697,0.47424967827571096,0.052255138856830266,0.09986895708112162,-0.03277205461517902,0.03280706491357399,0.04761381822429135
WAT,0.08451686746737178,4.8463400782398806e-32,0.4342168187960051,0.46751305360917644,0.11802946511243824,0.3516341954327188,-0.08451686746737178,0.033296234813171344,0.23360473032028056
WBA,0.023741917663321867,1.48471690258216e-32,0.4383766967246767,0.4777487866010458,0.04274387624827453,0.0879660526675945,-0.023741917663321867,0.03937208987636909,0.045222176419319964
WBD,0.14283764413781655,4.2580560224997797e-32,0.4734217813391676,0.5080036075528415,0.28765676790073674,0.3192151381569364,-0.14283764413781655,0.03458182621367384,0.031558370256199675
WDC,0.11910470020337449,2.044987431858447e-32,0.43337166500920576,0.47087129989495247,0.06271439324551917,0.13259108658585064,-0.11910470020337449,0.0374996348857467,0.06987669334033147
WEC,0.116513949812515,2.801352646381434e-32,0.42919507342903823,0.45848710173795587,0.2923163902593313,0.4171944787402186,-0.116513949812515,0.02929202830891764,0.12487808848088727
WELL,0.11933559126242575,1.7928656936841178e-32,0.4456373098447338,0.46963664029547364,0.11749381360874227,0.2541247491660196,-0.11933559126242575,0.02399933045073982,0.13663093555727734
WFC,0.1810503806088648,2.2760990251849152e-32,0.48143907970580674,0.5014796743562864,0.28117330740183183,0.45221361743249466,-0.1810503806088648,0.020040594650479637,0.17104031003066283
WM,0.043340898267271645,7.283516880591728e-32,0.49712450547978715,0.5279706820967139,0.009045354100445772,0.17340083745314752,-0.043340898267271645,0.03084617661692679,0.16435548335270175
WMB,0.1341386652365024,5.777789833161708e-32,0.4721991479719439,0.5084216140973401,0.1230677546445793,0.3992396673107704,-0.1341386652365024,0.0362224661253962,0.27617191266619107
WMT,0.027475169797738484,7.056344689424234e-32,0.5020389652557217,0.519849213040604,0.2267945398791621,0.6394839973708292,-0.027475169797738484,0.017810247784882383,0.4126894574916671
WRB,0.10528174999961193,4.033947810789265e-32,0.45690505949756,0.4790974926655105,0.04801334099524521,0.15885232530627139,-0.10528174999961193,0.022192433167950498,0.11083898431102618
WST,0.17341152944997032,5.714759398618126e-32,0.48490039896041964,0.519049752564244,0.154997289112551,0.23275616184696324,-0.17341152944997032,0.03414935360382437,0.07775887273441223
WTW,0.09681636198107565,2.745325593453805e-32,0.4560258612970274,0.4977290932737926,0.10234112295171816,0.14871299896392776,-0.09681636198107565,0.04170323197676523,0.0463718760122096
WY,0.10271345479850978,5.042434763486581e-32,0.45993389302648435,0.4972732995538248,0.17849836932767207,0.17039012183819718,-0.10271345479850978,0.03733940652734047,-0.00810824748947489
WYNN,0.020177575869896054,8.684193203782446e-33,0.4151110864341923,0.4503239278157825,0.03824554715889543,0.04370836196892417,-0.020177575869896054,0.0352128413815902,0.005462814810028742
XEL,0.09244987808806125,1.7928656936841178e-32,0.44053922057505324,0.4707833069582365,0.07124226102080346,0.11060787648189278,-0.09244987808806125,0.030244086383183266,0.039365615461089326
XOM,0.2067462435043651,5.525668094987379e-32,0.5025251056485776,0.5234932422803192,0.44865912929308965,0.7922900890015839,-0.2067462435043651,0.020968136631741685,0.3436309597084943
XYL,0.07865176970224629,2.1290280112498898e-32,0.43414970960380106,0.4623089063940834,0.08177158308730308,0.09186490699207393,-0.07865176970224629,0.028159196790282337,0.010093323904770857
YUM,0.05975320761565727,2.2690956435689614e-32,0.458691278017953,0.4922024803553186,0.09458020259449412,0.15622813660348386,-0.05975320761565727,0.0335112023373656,0.06164793400898974
ZBH,0.09130741880544378,1.9329333260031894e-32,0.4102460362197375,0.44608276127858254,0.10440301504947574,0.13267368018628714,-0.09130741880544378,0.035836725058845054,0.028270665136811396
ZBRA,0.2893631838171695,1.092702616629158e-31,0.5051663413853316,0.5366116497718888,0.2991013523669227,0.45973698622641074,-0.2893631838171695,0.031445308386557236,0.16063563385948804
ZTS,0.08768219360509827,2.801352646381434e-32,0.4130747950047258,0.43936138949117853,0.14364146726816515,0.14965602810676962,-0.08768219360509827,0.026286594486452708,0.006014560838604466
