ticker,forecast_2023,forecast_2024,forecast_2025,forecast_2026,forecast_2027,forecast_2028,forecast_2029,forecast_2030,forecast_2031,forecast_2032,forecast_2033,forecast_average
MMM,0.036666666666666736,0.031003898918364414,0.020161341016238937,0.015499448233682952,0.004993360507734986,-0.006900713585166825,-0.01182630906768837,-0.026635809954995,-0.04145786387739773,-0.08077763886147116,-0.12551556368127378,-0.016799016698664085
ABT,0.18000000000000002,0.15322128851540606,0.1289974847287101,0.11530880490475955,0.10108488024096156,0.09363434952721716,0.0833716784720661,0.0767547698021102,0.07113278624906531,0.06802982811269831,0.06315055740343094,0.10315331163240228
ABBV,,,,,,,,,,,,
ACN,0.04333333333333337,0.04373897707231037,0.03800352076214142,0.03587319243604011,0.03397612488521581,0.03825396825396828,0.03064428064428067,0.029259467215671558,0.03237718996908271,0.02667551945008591,0.025626211196572008,0.03434198047442747
ADBE,0.4133333333333334,0.28391158619440166,0.21423318452637444,0.1778680256941126,0.1493950039032006,0.13040123456790123,0.11333621226740813,0.10267573385630246,0.09355807331265036,0.08500775154868208,0.07796375388243071,0.16742580846243615
AMD,0.23666666666666666,0.10441083607481379,0.0049847292230525975,-0.16761325168404806,-0.2131638336694517,0.09370926984971402,0.08294824084297774,0.07305278820028456,0.06583470169677064,0.05921646004560414,0.055024913978955224,0.03591559283866724
AES,-0.08333333333333333,-0.11796422677193452,-0.17493815708101426,-0.33532049515410406,-0.009844993715961481,-0.012784398699891675,-0.016063348416289536,-0.01981379804249228,-0.02422233554309028,-0.029566178502348623,-0.028150406504065046,-0.07745469743313865
AFL,,,,,,,,,,,,
A,-0.03999999999999996,-0.1685940637757917,-0.2571668264621285,0.0629261640366258,0.0582165743456066,0.0501897205933081,0.047072879330943763,0.04482165206508141,0.04166380356856555,0.037916615921730935,0.03666339477223982,-0.007844553236710738
APD,0.20000000000000004,0.15801905634869318,0.13646668120445593,0.11542925413893153,0.1046891882453956,0.0917282978801303,0.08608528255327386,0.07641710659627791,0.07263412709107346,0.06564128736409362,0.06359696343788597,0.10642793135092832
ABNB,,,,,,,,,,,,
AKAM,0.09333333333333349,-0.11938929450777802,0.14599667379425033,0.11282237852696257,0.0933528712198437,0.07790781536847624,0.07089671157467763,0.06292662116040959,0.05698158051099226,0.05212433141588457,0.04834693995715367,0.06320908748674599
ALB,-0.1633333333333333,-0.29378815628815635,0.02866666666666669,0.0316301703163017,0.02666666666666669,0.02674897119341561,0.02285714285714291,0.023172905525846648,0.016632996632996666,0.020440251572327057,0.01777777777777782,-0.02204799458294071
ARE,,,,,,,,,,,,
ALGN,,,,,,,,,,,,
ALLE,,,,,,,,,,,,
LNT,,,,,,,,,,,,
ALL,0.026666666666666727,0.025391784566096438,0.0073517003215712124,0.005770833333333354,-0.003387649863300831,-0.014020631726869145,-0.03718326069319452,-0.04874077704266385,-0.08027768638547077,-0.14320313105479357,-0.29739840131480644,-0.05082095938122103
GOOG,,,,,,,,,,,,
GOOGL,0.19000000000000003,0.15734362072278518,0.13492023139674156,0.11768003877482247,0.1052314387673412,0.09424901730449542,0.08648874634827079,0.07754488768687547,0.07474633499085821,0.06840798714861689,0.0633885417147056,0.10636371316868298
MO,0.07999999999999996,0.058594024111265575,0.04895044336636115,0.030253848589786785,0.01958477850797132,-0.001996232591287487,-0.01111819673664427,-0.03360285167796898,-0.06194055446803518,-0.12356744049368214,-0.2878897477341953,-0.025702902647857146
AMZN,-0.10633333333333335,0.16513212066771463,0.13078703703703706,0.10860247713543243,0.09122465288182997,0.08256246677299317,0.07241800345248632,0.06523452221879593,0.05936034115138596,0.05446482080786293,0.050320650726330296,0.07034306904713956
AMCR,,,,,,,,,,,,
AEP,0.10333333333333335,0.09171250088681286,0.08030159893616491,0.07843932748538007,0.06967686840422194,0.061957952886624534,0.06258072617680825,0.05506844928170981,0.052925979012935574,0.05052966663987365,0.0479460646134641,0.06858840615066629
AEE,0.18000000000000002,0.13055087409547506,0.1119522971775948,0.0930514385353094,0.08023790374875757,0.07593863276097146,0.06811717036541398,0.06094643561024219,0.059028399023463095,0.05244221665274303,0.049412326426968724,0.0874252449451763
AAL,,,,,,,,,,,,
AXP,0.09333333333333334,0.0801491290972474,0.05981693724154513,0.05644557221969737,0.05300521344841861,0.04351594457595379,0.041146416372456196,0.03461020872507895,0.028843461806570936,0.03205095670710045,0.023825483471961933,0.049703877909033106
AIG,0.040000000000000036,0.03501925685610482,0.039933586662558605,0.029363832389335338,0.034072276985444905,0.03280931700324685,0.028911241141039417,0.03354671600370033,0.029591077003656558,0.026146247972873276,0.02784701879514569,0.03247641552846417
AMT,,,,,,,,,,,,
AWK,0.08666666666666674,0.07218526557479166,0.07182039472932367,0.06371669625622389,0.05898468815135479,0.054553900206074056,0.04990039200565518,0.05101495726495727,0.04661521290335354,0.04393880236576867,0.04365498154199562,0.058459268878742275
AMP,,,,,,,,,,,,
AME,,,,,,,,,,,,
AMGN,0.24999999999999992,0.19264274966341977,0.16360722610722603,0.13784193174730475,0.12053156242734242,0.10559231568455656,0.09771352525624888,0.08791106285804078,0.07947340435384727,0.07466388133535633,0.06941293506289514,0.12539914495420343
APH,0.20333333333333337,0.1650449884913161,0.13798810122339536,0.11962024652504592,0.10180480065951558,0.095119448554616,0.0857192772578872,0.07909844268415663,0.07104602142892887,0.06795308154003814,0.06285671066507903,0.10814404112393748
ADI,-0.20333333333333328,-0.28602198314819677,0.03940043920126657,0.03969013442697652,0.031920077972709494,0.03520553520553523,0.030486685032139544,0.03158602150537634,0.027420343137254905,0.0286966355668646,0.02495126705653024,-0.018181652488806963
ANSS,,,,,,,,,,,,
AON,0.22999999999999998,0.18293283590662623,0.15647626801307188,0.13486433802223266,0.1167869483116819,0.10607849092105097,0.09596869848366534,0.08709624106168075,0.0793040007118666,0.07412791702679344,0.06836314270524795,0.12109080737853796
APA,,,,,,,,,,,,
AAPL,0.5266666666666667,0.3393986965415537,0.2542786889632949,0.20243381621411757,0.1682205766950143,0.14286730793052685,0.12589381126170926,0.11179402955718738,0.10002061025078923,0.090701346224434,0.08378048915813241,0.1950960035875842
AMAT,0.6566666666666666,0.3728745328776815,0.262514431064242,0.20977577997054886,0.16945816881892775,0.14672967008949955,0.12577897793781911,0.11250319146494332,0.1009860807224819,0.09172437300532343,0.0841859999061964,0.21210889750221187
APTV,0.5533333333333333,0.23977960698837886,0.16364965443912802,0.12515483062228405,0.10640230981140071,0.08945610593041715,0.08176340335906944,0.07105150695163658,0.06519557618366363,0.06015670572570183,0.05594916779127298,0.14653565464875332
ACGL,,,,,,,,,,,,
ADM,0.7199999999999999,0.3673099024950877,0.2614163614163614,0.20374044679600237,0.16604548954134887,0.1430049014494091,0.12511441599641562,0.11051750098769626,0.09906010040826348,0.08961923229791828,0.08273535991283214,0.21532397375466683
ANET,,,,,,,,,,,,
AJG,0.24333333333333326,0.18613201886541356,0.1582071588076873,0.13131950819775243,0.11645316605871862,0.10460015389294035,0.09351043968135701,0.0857816951566952,0.07830529898672929,0.07175053416544985,0.0675112227465408,0.12153677544478342
AIZ,,,,,,,,,,,,
T,-0.12999999999999992,-0.2723208824814331,0.0578990901571547,0.05077030812324934,0.04943310657596367,0.043675751222921035,0.043128654970760204,0.040491463869938515,0.03815987933635001,0.034221250640973665,0.03278555091609081,-0.0010687115152755537
ATO,,,,,,,,,,,,
ADSK,0.0833333333333333,0.05653035152206953,0.040169535183233705,0.02203948954310871,0.0009444313045305908,-0.019237699677134696,-0.05430353959765721,-0.12137621860101055,-0.2816534630626714,0.04374605501598353,0.04247697949449029,-0.017030067776520386
ADP,0.22666666666666666,0.17789649528116938,0.15507000217193423,0.13169340463458115,0.11477957780816268,0.10401779459156502,0.0957688052728473,0.08447796582454419,0.0804917452354686,0.07312961828481528,0.06831570957108846,0.11930070775844026
AZO,0.3966666666666667,0.27078966492693746,0.21177502839992388,0.169707140225387,0.14750002467328663,0.12664426121046798,0.1135294656746344,0.10056067994028554,0.09241522417484438,0.08346769564718286,0.07797429951938573,0.16282092282354568
AVB,0.2533333333333334,0.17744505415987874,0.13662267479511395,0.11536677792325138,0.09634672482737432,0.0903164881912865,0.07919549478022114,0.0723587730807671,0.06673520005595808,0.06454955167903687,0.05785052027826598,0.11001096300949886
AVY,0.11666666666666663,0.10066738559830708,0.08313851463190987,0.070160055610944,0.06942795222615188,0.056813283863816344,0.054738389579012336,0.046239931932266755,0.04205936438778468,0.04111434180769905,0.035406545971492585,0.06513022111600465
AXON,,,,,,,,,,,,
BKR,0.04333333333333337,0.03406216011727429,0.031858949541876326,0.026970939034747638,0.020239009582327567,0.022923293303040066,0.014761115713891196,0.011325919776624152,0.006825803021397829,0.0026535161664980413,-0.0033602969004338235,0.019235794790052427
BALL,0.23666666666666666,0.18383939795686324,0.1494286963036963,0.13043052965096433,0.11226529094627254,0.10221731368497415,0.09138698356930137,0.0827912179404638,0.07772196881348759,0.07198158743613292,0.06704766932184573,0.11870702929915171
BAC,-0.09666666666666664,-0.1212638613497834,-0.15164716621027305,-0.21821843165126745,-0.39085354896675656,-0.07839506172839505,-0.10172692930383158,-0.1564172868520695,-0.2996031746031746,-0.29707602339181294,0.005797101449275403,-0.17327918629770503
BK,0.12666666666666662,0.09760088685084715,0.0878082652518742,0.07339895073341596,0.061047064728046295,0.05891664841744282,0.04740296114503306,0.04743301202664544,0.04294606872402266,0.03378378865662975,0.03562961457698303,0.064784902525237
BBWI,0.04999999999999993,-0.09144237405106963,-0.2186295131899366,0.09536555922951766,0.08481338481338481,0.07188735177865609,0.0656257422266282,0.0595452132668961,0.05372491285803993,0.05036222477716371,0.04674795118653489,0.0243636775359832
BAX,-0.026666666666666655,-0.03593753901424864,-0.05607588902259486,-0.08284293120358695,-0.13576937306127082,-0.28911956502515207,-0.28084994200147634,0.01838118022328546,0.022777494475607618,0.016921908395598262,0.021173623714458484,-0.07527342719873148
BDX,0.09333333333333334,0.07854397323423878,0.07479908326967151,0.07186064250616438,0.06207840227901151,0.06254824981324088,0.053944471206025524,0.05365542932514241,0.05246855870487899,0.047947013587475405,0.04363695710454666,0.06316510130579357
BBY,0.2333333333333334,0.16422530416241102,0.12915523532533948,0.11102582871979294,0.09639182626798726,0.08496220839734003,0.0752963336194002,0.07117233012247286,0.06350754508649244,0.05852652811887501,0.05737258090308391,0.10408809582332079
BIO,,,,,,,,,,,,
TECH,,,,,,,,,,,,
BIIB,,,,,,,,,,,,
BLK,0.2733333333333334,0.21462844488188973,0.17671307086818522,0.14832235550467585,0.13234196273817492,0.11406135973091251,0.10366808102177057,0.09504887872784569,0.08365749499313331,0.07915554185226248,0.07330899957974453,0.13583995665744802
BX,,,,,,,,,,,,
BA,0.09333333333333342,0.05516331479104253,0.0061929390054390465,-0.03332493309812664,-0.121857538620463,-0.26222967513337453,0.05996059626036199,0.05755185509786739,0.051934385639121006,0.04811381074168793,0.04421201104555298,-8.635463068707809e-05
BKNG,-0.293,0.010381488430268834,-0.030195891065456244,-0.07355835282759648,-0.15035725380552964,-0.28955026455026456,0.03533568904593635,0.03301384451544198,0.029069767441860517,0.027629233511586415,0.02469135802469132,-0.06150367102536921
BWA,0.07333333333333329,0.033652026639404,0.008112736561012412,-0.01783056420906885,-0.025319549611247234,-0.05388965598332022,-0.06992034705924188,-0.1010718683958464,-0.14321445541418074,-0.25183295540438394,-0.3608287467577655,-0.08261909511830047
BXP,0.1366666666666667,0.07512959793635439,0.0410452437648828,0.016540081118086247,-0.003654970760233948,-0.026755339572414123,-0.047412155745489036,-0.1037449392712551,-0.20773926927773081,-0.29138939609116116,0.027914614121510677,-0.03485453337370758
BSX,,,,,,,,,,,,
BMY,0.07000000000000006,0.06030576030576026,0.05806584929053593,0.05082473625925273,0.04961755233494373,0.0439261842487649,0.043319775918962446,0.03867970274140986,0.03844294003868468,0.03455449289458046,0.03455433455433458,0.04748102987156633
AVGO,0.06000000000000002,-0.14498544345872597,0.14751552795031056,0.11874999999999998,0.10210210210210224,0.08750988142292486,0.07698236200830721,0.07002822975330887,0.0633518244217904,0.05695397176038967,0.05327571129770189,0.06286219702346453
BR,,,,,,,,,,,,
BRO,,,,,,,,,,,,
BG,0.3033333333333334,0.21888313433425957,0.1787558471538789,0.1462136604399158,0.12304160106865125,0.11056410427448515,0.09866085830627114,0.09119896785221211,0.0804908425047511,0.07490375518418928,0.06941419325267277,0.13595093615496548
CDNS,0.05333333333333331,-0.12578557874762794,0.15706327429949285,0.12528301429903252,0.1077383864129829,0.09179499901405135,0.07959326098922699,0.07271386517457719,0.06493187598159977,0.05892695895794109,0.054348409249423156,0.06726743626945757
CZR,,,,,,,,,,,,
CPT,,,,,,,,,,,,
CPB,0.013333333333333345,0.011015076307172503,0.008421050004741507,0.006872100122100155,0.00517771701982217,0.0036017243776944228,0.002117740380694566,-0.0007963244049183175,-0.0007973414124333722,-0.006684488036624063,-0.0036286177590525437,0.0035119972665936714
COF,-0.24999999999999997,-0.34265515515515516,-0.011891062523973909,-0.02305665349143608,-0.036325296411235795,-0.04765795206971676,-0.07399634054461306,-0.10429970200085144,-0.17615089514066504,-0.3114774114774114,0.01788617886178871,-0.12360220817757
CAH,0.026666666666666655,0.00533278946153537,-0.011121996196623055,-0.04134398836385592,-0.07467442164850624,-0.1561820652173913,-0.286770034539084,0.03798429146590979,0.038002364066193874,0.03359788359788363,0.03272974377423347,-0.035979887903003424
KMX,,,,,,,,,,,,
CCL,-0.0833333333333333,-0.253013349599385,-0.31908295281582955,-0.021948549534756445,-0.04638292668011986,-0.08949271310894935,-0.19508196721311463,-0.2944444444444444,0.030303030303030276,0.027777777777777752,0.026395173453996962,-0.11075493229046614
CARR,,,,,,,,,,,,
CTLT,,,,,,,,,,,,
CAT,0.23666666666666672,0.1812052593394732,0.15487131470277538,0.1297975711666921,0.11185506701874821,0.10252920555704244,0.0913939618676803,0.08335306477721345,0.07728226972182806,0.07098093012016071,0.06611177221469733,0.11873155301390709
CBOE,,,,,,,,,,,,
CBRE,0.32666666666666666,0.2228086136472205,0.17494888553712085,0.14691666666666672,0.12064784463659646,0.11060082763255903,0.0951110245422672,0.08867906576801454,0.07956877321036086,0.07416215664798242,0.06743190526310013,0.13704931183805047
CDW,,,,,,,,,,,,
CE,0.026666666666666655,-0.0733494961803638,-0.22861503575789296,0.09150326797385626,0.07695205542385652,0.07212276970341487,0.06224667749112989,0.05951949776650981,0.053482397232397304,0.04945228622813236,0.04609232319415576,0.021461219067442066
COR,,,,,,,,,,,,
CNC,,,,,,,,,,,,
CNP,0.030000000000000027,0.025643396517182948,0.02793664430320253,0.023817118553960626,0.026164197466081267,0.02547236575178798,0.021387822389969797,0.024058826478181212,0.023242005135387506,0.021998448017613192,0.01968448158678197,0.024491391472740823
CDAY,,,,,,,,,,,,
CF,0.33000000000000007,0.23480466901519526,0.18368780285461095,0.15003383852826233,0.12948136270024677,0.1146634474493388,0.10087222684006487,0.09033614521883389,0.08334423251514618,0.07632241198837926,0.07015916068919137,0.1421550270726609
CHRW,,,,,,,,,,,,
SCHW,,,,,,,,,,,,
CHTR,,,,,,,,,,,,
CRL,,,,,,,,,,,,
CVX,0.28,0.20610227247350052,0.15781741396522872,0.13102958176952187,0.11241456712721083,0.10094733461785488,0.08787810904746385,0.08211784764538048,0.07356468093310202,0.0674766480200848,0.062020006137851746,0.12376076924883635
CMG,0.10666666666666669,0.0930976910538226,0.0854741400282198,0.07444742742911033,0.06481577826721156,0.06253987581638591,0.05990032940899984,0.05395375392520707,0.05058928558572181,0.04764638810440321,0.04655033184444949,0.06778924255729075
CB,0.16,0.14006433731873966,0.11550803727085664,0.10890294110287309,0.09095913720191177,0.08662791777975014,0.07548528714753629,0.07327397958773767,0.06467471768223643,0.06151358272769573,0.058768361240783884,0.09416166355092011
CHD,0.14666666666666664,0.12093282128346416,0.108079365079365,0.09596916634499546,0.08649327066866053,0.07681189632409136,0.07266042780748672,0.06731522693963998,0.06274343650581275,0.05723268979082937,0.05539909796517728,0.08639127867056266
CI,,,,,,,,,,,,
CINF,,,,,,,,,,,,
CTAS,0.04999999999999997,-0.0381505376344086,-0.22234076663606864,0.09248863940122964,0.0829038686181544,0.07223807582551967,0.06652507687883007,0.05926251097453913,0.05555041342712578,0.049183721755589715,0.04775340943097772,0.028674037458317165
CSCO,-0.17,-0.3348235959395344,-0.0008694489031568405,-0.006860371267150889,-0.007926661152467651,-0.011893384304980362,-0.010060807075732462,-0.018073667353008416,-0.016156462585034004,-0.026143790849673294,-0.024458420684835724,-0.057024237283234004
C,-0.03999999999999996,-0.05021079549381432,-0.05515271368929916,-0.06338055653124142,-0.0766354035308953,-0.09249188311688321,-0.11660936759311673,-0.13663095128449157,-0.1954022988505749,-0.2866666666666666,-0.5044677544677544,-0.14705894465679434
CFG,,,,,,,,,,,,
CLX,-0.11666666666666665,-0.2086538461538461,-0.39793524862763957,-0.1274619100706058,-0.2949489107383844,0.03300330033003296,0.03153153153153151,0.027434842249657088,0.026615969581749017,0.023474178403755912,0.02192982456140354,-0.08924335778172843
CME,,,,,,,,,,,,
CMS,0.1333333333333333,0.11173222912353357,0.10137110595826197,0.09076930832829196,0.07949151882975418,0.07378823073945025,0.06977802311143148,0.062309309348481,0.06063274858895292,0.05690854755109879,0.05363441251640011,0.08124988794808996
KO,0.08,0.07042304101127635,0.06359931570287543,0.058122661726780635,0.05562237706378618,0.04669446761189877,0.0466588966588967,0.045447381231694894,0.04146261749212643,0.0365032327586207,0.0387871387871388,0.05302919364046318
CTSH,0.09999999999999994,0.08919554022298892,0.07759315847551151,0.06988473737139311,0.05978949231046238,0.05423981271123276,0.05464759959141988,0.04553117632650557,0.04563207396779845,0.039187778831242324,0.03775310926097223,0.0612231344608661
CL,0.06666666666666672,0.060960543651160735,0.056078154131925,0.05472379908158994,0.048364730507587606,0.04570012001495264,0.042766019875744764,0.042637146424652585,0.03657009672903144,0.038538362969741925,0.03479681608713858,0.04798204146729018
CMCSA,0.11666666666666663,0.10706070201077107,0.09388249545729854,0.09047619047619053,0.07603014269680923,0.07686724453191518,0.06761897838518942,0.06295489957524929,0.061129096037122764,0.05757791448472216,0.052642985809443855,0.07844611964830715
CMA,0.17333333333333334,0.1431332076493367,0.12446296290127183,0.1121303258145363,0.09842473173311506,0.09115098596492073,0.08334349744657639,0.07554340952587675,0.06988177578786536,0.06489479243350511,0.062435969364050235,0.0998849992685807
CAG,0.18000000000000002,0.15455793863130754,0.1245426774483378,0.11201648619185778,0.10162615863657765,0.09247418039347492,0.08061153039299558,0.07612705500948051,0.07159428517702075,0.06734673595138714,0.06154018388432777,0.10203974833788794
COP,-0.013333333333333345,-0.07040474695841929,-0.18269394714407494,-0.27206877133706403,0.055396541443052984,0.05090261886600563,0.04482788900597116,0.043977866466153794,0.04115331093235586,0.03670746947317697,0.03658008658008657,-0.020814092364189875
ED,-0.15666666666666665,-0.32028262181564066,0.0112152969295826,0.013621794871794898,0.010041363571530479,0.012078900709219872,0.011341143743647364,0.010662525879917192,0.00408951778814796,0.00949971476052284,0.008950974715305926,-0.03504073231933074
STZ,0.0033333333333332993,-0.02015956757710317,-0.05262725583273727,-0.08592874421663259,-0.1470745749096265,-0.3048060202674342,-0.2986225895316804,0.002410901467505259,-0.008681975463982342,-0.016322183825606906,-0.014950166112956853,-0.08576625844881107
CEG,,,,,,,,,,,,
COO,,,,,,,,,,,,
CPRT,,,,,,,,,,,,
GLW,-0.13000000000000003,-0.30110410335974236,0.02429149797570851,0.02227390180878556,0.013606932476510384,0.007340485601355214,0.009814814814814795,0.001603867353392981,-0.00366300366300365,-0.0003218390804597589,-0.009640726869191337,-0.03325437935834816
CTVA,,,,,,,,,,,,
CSGP,,,,,,,,,,,,
COST,0.09666666666666664,0.06645178433207406,0.03043253043253058,0.005012776824026936,-0.03167703690628543,-0.09040508985273447,-0.2687973937755597,0.05698550724637682,0.053726937269372645,0.04745980855195886,0.046415361401540935,0.001115622926360707
CTRA,,,,,,,,,,,,
CCI,0.79,0.21463501918358274,0.1083528314642926,0.06653247734585936,0.040608982276713834,0.015196279190860529,0.002281143924923845,-0.024267355272639863,-0.051316369609550584,-0.07743105941811253,-0.1768380114950255,0.08252308523553678
CSX,-0.020000000000000056,-0.12161389435873889,-0.24891219891219893,0.07369844489519946,0.06438840155945418,0.06048632218844988,0.05544200306591729,0.04968786295005819,0.04762353828743867,0.04315561762370268,0.04173913043478265,0.004154111612187737
CMI,0.39000000000000007,0.2513058465501632,0.19263141701828412,0.1523396741704807,0.13163446246269062,0.11472798209696926,0.10189052362584124,0.09286628073839316,0.08347569190764433,0.07668557264264964,0.06928069537545493,0.15062164968987013
CVS,0.050000000000000044,0.03561947311947311,0.04154495827644474,0.03269728061394728,0.032075622847071994,0.02809709793535775,0.031064734394013877,0.020931819561653797,0.027504681647940066,0.02176173499702912,0.020818359123625136,0.03110143295605063
DHI,,,,,,,,,,,,
DHR,0.35666666666666663,0.2411492012873889,0.18415816665716944,0.14869148239338945,0.12707430588990531,0.11153657215553392,0.09778021421251977,0.090286421190646,0.07990193060482957,0.07281861390555577,0.06787903271790818,0.14344932797104662
DRI,,,,,,,,,,,,
DVA,,,,,,,,,,,,
DE,0.26333333333333336,0.1938337245624339,0.15053233229411891,0.127854165761903,0.1080387280139478,0.09317531817531817,0.08313221192191933,0.07486601640528708,0.06827538217154465,0.06361955369045298,0.06088513641357762,0.11704962752216698
DAL,-0.15,-0.30119798230314526,0.029813664596273364,0.02529852256628214,0.027178764388066618,0.025507548152004178,0.024899355877616786,0.023927114902533003,0.020277574362729627,0.024291697462429207,0.0187784812062269,-0.021020478071725756
XRAY,0.1266666666666667,0.10574241516039251,0.09616765757952546,0.08559121436487975,0.07846564866480661,0.07210144927536222,0.06449176325025685,0.06235123567104769,0.05635060337577502,0.056161970272399664,0.05196937482550523,0.0778236362824198
DVN,,,,,,,,,,,,
DXCM,,,,,,,,,,,,
FANG,,,,,,,,,,,,
DLR,-0.01666666666666672,-0.036630193684114166,-0.04555378648703819,-0.07009742736287357,-0.09790849673202613,-0.15654270494079628,-0.3255411255411256,0.004784805207422489,0.002235200807556459,0.003306973400431327,-0.0023313350461508695,-0.06735861427685284
DFS,,,,,,,,,,,,
DG,,,,,,,,,,,,
DLTR,0.07000000000000006,0.06171846737884475,0.06039562289562291,0.05659651247886536,0.05323522853957644,0.04811667901025792,0.04751943504836498,0.04542328042328044,0.043303005238489144,0.03969123534999741,0.03936303453211661,0.05139659099049237
D,0.09000000000000008,0.07807399290982102,0.07434312133692382,0.06849790902136466,0.06066900561785471,0.059440070592819305,0.053607297905230965,0.050024050024049936,0.04989235557813646,0.04483443121077032,0.045121381886087754,0.06131851055300536
DPZ,,,,,,,,,,,,
DOV,0.17333333333333326,0.15009812184460816,0.12764591476425147,0.11534644269299162,0.10118506203157278,0.09376304561568549,0.08538630542617905,0.07750178526766287,0.07161027186490683,0.06951442769483385,0.061306021083123406,0.10242643014719534
DOW,,,,,,,,,,,,
DTE,0.05333333333333338,0.05228072161253191,0.052004299070566994,0.04268462276552657,0.04025312179503341,0.040267721302204094,0.039078315692058586,0.03716025950757559,0.03288447106466726,0.03320799105248947,0.03298687638332062,0.04146743032539162
DUK,0.18000000000000002,0.13782342547015017,0.10387267260324869,0.08760741242350889,0.06688849096555272,0.05960620193293457,0.04750645145247471,0.04258635740117226,0.0315909758728522,0.030833684019587748,0.018049558486015454,0.07330593005704522
DD,,,,,,,,,,,,
EMN,-0.04999999999999997,-0.04932607845229205,-0.06744919042479469,-0.06558149058149061,-0.08430166324903161,-0.09379217273954121,-0.12418745275888128,-0.14431643625192017,-0.19863592772057337,-0.2847790294345419,-0.5217039800995024,-0.15309758379205174
ETN,0.25666666666666665,0.2053948955571081,0.1676754536460554,0.14535466656986248,0.12497869382257794,0.11224601354368084,0.10111711645010435,0.09052092599864088,0.08388828124916466,0.07652970592625767,0.07107433057370116,0.1304951590912564
EBAY,-0.2466666666666667,-0.3254072628542338,-0.5221432519939982,-0.7688084464555054,-0.16666666666666663,-0.3137254901960784,-0.3,0.0,0.0,0.0,0.0,-0.24031070771210447
ECL,0.20999999999999996,0.17339081763860528,0.14412238325281815,0.12485961492586022,0.11079776483334262,0.099446003466104,0.09142899559753152,0.08253049365358134,0.07710819205417045,0.06940736542254562,0.0667895021191643,0.11362555754215668
EIX,0.18666666666666668,0.1535837164252464,0.12873899307656123,0.11464630162713922,0.10190205164526511,0.09181395993623065,0.08230695198240838,0.07691778912251353,0.07115265099795069,0.06621679475824327,0.061940047589488824,0.10326235671161037
EW,,,,,,,,,,,,
EA,,,,,,,,,,,,
ELV,,,,,,,,,,,,
LLY,0.3233333333333333,0.23726259181058587,0.195202181341662,0.1610819566860814,0.1389304102308587,0.12020065855291806,0.10973669472879832,0.09762186970355217,0.08906113237819861,0.08264508868505693,0.07536044541620475,0.14822148753338638
EMR,0.09666666666666675,0.08484215976570704,0.07818202708377912,0.07484653849163163,0.06962151508553993,0.06502884940746652,0.058728386734991846,0.055758306699106676,0.05245235078664708,0.0536055099161894,0.04912513900472618,0.06716885905840474
ENPH,,,,,,,,,,,,
ETR,-0.036666666666666625,-0.06108097247337748,-0.09250148265116893,-0.16545674531155474,-0.30057658325038,0.02387604775209547,0.02817234848484847,0.024608623006792268,0.023732306341001985,0.022837522837522828,0.022160379303236406,-0.0464450202388773
EOG,,,,,,,,,,,,
EPAM,,,,,,,,,,,,
EQT,,,,,,,,,,,,
EFX,,,,,,,,,,,,
EQIX,,,,,,,,,,,,
EQR,0.19333333333333336,0.15473569074449864,0.1261271453472781,0.11041823600573582,0.09864707273402924,0.08613055969029282,0.07835557904938113,0.07428680538353565,0.066533331893544,0.060505821813911474,0.06086775740496512,0.10090375758186414
ESS,,,,,,,,,,,,
EL,0.2066666666666667,0.17354497354497345,0.14121063340033232,0.12695829006866913,0.10802903594547815,0.10059706988610946,0.08776609787921141,0.0823368222548746,0.07519337691992518,0.06877126001763334,0.0667732050084991,0.11253158469021572
ETSY,,,,,,,,,,,,
EG,,,,,,,,,,,,
EVRG,,,,,,,,,,,,
ES,-0.4063333333333334,-0.10653328068097061,-0.20451634647792383,-0.3118266978922717,0.020671834625323033,0.017031630170316243,0.018518518518518528,0.015350877192982448,0.014675052410901538,0.016064257028112428,0.013409961685823793,-0.08304432061386557
EXC,0.11000000000000003,0.09239759819785516,0.07558511063183955,0.06610485494816916,0.061997406768375805,0.05349650349650359,0.05188936271025827,0.04544400087693804,0.04242772654695296,0.04524613804274824,0.03665653896675821,0.06193138556239991
EXPE,,,,,,,,,,,,
EXPD,0.26999999999999996,0.2001062594744832,0.1609864065499275,0.13594029223168302,0.11815820937836086,0.10582405971419646,0.09420608727539419,0.08569033193917863,0.07864373608519393,0.07362907445028655,0.06759224124558923,0.12643424530402667
EXR,,,,,,,,,,,,
XOM,0.17,0.13902814209796066,0.12521394430536992,0.1094812483772385,0.09574544645445071,0.08518407362945173,0.07937653119573602,0.07536833536833543,0.06776507638242246,0.06219352972448955,0.05934529338287412,0.09715469281075718
FFIV,0.15999999999999995,0.06318838374082725,0.011292268636209949,-0.018830807762217756,-0.050150374159325585,-0.08712054229295607,-0.156235000398576,-0.29221577324544346,-0.3345816657137411,-0.0403034613560929,-0.05145544111061351,-0.07240112851472087
FDS,,,,,,,,,,,,
FICO,,,,,,,,,,,,
FAST,,,,,,,,,,,,
FRT,,,,,,,,,,,,
FDX,0.033333333333333326,0.023070405247807974,-0.0008837818036972663,-0.019656642893904935,-0.05262401072231848,-0.10196539874998937,-0.2667296734604427,-0.2553252734599885,0.040132820927723856,0.04101341371062676,0.03565226070466113,-0.04763477701510802
FIS,,,,,,,,,,,,
FITB,0.2866666666666667,0.21818807056966474,0.18039205446496812,0.15011171894649422,0.13222726973467638,0.11665295488824896,0.10312939210772017,0.09456892378935174,0.08532094245643111,0.07954329766760249,0.07240427841743961,0.13810959724629676
FSLR,-0.4000000000000001,-0.5735811581388793,0.07238095238095237,0.057902973395931166,0.05066666666666664,0.043981481481481476,0.037832310838445814,0.03489439853076215,0.03158769742310893,0.028094153378891356,0.02661064425770306,-0.05360271634408512
FE,0.23666666666666666,0.1565453615074349,0.11684102934102931,0.09576744918409814,0.080259445265723,0.06898053213842688,0.06340345883747518,0.05363481243604018,0.048000768935024994,0.04328511190218309,0.03926342216418762,0.09114982348893547
FI,,,,,,,,,,,,
FLT,,,,,,,,,,,,
FMC,0.019999999999999945,-0.04181125399741433,-0.14712766907888852,-0.2567256468797565,0.06829984847959099,0.061909928430028925,0.058364611473698425,0.05204859216138084,0.04826254826254835,0.043797165887815126,0.042212634494513734,-0.0046153855242257276
F,-0.08666666666666667,-0.13358857473385574,-0.199942549588776,-0.3649175412293852,-0.5106169511829889,-0.30126436781609195,0.026455026455026436,0.024509803921568613,0.02283105022831052,0.02136752136752144,0.018741633199464463,-0.1348265105496248
FTNT,-0.02300000000000002,0.20933122107290406,0.16277166090961415,0.12943398419339855,0.10722741813884307,0.09337131693627154,0.08102284889943696,0.07381324986958789,0.0657460303180244,0.05920294176108124,0.0549631343552599,0.09217125513222017
FTV,,,,,,,,,,,,
FOXA,,,,,,,,,,,,
FOX,,,,,,,,,,,,
BEN,,,,,,,,,,,,
FCX,,,,,,,,,,,,
GRMN,0.38333333333333347,0.2509299460759979,0.1962851183723051,0.15830727194600044,0.13468572723373606,0.11464722372480589,0.10481641532924568,0.09419209125091466,0.0829114970332896,0.0786541177382077,0.07196908115681677,0.15188471119951394
IT,,,,,,,,,,,,
GEN,-0.23333333333333328,-0.2768885744358407,0.04319996105919007,0.04521813883516016,0.03887945670628179,0.036160420775805426,0.036612021857923484,0.030061132034277627,0.030096237970253698,0.031089743589743552,0.02707052970441907,-0.01743947865782902
GNRC,,,,,,,,,,,,
GD,0.020000000000000018,0.01614114114114114,0.012443273312838565,0.006699649556792364,0.009948580371115642,0.0038620488286952672,-0.0006908786193125701,0.0025542784163474033,-0.003296795247259676,-0.007372629903025045,-0.004422869471413127,0.005078708944174543
GE,-0.026666666666666655,-0.04666815409787306,-0.06442035507898614,-0.09637533875338744,-0.16171602023391643,-0.30839246350010385,0.01598173515981734,0.020634322104910268,0.01656314699792964,0.016981309289001583,0.01829616923956549,-0.055980210503609934
GIS,0.05999999999999998,0.05030460083651578,0.03333631200603678,0.03172457117884845,0.023521657250470767,0.017843190793478552,0.0036275631458586957,0.0046708778852201744,-0.004653294267898733,-0.009824991141717051,-0.021287782407100386,0.017205700479973912
GM,-0.11333333333333336,-0.1695826843492769,-0.32130124777183605,-0.3224991162955108,-0.014862914862914836,-0.014728153869453253,-0.017849334128403838,-0.021460494139472153,-0.025745441382742967,-0.02388691883372725,-0.036433365292425725,-0.09833481856900883
GPC,0.27,0.19211877879469927,0.14219375146607469,0.11594133073672992,0.09678990822035809,0.08228999893265032,0.07169250164508718,0.06285285141097748,0.055215821812596065,0.04691077517984521,0.044537687352281474,0.10732212777739088
GILD,0.1533333333333334,0.12172146344341998,0.10723205637530879,0.08890146117956028,0.0849572649572649,0.07361247321201558,0.07105700497073604,0.06352071849862832,0.059367440339980426,0.05644813266266239,0.05241916746154033,0.08477913785767731
GPN,,,,,,,,,,,,
GL,,,,,,,,,,,,
GS,-0.05333333333333331,-0.22256585892949532,-0.24505157962604762,0.06640478862701078,0.06428313470567004,0.05626925099541732,0.05225679228746712,0.04784561271276925,0.04634263057150682,0.040404040404040366,0.04076199585525275,-0.009671138702703799
HAL,-0.11333333333333329,-0.24874380220292178,-0.29346171070308996,0.033437087342010896,0.034361836337588526,0.03262551249323117,0.031060486209987914,0.027154549831487646,0.028437212886399294,0.025300235826551647,0.02624253466950092,-0.03790176278568972
HIG,0.19666666666666677,0.15110093743187258,0.12882269012473913,0.11138865302406191,0.09857158915724562,0.08642424702031115,0.08085253543545827,0.07430165989541486,0.0687985083370705,0.062326140160515964,0.06011775268483029,0.10176103453983516
HAS,,,,,,,,,,,,
HCA,,,,,,,,,,,,
PEAK,,,,,,,,,,,,
HSIC,-0.08666666666666667,-0.10219607449813879,-0.1063566540370664,-0.13996205826963556,-0.17157728837460076,-0.2338320087268193,-0.3669102423578126,-0.46759259259259256,-0.26939539860888173,-0.3260536398467433,-0.007751937984496138,-0.20711768745122305
HSY,0.19666666666666668,0.15972529526583487,0.13714011016002683,0.12205796567498702,0.1084695086815181,0.09568151147098525,0.08769279889969546,0.08171708139331708,0.07547480653881407,0.06863896333084944,0.06466987271885453,0.10890314370923175
HES,0.20999999999999996,0.17548488316513397,0.1486065515902432,0.12939323740260308,0.11244841508132208,0.10279991011698342,0.09279357659710226,0.08386357437851233,0.07716272345885766,0.07294866871479784,0.06764138629940859,0.1157402660731786
HPE,,,,,,,,,,,,
HLT,,,,,,,,,,,,
HII,,,,,,,,,,,,
HOLX,,,,,,,,,,,,
HD,0.020000000000000018,0.018703328538660895,0.011567372679010498,0.010441217732884311,-0.0005224231542045876,0.004758225129132117,-0.004816450928018486,-0.013456264080713173,-0.013188861403147012,-0.028553240181147282,-0.032652143178458916,-0.002519930804181964
HON,0.0733333333333334,0.06516095534787107,0.06408995789526768,0.06011111111111115,0.05416704752701936,0.0562144798616259,0.046231472721538935,0.04873495878923636,0.046286511943433396,0.042326567562416706,0.042408765496769675,0.05446046923542033
HRL,0.016666666666666646,-0.004515599343185499,-0.022567389204120308,-0.06046799990899369,-0.10557025279247505,-0.23740587423615211,-0.28362851352542073,0.03786402032016071,0.03412698412698415,0.03371647509578546,0.030642361111111144,-0.051012647426330854
HST,,,,,,,,,,,,
HWM,,,,,,,,,,,,
HPQ,0.12999999999999998,0.11156331542789293,0.10248326699100696,0.0928049516908213,0.08456015505221444,0.07824611128349268,0.07016888631538316,0.069243637950173,0.059737974849915165,0.06102897263460642,0.05578212734422339,0.08323812723088449
HUBB,,,,,,,,,,,,
HUM,,,,,,,,,,,,
JBHT,,,,,,,,,,,,
HBAN,-0.023333333333333355,-0.021116381849796473,-0.02577686045178303,-0.024004916445261076,-0.025149366862850037,-0.030571821007735145,-0.0325990209167778,-0.030785058562836348,-0.03737790165034386,-0.03740031897926632,-0.03948956294846717,-0.02978223118258642
IEX,0.01666666666666672,0.00705291802472167,0.0040422673134294556,-0.005458089668616051,-0.01103612966222082,-0.01592286054311372,-0.024578036342742287,-0.03548338453998826,-0.06131772489321378,-0.07616681722372783,-0.12191769746948011,-0.029465353485298645
IDXX,0.33,0.2219532604147989,0.17341269841269855,0.1401920246470089,0.12221794313034058,0.10737769451037778,0.09597964204402872,0.08885539825974842,0.07887327242165958,0.07324484715097797,0.06798601145957421,0.13637207204101942
ITW,0.05333333333333331,0.05302188414411779,0.040934480620384885,0.043095198812077205,0.0329297312430011,0.032721063155845775,0.030876548579897856,0.0249641233273515,0.029394542766793614,0.021158245546444226,0.025981994787964924,0.035310104210655655
ILMN,-0.4896666666666667,-0.2839743589743589,0.039800995024875586,0.037777777777777764,0.03393213572854292,0.030797101449275388,0.026533996683250443,0.026113671274961597,0.024216524216524205,0.02257636122177953,0.019900497512437793,-0.046544724068327305
INCY,,,,,,,,,,,,
IR,,,,,,,,,,,,
PODD,,,,,,,,,,,,
INTC,0.25666666666666665,0.20369903320722993,0.17129629629629628,0.14416280221511868,0.12592191758858426,0.11179217131823764,0.09933067647659925,0.09273084932708013,0.08365519973401803,0.07718574108818015,0.07164650757328099,0.130735260135572
ICE,0.20999999999999996,0.15361539660277387,0.10979623824451416,0.08586092793775797,0.06924410158478052,0.05083702309720154,0.03588718938036839,0.030511673544956985,0.011337374872239033,-0.0016144919506264992,-0.009119132501485364,0.06785057280113459
IBM,0.13666666666666663,0.12058018609742753,0.10541905541905527,0.09468528284120488,0.08301393991206456,0.07592048506374509,0.07082763175200157,0.06501627327048227,0.06196979552592493,0.05910204925177346,0.0534895866021694,0.08424463203659233
IP,-0.023333333333333317,-0.03019417475728155,-0.031628453850676065,-0.0441425206683422,-0.0400894187779434,-0.05865436712465788,-0.07361795292829783,-0.08871184984565206,-0.13941789435860583,-0.22611137169063988,-0.3197089947089947,-0.09778275745858407
IPG,,,,,,,,,,,,
IFF,-0.12999999999999998,-0.15744888741404428,-0.20129664438874972,-0.2815426353294515,-0.4652747252747254,-0.666147186147186,-0.007751937984496138,-0.011904761904761862,-0.008230452674897118,-0.008438818565400852,-0.012987012987012991,-0.177365732970066
INTU,0.28,0.21590494572402372,0.18182006395800684,0.1518329833002597,0.1318916690785031,0.1150786151289102,0.10447611890147719,0.09342205305269509,0.08758077240495792,0.07942921462949415,0.07367950853540577,0.13773781315579395
ISRG,,,,,,,,,,,,
IVZ,0.2166666666666667,0.14065303959601227,0.10740736931247419,0.08456729766133204,0.07267795569468831,0.06085644834311732,0.05179318136972685,0.048062740546725435,0.040636433622033875,0.03536208602679536,0.03469561182729738,0.08121625733335179
INVH,,,,,,,,,,,,
IQV,,,,,,,,,,,,
IRM,0.3366666666666666,0.23915054593704332,0.18859697275191248,0.15651915862151577,0.13444911380833888,0.11947058760117701,0.10343243072040835,0.09617584438331968,0.085681790877574,0.08056196569177221,0.0734912616740812,0.14674512170307358
SJM,0.10000000000000002,-0.025403608736942102,-0.22108451206072213,0.09133195809570045,0.07796940282097194,0.06590937776094911,0.061078295840140795,0.055933903494879145,0.050462119678877405,0.04457948468643661,0.04330595371391288,0.03128021593583674
JKHY,,,,,,,,,,,,
J,0.27999999999999997,0.18935574229691884,0.13935864295576525,0.11539229102520239,0.09559899156525258,0.08548414003479425,0.07322380827494916,0.06714745052693494,0.05957345257234725,0.056265713907635316,0.05024272026770501,0.11014935940250044
JNJ,0.07000000000000006,0.0665705548274355,0.05485693457262619,0.0565216185484095,0.04924924924924926,0.049101307189542455,0.040685007853270415,0.04360891676214599,0.03805522208883557,0.035990545767082084,0.035571343550067004,0.04911006367351491
JCI,-0.006666666666666672,-0.0357666215339482,-0.06743781921234641,-0.1334125771211864,-0.2946125426835698,0.03383575883575881,0.03122740845513124,0.02901984434680231,0.027126564232536083,0.025484311716195807,0.02098765432098763,-0.03365588048275507
JPM,0.05333333333333331,0.05036822988782541,0.03929750258490409,0.03848006541175638,0.03363712634812377,0.03189832730334907,0.026747156137693445,0.028867811100442304,0.024979143627650673,0.02312152867708424,0.022851054999150782,0.033961934491937594
JNPR,-0.04999999999999997,-0.18866713352007472,-0.24873425250067593,0.06744704570791533,0.06306513409961689,0.05783705409497005,0.0547777025502143,0.04736355226641997,0.04553763440860218,0.04416060113537331,0.04023828023828021,-0.006088580138123495
K,-0.013333333333333345,-0.014359910630918979,-0.015247252747252804,-0.016187339484628988,-0.02121049014566438,-0.015492415492415534,-0.02425032688190591,-0.02132848304529907,-0.022799610935204145,-0.027119152339064295,-0.026722802942315143,-0.019822828907091146
KDP,0.14666666666666664,0.09848484848484851,0.0813145144301665,0.058380248651184595,0.05316488107270397,0.042504789272030684,0.04013151442890842,0.03248993674525583,0.03572545340838026,0.0292200034135518,0.02358769594794441,0.0583336865928765
KEY,-0.043333333333333335,-0.056696218006102805,-0.062267839687194515,-0.08960777547734074,-0.11969023760005042,-0.19237194933580473,-0.33023861184069897,-0.00528895768833848,-0.002068557919621794,-0.007908146383429219,-0.004347087790796437,-0.08307442864206467
KEYS,,,,,,,,,,,,
KMB,0.08333333333333333,0.07079622348819166,0.059594481233038454,0.05859906252063111,0.04702329594477991,0.04609697999189725,0.04222222222222224,0.03836991533687047,0.03736440839631886,0.03464665415884934,0.03333461338248722,0.05012556272805635
KIM,,,,,,,,,,,,
KMI,-0.31,-0.3136975685362782,0.0034831069313828733,-0.001388888888888921,-0.006322444678609022,-0.008658008658008587,-0.016531165311653145,-0.02307277628032352,-0.03280349072775438,-0.032574568288854,-0.052993705167618255,-0.07223268269150958
KLAC,0.19999999999999996,0.16578689401599989,0.14159480432985525,0.12370993191113477,0.10989534537277083,0.09917854478544015,0.08990304783330656,0.08242540313046764,0.07501517223634553,0.07203110546803286,0.06599061115793596,0.11141189638557177
KHC,,,,,,,,,,,,
KR,-0.03333333333333329,-0.14959618020308907,-0.24561887254901957,0.07134371005338742,0.0644060724322865,0.058704060908524903,0.05573516099831884,0.0512334801762114,0.0461970974849936,0.04319510898458264,0.04193775276947428,0.0003821870656670658
LHX,,,,,,,,,,,,
LH,,,,,,,,,,,,
LRCX,0.6033333333333334,0.3777495317706036,0.2725919482978227,0.2117024607710228,0.17672433827465736,0.15094027191945933,0.1304753517030767,0.11541414726932153,0.10347060393461249,0.09315065130713991,0.08577579892210878,0.21102985795483262
LW,,,,,,,,,,,,
LVS,-0.02999999999999999,-0.04411143856689074,-0.05287723832029345,-0.07259424603174602,-0.09876049129038737,-0.13131313131313135,-0.2268476621417798,-0.3372713308197179,-0.017846339987900823,-0.014464802314368383,-0.02068784260719377,-0.09516132030849178
LDOS,-0.20666666666666667,-0.2578634760877751,0.06244314489928512,0.058757430767000164,0.05156250000000003,0.047586980920314215,0.04584368958851148,0.04342261724812054,0.03996659826417592,0.03627692891714903,0.03432648937835259,-0.004031251161048415
LEN,,,,,,,,,,,,
LIN,-0.023333333333333317,-0.1839949324324325,0.11714029070716976,0.1014522719440752,0.08961721884757716,0.0776190970181081,0.06952420585379386,0.06294695332347477,0.05752781101803831,0.052957746478873226,0.04906037456080973,0.04277433672601403
LYV,,,,,,,,,,,,
LKQ,0.3533333333333333,0.2160803036825422,0.15794041584208407,0.12727180642361172,0.10491276335190121,0.09234413655677105,0.08054429560043504,0.07169497494243537,0.0663224009501077,0.059582921592503,0.05610885929357264,0.12601238286993613
LMT,0.27666666666666667,0.21569094838545633,0.1698379604427509,0.1433871114446188,0.12575110344214804,0.11179177666383507,0.09827305859265494,0.090147789248794,0.08152790755914834,0.07679253752783162,0.0697302656637105,0.13269064778523776
L,,,,,,,,,,,,
LOW,0.21333333333333337,0.17502573277820424,0.146579845428084,0.12681252784642183,0.11001398771513722,0.10076074325555966,0.08930357620559648,0.08278531819600403,0.07705056865991693,0.0697996234195352,0.06617900042584794,0.11433129611487645
LULU,0.010333333333333417,0.2256390009943264,0.1661923687094188,0.13118174716765493,0.11167133520074708,0.09477060966566715,0.08293478663849041,0.07434017595307907,0.0663185171997706,0.06030764195712653,0.05574592584641384,0.09813049478782075
LYB,0.013333333333333383,-0.03895790200138031,-0.10329633259246451,-0.2125323624595469,-0.3206115092837084,-0.009606207726461702,-0.01702860631432057,-0.03045851784166261,-0.06044782023894298,-0.08320042530568843,-0.16100993377483452,-0.09307420765506162
MTB,,,,,,,,,,,,
MRO,-0.29666666666666663,-0.343616287094548,-0.01608202914193202,-0.022936128199286143,-0.019692131335462142,-0.029460617186816956,-0.038966049382716084,-0.03809837505489677,-0.058643708278744766,-0.07420117440707703,-0.09231685527099454,-0.09369818381992191
MPC,0.8300000000000001,0.4406724622496106,0.30135018751090176,0.2319210617276187,0.18723211360129968,0.15805035254346897,0.1363710309148097,0.11957703325388251,0.10708306582259992,0.09669927990445475,0.08815499690804418,0.24519196222151732
MKTX,,,,,,,,,,,,
MAR,,,,,,,,,,,,
MMC,0.3233333333333333,0.24554707379134863,0.19450496247881874,0.1625637800414191,0.13840737514518006,0.12407700284938139,0.1102191353271822,0.0981914898672777,0.08938719214546609,0.0830273532414915,0.07573715191605257,0.14954507728517738
MLM,,,,,,,,,,,,
MAS,0.1433333333333333,0.11503323464530368,0.09649288433878771,0.08485819310702584,0.07465312876728743,0.06093935492717165,0.059692746657349804,0.05256856264608204,0.04810226810226803,0.04283565844102122,0.04080341235062309,0.07448297975602307
MA,0.17666666666666667,0.14497262319561963,0.10992780742412556,0.09573478336031187,0.08066639740157584,0.07412631682462408,0.06203340310483171,0.05802528121461181,0.05010843381316913,0.04898820613081659,0.040337118472523525,0.08559882160080694
MTCH,,,,,,,,,,,,
MKC,0.1266666666666667,0.10233542748523927,0.0932175731554683,0.08320199632256371,0.07756340543225788,0.067939456484348,0.06205984309432592,0.060906413847590324,0.05524616309775928,0.050744598256793484,0.05037529977473917,0.07547789487434109
MCD,0.09666666666666668,0.08017867727486601,0.07342594762053523,0.06082799348644422,0.05580981942288932,0.05382434112489424,0.049228149691442624,0.04163911725198325,0.04186644578069706,0.03511285696470886,0.03484715341288277,0.056675197154364566
MCK,,,,,,,,,,,,
MDT,0.0733333333333334,0.06820380887659165,0.06364454640316712,0.05991077681845206,0.05372602956405248,0.055911704753261425,0.04821577753908576,0.05044705469845715,0.04568547156442393,0.04399863411051733,0.04177929957349669,0.054986948839530814
MRK,0.14000000000000004,0.11385323942039001,0.10997820022078326,0.09427102598328545,0.09042659785528155,0.07881032351235732,0.07508286057056883,0.06958569200499998,0.06675925925925925,0.05806598227119338,0.059128561148725924,0.08690561293153137
META,,,,,,,,,,,,
MET,0.51,0.24707555441500392,0.17446668056424164,0.1382510796029682,0.1166753881039595,0.09859911725196706,0.08987113202432122,0.08151061427915647,0.07417976173921104,0.06656417879760494,0.06389447860036095,0.15100799867079956
MTD,,,,,,,,,,,,
MGM,-0.05999999999999998,-0.10303195352214962,-0.18765550140850862,-0.3033164265909244,0.02637485970819305,0.025108225108225152,0.02622265122265118,0.022833091220620494,0.021908742598397774,0.021063975702948934,0.020288520564763674,-0.0445639832177984
MCHP,0.1233333333333333,0.10037092084617731,0.09421405844763513,0.08125388872515311,0.07462662337662336,0.06728633220448521,0.06488565548407525,0.057212829887488846,0.0537757657294334,0.05188566236982709,0.047515848720667865,0.07421462901135455
MU,0.23666666666666666,0.19223342175066316,0.16017501170646864,0.13574054182692916,0.11922856379911129,0.1078183496756991,0.09705309565502758,0.08729275061609365,0.08132915069129772,0.07278002777383663,0.06990400646060031,0.12365650787476308
MSFT,0.26333333333333336,0.20146979853623512,0.16631080847134858,0.1373771156379852,0.12377670955850546,0.1077468429911761,0.09817072773703894,0.08800029851500442,0.07948397068221873,0.07608889190203372,0.06990135642072597,0.1283327139805096
MAA,,,,,,,,,,,,
MRNA,,,,,,,,,,,,
MHK,-0.06999999999999995,-0.16049842689186958,-0.28117623117623114,0.04964102564102565,0.04371002132196159,0.038779342723004685,0.040964360587002036,0.036495354347313734,0.03658604578552397,0.03278819945486607,0.031243172383657408,-0.01831519416579505
MOH,,,,,,,,,,,,
TAP,0.013333333333333345,0.011032802743256761,0.002092692422881052,0.006427059179352823,0.0040916876166953164,0.0016770056203827914,-0.0008651982859794553,-0.005956872887482183,-0.012135158818727251,-0.010414630395629584,-0.014371686681813248,-0.000462633286702691
MDLZ,0.11333333333333336,0.10410120265192724,0.09121108948716732,0.08063270194930539,0.0768750976807732,0.07314359655970233,0.06627060964948235,0.062074521332371756,0.05661293717683232,0.05661657660325218,0.05034208724939071,0.07556488669759437
MPWR,,,,,,,,,,,,
MNST,0.09666666666666672,0.0548702623366026,0.031092916266003006,-0.0011496704988268602,-0.04522461472545932,-0.10308217751676459,-0.2733356955271165,0.05467512352549712,0.04945054945054942,0.04499930206588506,0.042023691928357566,-0.0044557860026005385
MCO,,,,,,,,,,,,
MS,0.17333333333333334,0.13761801016702976,0.11574445335471806,0.10070585782780905,0.08958668727882772,0.08095432468614779,0.07624950130138426,0.06911981699394931,0.061227514502313486,0.0592472391255352,0.05749515865531377,0.09284380883876016
MOS,0.15666666666666673,0.08227848101265826,0.018664648104920006,-0.07365492991356411,-0.23511952871595465,0.08286519432358497,0.0759036363306284,0.06616915422885576,0.06110013175230559,0.055970149253731304,0.05162453125216208,0.03113346675418129
MSI,0.29,0.21551592501780434,0.1801541153001441,0.1485161609365926,0.13010144282634703,0.1149583977050399,0.10284296539483255,0.09324275186943802,0.08637678016337753,0.07653396568490904,0.07378344103541641,0.13745690417580922
MSCI,2.0466666666666664,0.5271428353144523,0.3327678345841351,0.2464228840866395,0.19636693962998683,0.16287237732963145,0.14028383820151955,0.12283548047016472,0.10876370657346894,0.09848425100963028,0.08897349012888167,0.3701436639995616
NDAQ,-0.18633333333333335,0.12289189007592549,0.10144996965922519,0.09000360880548534,0.07756237860451216,0.07101270091041934,0.0627853462098679,0.05999263894000747,0.05264267520308411,0.049861403703293096,0.04539361072451246,0.049751171772999925
NTAP,-0.009999999999999972,-0.022653488656037113,-0.028561437688109554,-0.0443539876375697,-0.051809280544912774,-0.08554170693113061,-0.10895417306707637,-0.19064064427192917,-0.32348297250129715,-0.0006275275414865389,0.002289024361759336,-0.07857601767979905
NFLX,,,,,,,,,,,,
NEM,0.09333333333333334,0.06985490272626708,0.05846930846930857,0.04703832752613235,0.03677063027940212,0.029280748749775338,0.026895706647095802,0.012858078628159686,0.00770112303510891,-0.00013688671695292567,-0.010778547842153818,0.033753338621406954
NWSA,,,,,,,,,,,,
NWS,,,,,,,,,,,,
NEE,0.14333333333333334,0.09526060165375545,0.06909117363067603,0.04134775616333419,0.024780243631134773,-0.003484405458089701,-0.024576928303636336,-0.07721905258738877,-0.15371789177585313,-0.27737047156446065,0.04680990651139901,-0.010522339524163269
NKE,0.1566666666666666,0.1343523732904265,0.11536374736374737,0.1075173795216214,0.0950295520900093,0.08462943325085415,0.08126706403914248,0.07373470713821595,0.0665666842982627,0.06429504492642583,0.060388415739443056,0.09452827893861958
NI,-0.09333333333333327,-0.24440243084731664,-0.27206411698537686,0.04768201306246748,0.046432062561094854,0.04374236874236873,0.040381228912099575,0.03791763791763795,0.03415647110454597,0.03392424682747267,0.030783942169351135,-0.026798173624453494
NDSN,,,,,,,,,,,,
NSC,,,,,,,,,,,,
NTRS,0.24000000000000007,0.17085726695741585,0.12785537918871256,0.10842031061691333,0.09407391032017982,0.08227400171844616,0.07478383458646613,0.06529654867250774,0.06165674509584296,0.05821491681303163,0.053152954730279145,0.10332598806361776
NOC,0.26,0.2036912052660084,0.17358961128310976,0.1441843279832106,0.12763240981924384,0.11318168399713469,0.10168612191958497,0.09228799369644432,0.0834237979090086,0.07798334900104813,0.07326156619698872,0.13190200609743474
NCLH,,,,,,,,,,,,
NRG,-0.036666666666666625,-0.18238726348253734,0.120253164556962,0.10366473079945566,0.0897143267298306,0.08043381286941005,0.06933954933954929,0.0639134172640905,0.0583219583219583,0.05363014717575424,0.04877791546919082,0.04263591748881795
NUE,,,,,,,,,,,,
NVDA,0.71,0.40987289819689027,0.2924098440545808,0.2237919362948305,0.18272661142654148,0.15442700524211128,0.13373166574467646,0.11905978299950815,0.10537381192336055,0.09531932584635243,0.08701781571498841,0.2285209724948946
NVR,,,,,,,,,,,,
NXPI,,,,,,,,,,,,
ORLY,,,,,,,,,,,,
OXY,-0.32666666666666666,-0.48696906035141324,-0.21239784385324287,-0.3365975422427036,-0.4511178861788618,-0.17948717948717952,-0.33055555555555555,0.0,0.0,0.0,0.0,-0.21125379403051117
ODFL,,,,,,,,,,,,
OMC,,,,,,,,,,,,
ON,,,,,,,,,,,,
OKE,,,,,,,,,,,,
ORCL,0.0633333333333334,0.057552965809846514,0.055184614506648466,0.04528866470830754,0.047719406463109536,0.04107666070084141,0.0396800419617099,0.03792577796467619,0.031750625398538235,0.035196861426369574,0.029878253460028925,0.04405338233940088
OTIS,,,,,,,,,,,,
PCAR,0.27666666666666667,0.2027939380880556,0.1563226753061413,0.13497167302030802,0.1131450596987178,0.10247101258826057,0.09063405516022434,0.08023299914141264,0.07767923419543665,0.06931005966093677,0.06633144583750994,0.1245962563057882
PKG,-0.22333333333333336,-0.26884596884596873,0.0577580314422419,0.05227053140096616,0.04782102461743184,0.042318840579710214,0.04115384615384617,0.03845935028730726,0.03612128612128614,0.03274259284700287,0.03233458177278403,-0.010109019723338683
PANW,,,,,,,,,,,,
PARA,0.05333333333333331,0.04686959529574549,0.04032339821573394,0.03169213355970565,0.029440404417096572,0.027257326007326,0.02108079186730875,0.02011494252873554,0.020369929348257543,0.01470500149745435,0.014249188428280046,0.029039640408997928
PH,0.07000000000000002,0.049854745720887515,0.02900730767703234,0.010983835180774504,0.0008100400607091348,-0.01896265591538097,-0.04066754256868318,-0.0710875331564987,-0.13717088608892256,-0.2938745127928666,0.035913771762828395,-0.033199402738192725
PAYX,,,,,,,,,,,,
PAYC,,,,,,,,,,,,
PYPL,,,,,,,,,,,,
PNR,0.05999999999999998,0.04377696528388434,0.034072994012465184,0.021851482412884,0.016575513337171405,0.00560239726906379,-0.002252076834911687,-0.01069244602365782,-0.019262121893700874,-0.03264960318072826,-0.049175766426587976,0.0061679398141710985
PEP,0.08000000000000007,0.07399283160951109,0.06886632608802483,0.06429560292503751,0.06048111761426974,0.05686790013912161,0.053931009735107484,0.050990821204720614,0.048669386169386174,0.046221835332264684,0.04434820081878913,0.05896954833056663
PFE,0.10333333333333343,0.09283663007595473,0.08995047814207642,0.07951594329303309,0.07101134782927014,0.06606189741987256,0.06421294321989272,0.05961376796592196,0.054540539649574026,0.05162168241115609,0.05106460587814402,0.0712511972016572
PCG,0.15666666666666665,0.10052255225522551,0.07246376811594202,0.05495336711463609,0.04310552700044423,0.034363270474381556,0.024350649350649345,0.026513010074653898,0.01743036837376466,0.013216274898517918,0.009358821186778221,0.05026766141015091
PM,0.09666666666666675,0.08408141566036302,0.07962105296664117,0.07319639667010043,0.06778423415114061,0.06091854191340965,0.05927987807459475,0.05575597242263908,0.05077127310538376,0.05226738294285734,0.04601355692264031,0.06603239740876699
PSX,,,,,,,,,,,,
PNW,,,,,,,,,,,,
PXD,,,,,,,,,,,,
PNC,0.05333333333333331,0.05006747638326595,0.03600596933930259,0.03199860115404792,0.028366680857102367,0.01976911976911977,0.014328132686766396,0.011148591299020238,0.013777343214720461,0.003190197666694816,4.359547756353314e-05,0.02382082192553976
POOL,,,,,,,,,,,,
PPG,-0.01999999999999998,-0.020211514854969786,-0.03608630437290872,-0.04352045803658714,-0.06337300376360488,-0.08844998844998837,-0.15424731182795695,-0.31200880758807586,0.020683020683020636,0.017496229260935154,0.017042606516290748,-0.06206141203944047
PPL,0.14000000000000004,0.11747850096908796,0.10640307553284312,0.09247530170799852,0.08647652669391796,0.07914118150469429,0.07062148445372769,0.0695743413840025,0.06452296191875025,0.057195933971340374,0.05592802558715859,0.08543793942941103
PFG,0.25,0.2001087407681832,0.16331981068289392,0.1396152895349624,0.12368421052631584,0.1101800851595766,0.09770457864725708,0.09021674426276201,0.08150300656862353,0.07641969100778183,0.06993791941077543,0.1275172796881029
PG,0.1433333333333333,0.10222862852825558,0.0793539019345471,0.06083850202452331,0.05540606914814106,0.04201524290281725,0.039581561348209636,0.032460552690299495,0.02977236788712201,0.025970786840352072,0.019719907966758782,0.05733462314585087
PGR,,,,,,,,,,,,
PLD,,,,,,,,,,,,
PRU,0.08333333333333341,0.08199260286638917,0.06915206827504365,0.06394796641765654,0.06176949873993746,0.060621534076859517,0.0520308523038131,0.04913154788367491,0.0483875966109469,0.046745830461052996,0.04203870575174077,0.059922866974586216
PTC,,,,,,,,,,,,
PEG,0.006666666666666672,-0.0016117866730588348,0.0006918380920708881,-0.004665242165242185,0.0010861563341016955,-0.00371277558345399,-0.007983991317324671,-0.006279587858535218,-0.008354088833540904,-0.00899769413538846,-0.008524560572215031,-0.0037895514587200038
PSA,,,,,,,,,,,,
PHM,0.4066666666666667,0.23153162255001014,0.1687891651505963,0.13077654372754854,0.10826608839494851,0.09577083095681704,0.08362499028188486,0.07517076313731019,0.06798016449528006,0.06072956411145802,0.05730749443182215,0.13514671762766753
QRVO,,,,,,,,,,,,
QCOM,0.18333333333333335,0.15491966409397598,0.1322276278932626,0.11613867273826968,0.10105520308852182,0.09497366759812298,0.08450492679127253,0.0782527944913433,0.07053821210698863,0.06752932672272134,0.06257081021990858,0.10418583991615643
PWR,,,,,,,,,,,,
DGX,,,,,,,,,,,,
RL,0.1433333333333334,0.12111373475009828,0.10968123236482885,0.09826266689011787,0.08726642333199715,0.08170498084291185,0.0759343853820597,0.06992083241286084,0.06523946386643902,0.0599927995215952,0.05764138310231385,0.08819011234532327
RJF,,,,,,,,,,,,
O,,,,,,,,,,,,
REG,0.38000000000000006,0.2356308690116186,0.17502024863695423,0.13867238142467495,0.11961853233850113,0.1016117797513479,0.0892108788992673,0.08012965073586405,0.07429711454776726,0.06672686800708982,0.061719845219261917,0.1384216516883952
REGN,,,,,,,,,,,,
RF,0.66,0.3485159364468933,0.24688415696523322,0.1936098284456297,0.16201707753232086,0.13773974236159114,0.11949830412474845,0.10631486534864787,0.09581366868942887,0.08723922086743847,0.08009850805484524,0.20343011898516158
RSG,0.2766666666666666,0.21486960257013732,0.17827374282414196,0.1510992149594473,0.12929458847091793,0.11435576289945233,0.10253412634128918,0.09294097938233355,0.08607635347649316,0.07744730509857385,0.0725928975748454,0.13601374911493624
RMD,0.2800000000000001,0.2087372457822366,0.1689771629685494,0.14163258477869625,0.1248483681524984,0.10902477471781769,0.09878258910228377,0.0885147141550758,0.08194579084105628,0.07478216270030869,0.06851819875067429,0.13143305381356338
RVTY,0.4133333333333333,0.2870400562294393,0.21717053077409232,0.17767328967019372,0.14987750361874771,0.12874417250087888,0.11587569970154606,0.10183757208146342,0.09317092513704539,0.08544758441603761,0.07768407511983066,0.16798679478023715
RHI,,,,,,,,,,,,
ROK,0.26333333333333336,0.2022750431509556,0.16682107567770008,0.14412231482994678,0.12354335744138252,0.11144262637467979,0.09709745815560374,0.09111428737705429,0.08342944475818855,0.07638639868248258,0.07143503938849978,0.13009094356089337
ROL,,,,,,,,,,,,
ROP,4.12,0.3902919863597613,0.23300976170845167,0.1715445140035352,0.13953005754874162,0.12094954375458489,0.10569692626932015,0.09271192134945827,0.08567398806809501,0.07674412290218184,0.07215299189963768,0.5098459830785244
ROST,,,,,,,,,,,,
RCL,,,,,,,,,,,,
RTX,0.023333333333333317,0.01053487659339262,-0.0014520159384075655,-0.014991268821455591,-0.028709372529387506,-0.04781040345556472,-0.07675391995878811,-0.1305180600094464,-0.2785303048227453,-0.27637795275590554,0.023919753086419766,-0.07248684866168684
SPGI,0.3966666666666667,0.2701712988687659,0.2150546821599452,0.1719417557406384,0.14502641068167973,0.12705549989725498,0.11504182765071591,0.10013474316690522,0.09145887603976462,0.08371852337906582,0.07765242640665433,0.16308388278709604
CRM,0.12333333333333336,0.09930591113386811,0.0957919926864026,0.08088234088632484,0.07536745218194955,0.06518227968957298,0.06418250723996888,0.05975959852208468,0.05511594770635897,0.05275798682392089,0.04884828596916013,0.07459342147026772
SBAC,,,,,,,,,,,,
SLB,0.24333333333333337,0.13460610909834012,0.08708903615646801,0.0580508751306165,0.03793634242017981,0.011122296939209816,-0.001500826919821378,-0.027751286175145513,-0.06261462305386171,-0.14577554048994812,-0.2837548773504402,0.004612803553539158
STX,0.4566666666666668,0.19105624532293367,0.08113874224989644,-0.03348240211768827,-0.20877015440322477,0.10239673325105521,0.08953094223810172,0.07887936751237505,0.06979819721325382,0.06379517510090753,0.05820931780527746,0.08629262098541403
SRE,0.030000000000000027,0.02672221513123274,0.026841693791101906,0.02074389730639729,0.01904183306679519,0.013030696724375623,0.017807721972687318,0.01084585973194189,0.013851178085497887,0.004703358911625766,0.00770307118254876,0.017390138718564038
NOW,,,,,,,,,,,,
SHW,0.26666666666666666,0.1829846408831108,0.14609685808851647,0.11364443351906477,0.09987380904157388,0.08122377579605378,0.07538464808102274,0.06606352545438836,0.05648220013703864,0.05379434719845807,0.04597526264992102,0.1080172879559832
SPG,0.10333333333333335,0.0878124834839596,0.08474507115811451,0.0713914396941749,0.06837829110779932,0.06337080805115154,0.05663136666758306,0.05788719365154349,0.050935960591133034,0.047314830537788545,0.047080840045084615,0.06717105621106055
SWKS,,,,,,,,,,,,
AOS,,,,,,,,,,,,
SNA,,,,,,,,,,,,
SO,0.06666666666666672,0.06748473012438853,0.056224107766083886,0.05228365384615382,0.05369597960838838,0.04877252662904471,0.045157874868019844,0.040623570520075925,0.03858936643467029,0.04157395501579416,0.034997517960179504,0.04964272267631507
LUV,-0.04666666666666671,-0.2292848282143081,0.09168609168609161,0.07846027846027843,0.07194684850074307,0.0648860398860398,0.05764566696243715,0.054373700167881976,0.049032838506522625,0.04680123415486418,0.04266471924699763,0.02559508388098924
SWK,0.07333333333333332,-0.023503431259156438,-0.2133180204671191,0.10088907206782845,0.08759032219853109,0.0788709584128638,0.06919931919931921,0.062681501896161,0.05839105833396766,0.05267123581526049,0.048810428614201186,0.035965070740471894
SBUX,0.3066666666666667,0.2275973362152058,0.17449340591994766,0.15156527913662754,0.1290508883214049,0.11447733840601937,0.10125289712695751,0.08954012452543081,0.08373506303787615,0.07771481125321363,0.07136245717980964,0.13885966070810543
STT,0.07666666666666666,0.06528649195527263,0.056806418219461606,0.055144657728490566,0.04453516744452635,0.0401726933351797,0.036480146911313106,0.03329960306704501,0.030519248931854648,0.029282948427207245,0.027848918006750083,0.045094814608524325
STLD,,,,,,,,,,,,
STE,,,,,,,,,,,,
SYK,-0.05666666666666672,-0.22155809567500062,0.09255823541537822,0.08534711181770005,0.071842132666875,0.06633228946542087,0.05888465291965931,0.055342153933703266,0.04991003558143303,0.048852724369490584,0.043241806235995606,0.026735125460362597
SYF,,,,,,,,,,,,
SNPS,0.00033333333333333365,0.21986572406740468,0.1652166624759032,0.13246124031007755,0.11157693604585812,0.09557469083870829,0.08191163604549427,0.07443937361970154,0.06632139318793517,0.06090225647862487,0.055803671871484495,0.09676426529768416
SYY,-0.02999999999999999,-0.03311405243406192,-0.03641760557935895,-0.04164321659648762,-0.04570707070707062,-0.048813145948034396,-0.0663980205019441,-0.0720008725565997,-0.09566362430139515,-0.11934526037378042,-0.17288786482334884,-0.06927188489291651
TROW,,,,,,,,,,,,
TMUS,0.5033333333333333,0.3142528429241331,0.23708408953418028,0.18652819993245515,0.15900808603494884,0.1356235812171743,0.1182492874645289,0.10628101924728457,0.09475359639792395,0.08753415670342579,0.08042587756691155,0.18391582457784542
TTWO,,,,,,,,,,,,
TPR,,,,,,,,,,,,
TRGP,,,,,,,,,,,,
TGT,0.01666666666666668,-0.009742148892077104,-0.05006684791874161,-0.1014749566721302,-0.25661881977671447,-0.27330930024591993,0.03842121492445272,0.03697078115682769,0.032936507936507896,0.033499251564500655,0.02782822085889573,-0.045899039127066554
TEL,0.029999999999999954,0.005369952028386971,0.003467817918465547,-0.012571790349568198,-0.015769832671241064,-0.0300149582742875,-0.0413165266106443,-0.04581224345899115,-0.05963808893302447,-0.09009061114324272,-0.09977582015092674,-0.03237746378591578
TDY,,,,,,,,,,,,
TFX,-0.15000000000000002,-0.19528332628760658,-0.2624238506591448,-0.42967752234993606,-0.5210821781750657,-0.352049427365883,-0.018018018018018018,-0.019047619047619053,-0.020202020202020183,-0.026881720430107503,-0.023391812865497113,-0.18345977230917254
TER,,,,,,,,,,,,
TSLA,7.4766666666666675,0.5724477370798562,0.3334553599335079,0.23695086010211863,0.18787603814968445,0.1541185446137685,0.1335659382731611,0.11506294656545817,0.10421762517729549,0.09256272998290223,0.0855090385240483,0.8629484986425879
TXN,-0.0433333333333333,-0.07545769184866931,-0.1370699526529772,-0.2817638397597216,-0.29388514711095354,0.018150388936905754,0.01797819039198356,0.01596638655462183,0.010174029451137915,0.011011904761904723,0.011143568105593396,-0.0679168633185007
TXT,0.003333333333333336,-0.04923755073291125,-0.15590052308802313,-0.2616362680192467,0.06262785208497242,0.057243041858426436,0.05271179510055387,0.047153848609647886,0.04561403508771922,0.04269125683060104,0.04012066365007535,-0.010479865025895605
TMO,0.17333333333333334,0.14353245705365048,0.12394333767932857,0.10456686483633566,0.0906448806299942,0.0830050866202147,0.07393769461867117,0.06912401545431728,0.06641325062927006,0.059269061446957316,0.054402397855024175,0.09474294365064517
TJX,0.12666666666666668,0.08428303578707093,0.04486200668018858,0.02071989602507936,-0.008697426493721258,-0.041222143195827364,-0.11108606190731803,-0.27588186062608777,0.05022118136872241,0.04820055208656249,0.042535023177574884,-0.0017635573119171993
TSCO,,,,,,,,,,,,
TT,,,,,,,,,,,,
TDG,,,,,,,,,,,,
TRV,0.2933333333333333,0.19003551551531891,0.15221930338209408,0.12259112549810232,0.10604947442224393,0.09405924522522047,0.0862408526921467,0.07432632096207614,0.07211185527096468,0.06526091846180145,0.06218906271560831,0.11985609158899184
TRMB,,,,,,,,,,,,
TFC,,,,,,,,,,,,
TYL,,,,,,,,,,,,
TSN,0.05999999999999998,0.01858630111173924,-0.021664383952519572,-0.09927443662383421,-0.2599540640796479,0.06455026455026454,0.05738329814684495,0.054142739950779305,0.050058479532163615,0.046549281521959175,0.04478337754199827,0.0013782597908861272
UDR,,,,,,,,,,,,
ULTA,,,,,,,,,,,,
UNP,,,,,,,,,,,,
UAL,-0.38966666666666666,-0.11365369946605645,-0.24282094594594592,-0.29491392801251953,0.02991452991452988,0.027450980392156838,0.02717391304347827,0.02345058626465657,0.021909233176838832,0.020558002936857573,0.019363762102351245,-0.0792031120236654
UPS,0.01666666666666668,0.017653349629516518,0.01188780355447013,0.009474069485894502,0.011162379781833506,0.007414807414807452,0.004891252212890958,-0.0005536905918716769,0.0019425051045019275,-0.006100046280132905,-0.00956791585664222,0.0058973801019940805
URI,,,,,,,,,,,,
UNH,,,,,,,,,,,,
UHS,,,,,,,,,,,,
USB,0.18666666666666662,0.10918199642026238,0.07046274998402662,0.05364592470073263,0.0357757167927664,0.030934634394418643,0.023719084304920385,0.013719372900764118,0.013093767398892528,0.009063641105894563,0.005534189537699426,0.05016343129154949
VFC,0.10666666666666669,0.09695176883794525,0.08429622434924548,0.07891759809469907,0.07038617108056407,0.06483373840035352,0.062410332722832695,0.05691401986506558,0.052544240700162836,0.052508416427044624,0.048008670494883145,0.07040344069449664
VLO,0.25000000000000006,0.13583333333333325,0.08017386688069812,0.04477828465558523,0.021203889262852327,-0.019766397124887702,-0.06391020176186409,-0.160435283046748,-0.271597343409606,0.05036147785792126,0.04770718440734304,0.010395346459511581
VTR,,,,,,,,,,,,
VRSN,,,,,,,,,,,,
VRSK,0.07000000000000002,0.050420017633132384,0.02361181359277224,0.009985042446435463,-0.014371918357986346,-0.04274466657302933,-0.10719979998797395,-0.23516726702112178,-0.2709726443768996,0.04270802134291777,0.041122868900646724,-0.03932804840010059
VZ,-0.013333333333333308,-0.01401882266152521,-0.02867131520861055,-0.04067736973029586,-0.052095995013246056,-0.06432060003488578,-0.0994102382637414,-0.15416210295728372,-0.31713354474982375,0.010174880763116012,0.007352486870559227,-0.06966326857446094
VRTX,,,,,,,,,,,,
VTRS,,,,,,,,,,,,
VICI,,,,,,,,,,,,
V,-0.08666666666666667,-0.21136609736487186,0.10644376422572795,0.08977861846714304,0.08063492063492061,0.06874296110196661,0.06509433962264148,0.05813375096651555,0.053166666666666584,0.049493909761537225,0.046956252419666944,0.02912840180320431
VMC,,,,,,,,,,,,
WRB,,,,,,,,,,,,
WAB,-0.18666666666666668,-0.22169147666603853,0.09132996632996633,0.0824649951155975,0.07133032452181398,0.06597386652635273,0.05854629165668138,0.053797293565313486,0.0497637927682227,0.04629490592223514,0.04327950251250279,0.014038435962361892
WBA,-0.04,-0.05551392171557046,-0.07062289562289555,-0.10687338501291983,-0.16831248805669263,-0.3308084599081597,-0.0025098178167537824,-0.005528659374813172,-0.0050981469609548595,-0.011509269627970609,-0.015216265216265215,-0.07381757357390872
WMT,0.17666666666666675,0.13937700340372086,0.12448029759800712,0.10735398860398855,0.09529938101366686,0.08706436961802948,0.08087629044550686,0.07343299887323866,0.06745762185105268,0.06372272143774065,0.06061424968235,0.0978495990176335
DIS,,,,,,,,,,,,
WBD,,,,,,,,,,,,
WM,0.25,0.1946536951698242,0.1651253569227702,0.141724855680991,0.12416408623305175,0.11041581573361288,0.09940899512817054,0.08924885743771194,0.08415466059615302,0.07762152996646703,0.06914650344409974,0.12778766875571387
WAT,,,,,,,,,,,,
WEC,-0.026666666666666616,-0.045373569906719445,-0.08042985738126122,-0.1430052702445647,-0.3014307156924607,0.02801932367149762,0.028192823644890435,0.024620641141593902,0.023288439955106616,0.02210572302315413,0.022549822549822556,-0.04073902780960068
WFC,0.053333333333333344,0.041762318377515394,0.03156497574594497,0.019562225853616628,0.013601334253508143,0.007416858495374508,-0.004543340025449427,-0.014592019058963604,-0.033193557236352235,-0.040793014080787095,-0.08298362711233183,-0.0008058646776900996
WELL,,,,,,,,,,,,
WST,,,,,,,,,,,,
WDC,0.12666666666666668,-0.2299846772059592,0.0007787091750263153,-0.11417989417989412,-0.2598813098813099,0.058168316831683185,0.04987706357569369,0.043385273449434734,0.0381184103811841,0.034449296458030076,0.031002638522427423,-0.020145409655183365
WRK,,,,,,,,,,,,
WY,-0.006666666666666636,-0.0036395952966913336,-0.01404691670178393,-0.01217954612798744,-0.023342670401493886,-0.023499702911467635,-0.03689356207341824,-0.041277860628379494,-0.060916179337231924,-0.0804701627486439,-0.11800699300699298,-0.03826725962734158
WHR,0.24666666666666667,0.19454083733462882,0.16470027193400782,0.13945606127452903,0.12384559344945267,0.11012783683725817,0.09655795851160225,0.09040055036111953,0.08189456874126184,0.07659832388971877,0.07113610861037072,0.12690225251005602
WMB,,,,,,,,,,,,
WTW,0.09333333333333342,0.08514291691861782,0.08117869811139873,0.07232866042136503,0.06735602696671854,0.06303250090261536,0.06123347271240168,0.05601342838987877,0.05279276986378608,0.0501140333150496,0.047696505792161815,0.06638384970248425
GWW,0.2933333333333334,0.22719734660033172,0.18214050906358606,0.15316020826220553,0.132885594347577,0.11836830302565837,0.10463849728138401,0.09563767351073849,0.08634781953244557,0.08026476127889626,0.0724074573854739,0.14058013669287547
WYNN,,,,,,,,,,,,
XEL,0.006666666666666672,0.011105099196589677,0.002152817942291533,0.005959052564875981,0.001626949947363343,-0.0044881588999236,-0.0035631579749227185,-0.004344941956882213,-0.011593030701310866,-0.005524617516011188,-0.01526965562053284,-0.0015702705774360219
XYL,,,,,,,,,,,,
YUM,,,,,,,,,,,,
ZBRA,0.5166666666666667,0.2615131745518793,0.18021326342161706,0.1369986538427516,0.11845041321517151,0.09994794291183758,0.0877817722172763,0.07967807420230015,0.0709351973296272,0.064903359730946,0.06061521595164857,0.15251852127652019
ZBH,-0.08,-0.13121229204180784,-0.2880292346823787,-0.2951612903225806,0.02343826615671274,0.022252747252747247,0.02119262119262122,0.020238671182067458,0.019375427399133782,0.01859029572207871,0.014814814814814762,-0.059499997575144646
ZION,,,,,,,,,,,,
ZTS,,,,,,,,,,,,
